{"type":"FeatureCollection","features":[{"type":"Feature","properties":{"codarea":"3100104"},"geometry":{"type":"Polygon","coordinates":[[[-47.45,-18.47],[-47.51,-18.4],[-47.58,-18.41],[-47.68,-18.36],[-47.61,-18.32],[-47.63,-18.29],[-47.57,-18.21],[-47.45,-18.16],[-47.41,-18.22],[-47.37,-18.22],[-47.36,-18.35],[-47.31,-18.42],[-47.33,-18.54],[-47.3,-18.55],[-47.33,-18.59],[-47.37,-18.54],[-47.45,-18.51],[-47.45,-18.47]]]}},{"type":"Feature","properties":{"codarea":"3100203"},"geometry":{"type":"Polygon","coordinates":[[[-45.65,-19.2],[-45.63,-19.15],[-45.66,-19.11],[-45.65,-18.96],[-45.41,-19.01],[-45.24,-18.91],[-45.21,-18.93],[-45.18,-18.88],[-45.12,-18.89],[-45.12,-19.06],[-45.08,-19.09],[-45.1,-19.15],[-45.14,-19.21],[-45.19,-19.24],[-45.21,-19.22],[-45.24,-19.27],[-45.33,-19.32],[-45.4,-19.27],[-45.52,-19.25],[-45.5,-19.22],[-45.53,-19.2],[-45.63,-19.23],[-45.65,-19.2]]]}},{"type":"Feature","properties":{"codarea":"3100302"},"geometry":{"type":"Polygon","coordinates":[[[-42.43,-20.44],[-42.53,-20.43],[-42.51,-20.37],[-42.56,-20.34],[-42.56,-20.27],[-42.38,-20.12],[-42.31,-20.14],[-42.31,-20.2],[-42.41,-20.32],[-42.43,-20.44]]]}},{"type":"Feature","properties":{"codarea":"3100401"},"geometry":{"type":"Polygon","coordinates":[[[-43.13,-20.34],[-43.02,-20.41],[-43.04,-20.45],[-43.12,-20.45],[-43.17,-20.4],[-43.13,-20.34]]]}},{"type":"Feature","properties":{"codarea":"3100500"},"geometry":{"type":"Polygon","coordinates":[[[-42.52,-19.16],[-42.57,-19.17],[-42.62,-19.12],[-42.66,-19.13],[-42.59,-19.02],[-42.62,-18.99],[-42.56,-18.94],[-42.48,-18.96],[-42.36,-18.93],[-42.35,-18.96],[-42.21,-18.98],[-42.3,-19.08],[-42.35,-19.09],[-42.35,-19.15],[-42.4,-19.19],[-42.35,-19.22],[-42.52,-19.16]]]}},{"type":"Feature","properties":{"codarea":"3100609"},"geometry":{"type":"Polygon","coordinates":[[[-42.42,-18.01],[-42.46,-17.92],[-42.49,-17.93],[-42.47,-17.84],[-42.38,-17.8],[-42.37,-17.77],[-42.27,-17.79],[-42.28,-17.85],[-42.25,-17.91],[-42.06,-18.1],[-42.05,-18.2],[-42.09,-18.21],[-42.07,-18.26],[-42.15,-18.23],[-42.25,-18.23],[-42.3,-18.17],[-42.36,-18.17],[-42.42,-18.1],[-42.42,-18.01]]]}},{"type":"Feature","properties":{"codarea":"3100708"},"geometry":{"type":"Polygon","coordinates":[[[-48.15,-19.88],[-48.11,-19.84],[-48.01,-19.91],[-48.04,-19.95],[-47.98,-20.04],[-48.02,-20.12],[-48.08,-20.15],[-48.18,-20.1],[-48.2,-20.05],[-48.13,-19.98],[-48.17,-19.95],[-48.15,-19.88]]]}},{"type":"Feature","properties":{"codarea":"3100807"},"geometry":{"type":"Polygon","coordinates":[[[-45.54,-20.94],[-45.38,-20.9],[-45.34,-21.07],[-45.39,-21.08],[-45.42,-21.02],[-45.47,-21.02],[-45.54,-20.94]]]}},{"type":"Feature","properties":{"codarea":"3100906"},"geometry":{"type":"Polygon","coordinates":[[[-40.8,-17.14],[-40.84,-17.11],[-40.97,-17.17],[-41.03,-17.13],[-41.06,-17.16],[-41.19,-17.04],[-41.09,-16.94],[-41.06,-16.96],[-40.97,-16.9],[-40.88,-16.96],[-40.8,-16.97],[-40.77,-17.1],[-40.8,-17.14]]]}},{"type":"Feature","properties":{"codarea":"3101003"},"geometry":{"type":"Polygon","coordinates":[[[-41.36,-15.49],[-41.34,-15.64],[-41.42,-15.64],[-41.43,-15.71],[-41.34,-15.8],[-41.46,-15.88],[-41.49,-15.86],[-41.53,-15.91],[-41.59,-15.9],[-41.63,-15.97],[-41.62,-15.94],[-41.65,-15.9],[-41.59,-15.86],[-41.6,-15.79],[-41.7,-15.8],[-41.64,-15.75],[-41.67,-15.67],[-41.6,-15.63],[-41.75,-15.59],[-41.71,-15.58],[-41.7,-15.51],[-41.5,-15.53],[-41.45,-15.49],[-41.36,-15.49]]]}},{"type":"Feature","properties":{"codarea":"3101102"},"geometry":{"type":"Polygon","coordinates":[[[-40.97,-19.42],[-40.94,-19.46],[-41.04,-19.52],[-41.04,-19.57],[-41.17,-19.67],[-41.19,-19.89],[-41.24,-19.94],[-41.3,-19.94],[-41.29,-19.86],[-41.39,-19.75],[-41.36,-19.63],[-41.43,-19.54],[-41.35,-19.49],[-41.26,-19.5],[-41.03,-19.38],[-40.97,-19.42]]]}},{"type":"Feature","properties":{"codarea":"3101201"},"geometry":{"type":"Polygon","coordinates":[[[-44.54,-22.13],[-44.56,-22.16],[-44.68,-22.14],[-44.67,-22.09],[-44.76,-21.94],[-44.75,-21.82],[-44.69,-21.74],[-44.58,-21.84],[-44.6,-21.87],[-44.56,-21.9],[-44.56,-21.97],[-44.58,-22.03],[-44.53,-22.08],[-44.54,-22.13]]]}},{"type":"Feature","properties":{"codarea":"3101300"},"geometry":{"type":"Polygon","coordinates":[[[-44.56,-22.16],[-44.61,-22.23],[-44.77,-22.2],[-44.66,-22.13],[-44.56,-22.16]]]}},{"type":"Feature","properties":{"codarea":"3101409"},"geometry":{"type":"Polygon","coordinates":[[[-46.53,-22.19],[-46.58,-22.22],[-46.68,-22.22],[-46.67,-22.18],[-46.53,-22.19]]]}},{"type":"Feature","properties":{"codarea":"3101508"},"geometry":{"type":"Polygon","coordinates":[[[-42.91,-21.99],[-42.92,-21.93],[-42.88,-21.83],[-42.78,-21.84],[-42.73,-21.66],[-42.62,-21.7],[-42.64,-21.76],[-42.61,-21.85],[-42.91,-21.99]]]}},{"type":"Feature","properties":{"codarea":"3101607"},"geometry":{"type":"Polygon","coordinates":[[[-45.98,-21.53],[-46.06,-21.49],[-46.14,-21.5],[-46.19,-21.47],[-46.14,-21.42],[-46.04,-21.39],[-46.01,-21.32],[-46.06,-21.31],[-46.02,-21.25],[-46.04,-21.19],[-45.97,-21.14],[-45.95,-21.16],[-45.95,-21.23],[-45.83,-21.32],[-45.85,-21.59],[-45.98,-21.53]]]}},{"type":"Feature","properties":{"codarea":"3101631"},"geometry":{"type":"Polygon","coordinates":[[[-43.83,-21.15],[-43.81,-21.11],[-43.72,-21.13],[-43.66,-21.09],[-43.6,-21.11],[-43.71,-21.19],[-43.83,-21.15]]]}},{"type":"Feature","properties":{"codarea":"3101706"},"geometry":{"type":"Polygon","coordinates":[[[-40.97,-16.09],[-40.94,-16.1],[-40.91,-16.05],[-40.92,-15.97],[-40.98,-15.94],[-40.96,-15.88],[-41.0,-15.86],[-41.01,-15.83],[-40.96,-15.81],[-40.79,-15.84],[-40.72,-15.9],[-40.68,-16.01],[-40.65,-15.92],[-40.52,-15.95],[-40.49,-16.01],[-40.43,-16.05],[-40.42,-16.12],[-40.55,-16.27],[-40.64,-16.44],[-40.67,-16.45],[-40.64,-16.37],[-40.75,-16.23],[-40.77,-16.27],[-40.87,-16.24],[-40.96,-16.26],[-40.99,-16.21],[-40.96,-16.18],[-40.99,-16.14],[-40.97,-16.09]]]}},{"type":"Feature","properties":{"codarea":"3101805"},"geometry":{"type":"Polygon","coordinates":[[[-41.89,-18.93],[-42.05,-19.04],[-42.13,-19.02],[-42.02,-18.93],[-41.89,-18.93]]]}},{"type":"Feature","properties":{"codarea":"3101904"},"geometry":{"type":"Polygon","coordinates":[[[-46.46,-20.97],[-46.53,-20.93],[-46.41,-20.81],[-46.38,-20.69],[-46.4,-20.67],[-46.34,-20.71],[-46.26,-20.91],[-46.36,-20.99],[-46.46,-20.97]]]}},{"type":"Feature","properties":{"codarea":"3102001"},"geometry":{"type":"Polygon","coordinates":[[[-46.24,-21.26],[-46.35,-21.18],[-46.29,-21.15],[-46.18,-21.2],[-46.15,-21.15],[-46.07,-21.15],[-46.02,-21.25],[-46.06,-21.31],[-46.12,-21.32],[-46.24,-21.26]]]}},{"type":"Feature","properties":{"codarea":"3102050"},"geometry":{"type":"Polygon","coordinates":[[[-41.84,-20.41],[-41.8,-20.42],[-41.8,-20.48],[-41.96,-20.5],[-41.84,-20.41]]]}},{"type":"Feature","properties":{"codarea":"3102100"},"geometry":{"type":"Polygon","coordinates":[[[-43.42,-21.16],[-43.5,-21.11],[-43.58,-20.95],[-43.24,-20.97],[-43.24,-21.08],[-43.27,-21.06],[-43.35,-21.09],[-43.36,-21.15],[-43.42,-21.16]]]}},{"type":"Feature","properties":{"codarea":"3102209"},"geometry":{"type":"Polygon","coordinates":[[[-41.82,-19.43],[-41.7,-19.33],[-41.68,-19.38],[-41.57,-19.34],[-41.56,-19.37],[-41.57,-19.43],[-41.64,-19.42],[-41.7,-19.5],[-41.76,-19.51],[-41.82,-19.43]]]}},{"type":"Feature","properties":{"codarea":"3102308"},"geometry":{"type":"Polygon","coordinates":[[[-43.02,-20.01],[-42.95,-20.01],[-42.93,-20.03],[-43.06,-20.19],[-43.15,-20.17],[-43.29,-20.21],[-43.36,-20.2],[-43.29,-20.05],[-43.13,-20.06],[-43.02,-20.01]]]}},{"type":"Feature","properties":{"codarea":"3102407"},"geometry":{"type":"Polygon","coordinates":[[[-43.49,-18.75],[-43.43,-18.76],[-43.34,-18.67],[-43.23,-18.74],[-43.27,-18.8],[-43.33,-18.81],[-43.31,-18.87],[-43.43,-18.88],[-43.52,-18.78],[-43.49,-18.75]]]}},{"type":"Feature","properties":{"codarea":"3102506"},"geometry":{"type":"Polygon","coordinates":[[[-42.76,-20.46],[-42.73,-20.54],[-42.8,-20.61],[-42.87,-20.56],[-42.87,-20.53],[-42.84,-20.49],[-42.76,-20.46]]]}},{"type":"Feature","properties":{"codarea":"3102605"},"geometry":{"type":"Polygon","coordinates":[[[-46.65,-22.18],[-46.61,-22.15],[-46.62,-22.11],[-46.72,-22.08],[-46.66,-22.07],[-46.69,-22.04],[-46.57,-21.93],[-46.44,-22.04],[-46.43,-22.15],[-46.49,-22.18],[-46.65,-22.18]]]}},{"type":"Feature","properties":{"codarea":"3102704"},"geometry":{"type":"Polygon","coordinates":[[[-41.46,-16.05],[-41.48,-16.09],[-41.54,-16.11],[-41.55,-16.07],[-41.68,-16.11],[-41.71,-16.09],[-41.7,-16.04],[-41.59,-15.9],[-41.53,-15.91],[-41.49,-15.86],[-41.43,-15.87],[-41.38,-15.81],[-41.29,-15.84],[-41.3,-15.93],[-41.4,-15.96],[-41.46,-16.05]]]}},{"type":"Feature","properties":{"codarea":"3102803"},"geometry":{"type":"Polygon","coordinates":[[[-44.22,-21.57],[-44.16,-21.59],[-44.14,-21.66],[-44.08,-21.66],[-44.09,-21.8],[-44.23,-21.84],[-44.23,-21.89],[-44.27,-21.89],[-44.29,-21.93],[-44.32,-21.92],[-44.33,-21.87],[-44.44,-21.87],[-44.46,-21.8],[-44.5,-21.77],[-44.35,-21.69],[-44.4,-21.62],[-44.39,-21.59],[-44.27,-21.58],[-44.24,-21.61],[-44.22,-21.57]]]}},{"type":"Feature","properties":{"codarea":"3102852"},"geometry":{"type":"Polygon","coordinates":[[[-42.29,-17.6],[-42.25,-17.62],[-42.21,-17.74],[-42.21,-17.77],[-42.27,-17.79],[-42.32,-17.78],[-42.3,-17.73],[-42.37,-17.68],[-42.28,-17.63],[-42.29,-17.6]]]}},{"type":"Feature","properties":{"codarea":"3102902"},"geometry":{"type":"Polygon","coordinates":[[[-43.82,-21.51],[-43.89,-21.38],[-43.89,-21.32],[-43.79,-21.28],[-43.63,-21.38],[-43.71,-21.41],[-43.65,-21.5],[-43.68,-21.57],[-43.71,-21.59],[-43.74,-21.53],[-43.82,-21.51]]]}},{"type":"Feature","properties":{"codarea":"3103009"},"geometry":{"type":"Polygon","coordinates":[[[-42.88,-19.43],[-42.77,-19.41],[-42.74,-19.51],[-42.67,-19.53],[-42.78,-19.62],[-42.8,-19.71],[-42.91,-19.75],[-43.0,-19.63],[-43.01,-19.58],[-43.04,-19.56],[-43.06,-19.47],[-43.05,-19.42],[-42.97,-19.53],[-42.91,-19.51],[-42.88,-19.43]]]}},{"type":"Feature","properties":{"codarea":"3103108"},"geometry":{"type":"Polygon","coordinates":[[[-42.08,-21.02],[-42.12,-21.07],[-42.22,-21.02],[-42.16,-20.97],[-42.08,-21.02]]]}},{"type":"Feature","properties":{"codarea":"3103207"},"geometry":{"type":"Polygon","coordinates":[[[-44.27,-19.34],[-44.24,-19.27],[-44.3,-19.24],[-44.3,-19.21],[-44.24,-19.16],[-44.18,-19.16],[-44.14,-19.24],[-44.16,-19.29],[-44.27,-19.34]]]}},{"type":"Feature","properties":{"codarea":"3103306"},"geometry":{"type":"Polygon","coordinates":[[[-43.37,-21.28],[-43.32,-21.3],[-43.35,-21.36],[-43.47,-21.41],[-43.47,-21.37],[-43.37,-21.28]]]}},{"type":"Feature","properties":{"codarea":"3103405"},"geometry":{"type":"Polygon","coordinates":[[[-42.04,-16.58],[-42.01,-16.58],[-41.97,-16.64],[-41.9,-16.68],[-41.9,-16.81],[-41.8,-16.81],[-41.74,-16.9],[-41.71,-16.89],[-41.63,-16.94],[-41.67,-16.99],[-41.75,-16.99],[-41.81,-17.06],[-41.84,-17.03],[-41.87,-17.11],[-41.96,-17.09],[-41.95,-17.19],[-42.06,-17.18],[-42.08,-17.21],[-42.17,-17.17],[-42.26,-16.99],[-42.17,-16.93],[-42.19,-16.85],[-42.14,-16.78],[-42.17,-16.77],[-42.09,-16.73],[-42.04,-16.58]]]}},{"type":"Feature","properties":{"codarea":"3103504"},"geometry":{"type":"Polygon","coordinates":[[[-48.52,-18.59],[-48.6,-18.48],[-48.59,-18.41],[-48.65,-18.34],[-48.56,-18.32],[-48.52,-18.37],[-48.34,-18.37],[-48.27,-18.33],[-48.09,-18.43],[-48.05,-18.42],[-47.95,-18.5],[-47.97,-18.64],[-47.89,-18.66],[-47.87,-18.83],[-48.06,-18.89],[-48.17,-18.78],[-48.26,-18.78],[-48.26,-18.74],[-48.31,-18.73],[-48.33,-18.64],[-48.44,-18.66],[-48.52,-18.59]]]}},{"type":"Feature","properties":{"codarea":"3103603"},"geometry":{"type":"Polygon","coordinates":[[[-44.17,-21.83],[-44.17,-21.88],[-44.26,-21.98],[-44.29,-21.93],[-44.27,-21.89],[-44.23,-21.89],[-44.23,-21.84],[-44.17,-21.83]]]}},{"type":"Feature","properties":{"codarea":"3103702"},"geometry":{"type":"Polygon","coordinates":[[[-42.65,-20.76],[-42.59,-20.75],[-42.56,-20.6],[-42.49,-20.56],[-42.38,-20.59],[-42.48,-20.72],[-42.48,-20.76],[-42.65,-20.76]]]}},{"type":"Feature","properties":{"codarea":"3103751"},"geometry":{"type":"Polygon","coordinates":[[[-49.25,-18.52],[-49.2,-18.46],[-49.21,-18.42],[-49.13,-18.38],[-49.03,-18.43],[-49.04,-18.51],[-49.0,-18.54],[-49.11,-18.53],[-49.17,-18.56],[-49.25,-18.52]]]}},{"type":"Feature","properties":{"codarea":"3103801"},"geometry":{"type":"Polygon","coordinates":[[[-46.22,-19.06],[-46.16,-19.03],[-46.12,-18.95],[-46.08,-19.0],[-46.04,-18.99],[-46.09,-19.11],[-46.22,-19.06]]]}},{"type":"Feature","properties":{"codarea":"3103900"},"geometry":{"type":"Polygon","coordinates":[[[-45.12,-19.83],[-45.1,-19.85],[-45.14,-19.98],[-45.22,-19.97],[-45.27,-19.91],[-45.25,-19.85],[-45.13,-19.78],[-45.12,-19.83]]]}},{"type":"Feature","properties":{"codarea":"3104007"},"geometry":{"type":"Polygon","coordinates":[[[-46.83,-19.77],[-46.98,-19.78],[-47.07,-19.84],[-47.11,-19.77],[-47.07,-19.69],[-47.23,-19.64],[-47.17,-19.55],[-47.08,-19.56],[-47.01,-19.49],[-47.02,-19.44],[-46.94,-19.44],[-46.74,-19.62],[-46.84,-19.75],[-46.83,-19.77]]]}},{"type":"Feature","properties":{"codarea":"3104106"},"geometry":{"type":"Polygon","coordinates":[[[-47.0,-21.36],[-46.97,-21.28],[-46.88,-21.29],[-46.88,-21.41],[-47.01,-21.42],[-47.0,-21.36]]]}},{"type":"Feature","properties":{"codarea":"3104205"},"geometry":{"type":"Polygon","coordinates":[[[-45.56,-20.39],[-45.66,-20.3],[-45.63,-20.07],[-45.59,-20.17],[-45.46,-20.21],[-45.39,-20.32],[-45.42,-20.34],[-45.47,-20.33],[-45.51,-20.4],[-45.56,-20.39]]]}},{"type":"Feature","properties":{"codarea":"3104304"},"geometry":{"type":"Polygon","coordinates":[[[-46.06,-21.31],[-46.01,-21.32],[-46.04,-21.39],[-46.21,-21.45],[-46.24,-21.42],[-46.21,-21.36],[-46.24,-21.32],[-46.24,-21.26],[-46.12,-21.32],[-46.06,-21.31]]]}},{"type":"Feature","properties":{"codarea":"3104403"},"geometry":{"type":"Polygon","coordinates":[[[-42.75,-21.65],[-42.87,-21.7],[-42.91,-21.66],[-42.83,-21.54],[-42.75,-21.65]]]}},{"type":"Feature","properties":{"codarea":"3104452"},"geometry":{"type":"Polygon","coordinates":[[[-42.49,-17.93],[-42.61,-17.99],[-42.68,-17.88],[-42.6,-17.72],[-42.62,-17.77],[-42.55,-17.87],[-42.56,-17.9],[-42.49,-17.93]]]}},{"type":"Feature","properties":{"codarea":"3104502"},"geometry":{"type":"Polygon","coordinates":[[[-46.23,-16.24],[-46.29,-16.17],[-46.23,-16.13],[-46.19,-16.03],[-46.37,-15.94],[-46.46,-15.85],[-46.25,-15.8],[-46.25,-15.61],[-46.29,-15.41],[-46.06,-15.42],[-46.02,-15.37],[-45.93,-15.38],[-45.9,-15.42],[-45.82,-15.41],[-45.79,-15.43],[-45.76,-15.41],[-45.73,-15.44],[-45.66,-15.42],[-45.6,-15.44],[-45.59,-15.65],[-45.56,-15.69],[-45.72,-15.87],[-45.81,-16.06],[-45.91,-16.11],[-45.99,-16.02],[-46.04,-16.05],[-46.08,-16.21],[-46.13,-16.25],[-46.23,-16.24]]]}},{"type":"Feature","properties":{"codarea":"3104601"},"geometry":{"type":"Polygon","coordinates":[[[-42.89,-21.37],[-42.94,-21.37],[-42.93,-21.3],[-42.96,-21.26],[-42.86,-21.24],[-42.85,-21.27],[-42.81,-21.26],[-42.83,-21.39],[-42.86,-21.4],[-42.89,-21.37]]]}},{"type":"Feature","properties":{"codarea":"3104700"},"geometry":{"type":"Polygon","coordinates":[[[-41.25,-17.95],[-41.22,-17.93],[-41.1,-17.95],[-41.08,-18.0],[-40.97,-17.95],[-40.77,-18.11],[-40.77,-18.16],[-40.91,-18.11],[-41.05,-18.17],[-41.16,-18.31],[-41.14,-18.41],[-41.28,-18.5],[-41.33,-18.43],[-41.31,-18.38],[-41.32,-18.34],[-41.29,-18.33],[-41.43,-18.2],[-41.44,-18.14],[-41.37,-18.06],[-41.37,-18.1],[-41.3,-18.11],[-41.22,-18.08],[-41.25,-17.95]]]}},{"type":"Feature","properties":{"codarea":"3104809"},"geometry":{"type":"Polygon","coordinates":[[[-44.48,-18.07],[-44.43,-18.08],[-44.4,-18.02],[-44.21,-18.02],[-44.12,-17.97],[-44.1,-17.99],[-44.06,-17.95],[-43.95,-18.02],[-43.95,-18.16],[-44.02,-18.21],[-44.16,-18.25],[-44.46,-18.2],[-44.48,-18.07]]]}},{"type":"Feature","properties":{"codarea":"3104908"},"geometry":{"type":"Polygon","coordinates":[[[-45.0,-21.9],[-44.99,-21.86],[-44.94,-21.83],[-44.86,-21.85],[-44.83,-21.91],[-44.75,-21.86],[-44.76,-21.94],[-44.67,-22.09],[-44.68,-22.14],[-44.77,-22.2],[-44.82,-22.19],[-44.93,-22.08],[-44.91,-21.97],[-44.95,-21.91],[-45.0,-21.9]]]}},{"type":"Feature","properties":{"codarea":"3105004"},"geometry":{"type":"Polygon","coordinates":[[[-43.99,-19.4],[-43.99,-19.26],[-43.84,-19.21],[-43.86,-19.11],[-43.84,-19.07],[-43.77,-19.06],[-43.75,-19.24],[-43.8,-19.29],[-43.79,-19.35],[-43.82,-19.39],[-43.89,-19.38],[-43.95,-19.43],[-43.99,-19.4]]]}},{"type":"Feature","properties":{"codarea":"3105103"},"geometry":{"type":"Polygon","coordinates":[[[-45.89,-20.22],[-45.95,-20.25],[-45.94,-20.31],[-46.04,-20.36],[-46.15,-20.29],[-46.23,-20.18],[-46.22,-20.13],[-46.11,-20.06],[-46.16,-20.0],[-46.12,-19.96],[-45.99,-19.95],[-45.99,-19.91],[-45.8,-19.91],[-45.76,-19.97],[-45.8,-20.0],[-45.78,-20.05],[-45.84,-20.09],[-45.89,-20.22]]]}},{"type":"Feature","properties":{"codarea":"3105202"},"geometry":{"type":"Polygon","coordinates":[[[-40.52,-15.8],[-40.43,-15.88],[-40.42,-15.93],[-40.5,-15.97],[-40.65,-15.92],[-40.68,-16.01],[-40.71,-15.97],[-40.72,-15.81],[-40.64,-15.87],[-40.63,-15.72],[-40.56,-15.8],[-40.52,-15.8]]]}},{"type":"Feature","properties":{"codarea":"3105301"},"geometry":{"type":"Polygon","coordinates":[[[-46.42,-21.73],[-46.42,-21.7],[-46.37,-21.69],[-46.33,-21.74],[-46.4,-21.76],[-46.42,-21.73]]]}},{"type":"Feature","properties":{"codarea":"3105400"},"geometry":{"type":"Polygon","coordinates":[[[-43.39,-19.77],[-43.39,-19.86],[-43.43,-19.88],[-43.42,-19.91],[-43.51,-20.01],[-43.55,-20.03],[-43.64,-19.97],[-43.52,-19.92],[-43.54,-19.76],[-43.39,-19.77]]]}},{"type":"Feature","properties":{"codarea":"3105509"},"geometry":{"type":"Polygon","coordinates":[[[-42.36,-21.31],[-42.33,-21.27],[-42.36,-21.22],[-42.3,-21.19],[-42.19,-21.25],[-42.25,-21.35],[-42.36,-21.31]]]}},{"type":"Feature","properties":{"codarea":"3105608"},"geometry":{"type":"Polygon","coordinates":[[[-43.88,-21.35],[-43.92,-21.37],[-44.02,-21.34],[-44.02,-21.24],[-43.92,-21.22],[-43.9,-21.19],[-43.94,-21.12],[-43.71,-21.19],[-43.61,-21.13],[-43.58,-21.32],[-43.63,-21.38],[-43.79,-21.28],[-43.86,-21.29],[-43.88,-21.35]]]}},{"type":"Feature","properties":{"codarea":"3105707"},"geometry":{"type":"Polygon","coordinates":[[[-42.96,-20.2],[-42.98,-20.26],[-42.95,-20.32],[-43.03,-20.34],[-43.02,-20.41],[-43.18,-20.29],[-43.15,-20.23],[-43.15,-20.17],[-42.96,-20.2]]]}},{"type":"Feature","properties":{"codarea":"3105905"},"geometry":{"type":"Polygon","coordinates":[[[-44.0,-21.22],[-44.01,-21.16],[-43.94,-21.12],[-43.9,-21.19],[-43.92,-21.22],[-44.0,-21.22]]]}},{"type":"Feature","properties":{"codarea":"3106002"},"geometry":{"type":"Polygon","coordinates":[[[-43.2,-19.79],[-43.11,-19.73],[-43.08,-19.75],[-43.09,-19.79],[-43.01,-19.83],[-43.06,-19.89],[-43.1,-19.82],[-43.2,-19.79]]]}},{"type":"Feature","properties":{"codarea":"3106101"},"geometry":{"type":"Polygon","coordinates":[[[-43.37,-21.9],[-43.35,-21.92],[-43.37,-21.95],[-43.33,-22.01],[-43.57,-22.09],[-43.64,-22.02],[-43.49,-21.93],[-43.48,-21.88],[-43.37,-21.9]]]}},{"type":"Feature","properties":{"codarea":"3106200"},"geometry":{"type":"Polygon","coordinates":[[[-43.87,-19.93],[-44.0,-20.06],[-44.06,-19.98],[-44.02,-19.97],[-44.02,-19.83],[-43.98,-19.78],[-43.86,-19.83],[-43.89,-19.89],[-43.87,-19.93]]]}},{"type":"Feature","properties":{"codarea":"3106309"},"geometry":{"type":"Polygon","coordinates":[[[-42.55,-19.3],[-42.52,-19.16],[-42.32,-19.24],[-42.37,-19.32],[-42.45,-19.36],[-42.55,-19.3]]]}},{"type":"Feature","properties":{"codarea":"3106408"},"geometry":{"type":"Polygon","coordinates":[[[-43.99,-20.51],[-44.17,-20.49],[-44.15,-20.46],[-44.16,-20.35],[-44.12,-20.31],[-44.08,-20.31],[-44.03,-20.38],[-43.93,-20.4],[-43.92,-20.43],[-43.99,-20.51]]]}},{"type":"Feature","properties":{"codarea":"3106507"},"geometry":{"type":"Polygon","coordinates":[[[-42.55,-16.95],[-42.57,-16.86],[-42.64,-16.77],[-42.47,-16.67],[-42.48,-16.73],[-42.47,-16.78],[-42.4,-16.77],[-42.42,-16.86],[-42.37,-16.93],[-42.43,-17.09],[-42.47,-17.01],[-42.52,-17.01],[-42.55,-16.95]]]}},{"type":"Feature","properties":{"codarea":"3106606"},"geometry":{"type":"Polygon","coordinates":[[[-40.6,-16.79],[-40.47,-16.84],[-40.43,-16.89],[-40.48,-16.88],[-40.61,-17.19],[-40.66,-17.11],[-40.66,-17.04],[-40.57,-16.87],[-40.6,-16.79]]]}},{"type":"Feature","properties":{"codarea":"3106655"},"geometry":{"type":"Polygon","coordinates":[[[-41.88,-15.75],[-41.92,-15.66],[-41.85,-15.6],[-41.75,-15.59],[-41.6,-15.63],[-41.67,-15.67],[-41.64,-15.72],[-41.67,-15.79],[-41.73,-15.78],[-41.73,-15.74],[-41.77,-15.76],[-41.88,-15.75]]]}},{"type":"Feature","properties":{"codarea":"3106705"},"geometry":{"type":"Polygon","coordinates":[[[-44.16,-19.84],[-44.15,-19.92],[-44.08,-19.97],[-44.12,-20.02],[-44.25,-20.04],[-44.32,-19.91],[-44.24,-19.88],[-44.23,-19.84],[-44.16,-19.84]]]}},{"type":"Feature","properties":{"codarea":"3106804"},"geometry":{"type":"Polygon","coordinates":[[[-43.67,-21.61],[-43.68,-21.71],[-43.72,-21.67],[-43.77,-21.67],[-43.79,-21.71],[-43.87,-21.71],[-43.81,-21.53],[-43.74,-21.53],[-43.67,-21.61]]]}},{"type":"Feature","properties":{"codarea":"3106903"},"geometry":{"type":"Polygon","coordinates":[[[-43.08,-21.8],[-43.19,-21.74],[-43.09,-21.66],[-43.02,-21.7],[-43.05,-21.72],[-43.08,-21.8]]]}},{"type":"Feature","properties":{"codarea":"3107000"},"geometry":{"type":"Polygon","coordinates":[[[-45.64,-18.79],[-45.7,-18.76],[-45.69,-18.71],[-45.64,-18.66],[-45.47,-18.7],[-45.38,-18.76],[-45.46,-18.87],[-45.64,-18.79]]]}},{"type":"Feature","properties":{"codarea":"3107109"},"geometry":{"type":"Polygon","coordinates":[[[-45.68,-21.14],[-45.73,-21.08],[-45.92,-21.04],[-45.93,-21.0],[-45.91,-20.97],[-45.73,-21.02],[-45.68,-20.96],[-45.68,-20.86],[-45.61,-20.87],[-45.59,-20.94],[-45.54,-20.94],[-45.47,-21.02],[-45.42,-21.02],[-45.39,-21.08],[-45.43,-21.09],[-45.45,-21.14],[-45.52,-21.12],[-45.52,-21.22],[-45.57,-21.25],[-45.6,-21.23],[-45.58,-21.17],[-45.59,-21.14],[-45.68,-21.14]]]}},{"type":"Feature","properties":{"codarea":"3107208"},"geometry":{"type":"Polygon","coordinates":[[[-44.54,-22.33],[-44.59,-22.32],[-44.67,-22.37],[-44.67,-22.32],[-44.61,-22.29],[-44.54,-22.13],[-44.35,-22.11],[-44.32,-22.16],[-44.36,-22.25],[-44.43,-22.25],[-44.54,-22.33]]]}},{"type":"Feature","properties":{"codarea":"3107307"},"geometry":{"type":"Polygon","coordinates":[[[-44.11,-17.16],[-44.02,-17.11],[-44.02,-17.05],[-43.89,-16.97],[-43.87,-16.92],[-43.72,-16.9],[-43.7,-16.85],[-43.68,-16.88],[-43.71,-17.02],[-43.67,-17.17],[-43.52,-17.19],[-43.23,-17.14],[-43.21,-17.11],[-43.1,-17.13],[-43.11,-17.19],[-43.07,-17.22],[-43.13,-17.3],[-43.19,-17.29],[-43.23,-17.34],[-43.2,-17.4],[-43.24,-17.42],[-43.37,-17.29],[-43.54,-17.23],[-43.58,-17.27],[-43.67,-17.21],[-43.73,-17.22],[-43.81,-17.27],[-43.81,-17.33],[-43.73,-17.37],[-43.72,-17.42],[-43.77,-17.55],[-43.76,-17.92],[-43.9,-17.73],[-43.89,-17.63],[-43.92,-17.57],[-44.06,-17.45],[-44.0,-17.36],[-43.92,-17.38],[-43.83,-17.28],[-43.88,-17.23],[-43.94,-17.21],[-43.97,-17.23],[-44.05,-17.16],[-44.11,-17.16]]]}},{"type":"Feature","properties":{"codarea":"3107406"},"geometry":{"type":"Polygon","coordinates":[[[-45.48,-19.76],[-45.51,-19.7],[-45.41,-19.55],[-45.42,-19.51],[-45.2,-19.55],[-45.12,-19.53],[-45.1,-19.74],[-45.22,-19.82],[-45.27,-19.91],[-45.36,-19.85],[-45.36,-19.8],[-45.4,-19.77],[-45.48,-19.76]]]}},{"type":"Feature","properties":{"codarea":"3107505"},"geometry":{"type":"Polygon","coordinates":[[[-44.17,-21.83],[-44.09,-21.8],[-44.1,-21.88],[-44.07,-21.93],[-44.03,-21.91],[-43.98,-21.96],[-44.0,-22.02],[-44.05,-22.03],[-44.08,-22.0],[-44.12,-22.0],[-44.23,-22.08],[-44.26,-21.98],[-44.17,-21.88],[-44.17,-21.83]]]}},{"type":"Feature","properties":{"codarea":"3107604"},"geometry":{"type":"Polygon","coordinates":[[[-46.55,-21.09],[-46.64,-21.01],[-46.61,-20.97],[-46.53,-20.97],[-46.53,-20.93],[-46.47,-20.95],[-46.43,-21.03],[-46.44,-21.06],[-46.55,-21.09]]]}},{"type":"Feature","properties":{"codarea":"3107703"},"geometry":{"type":"Polygon","coordinates":[[[-43.54,-19.76],[-43.54,-19.62],[-43.45,-19.68],[-43.4,-19.67],[-43.39,-19.77],[-43.54,-19.76]]]}},{"type":"Feature","properties":{"codarea":"3107802"},"geometry":{"type":"Polygon","coordinates":[[[-42.37,-19.86],[-42.34,-19.8],[-42.36,-19.72],[-42.48,-19.73],[-42.5,-19.57],[-42.52,-19.56],[-42.5,-19.51],[-42.36,-19.65],[-42.28,-19.65],[-42.24,-19.73],[-42.21,-19.83],[-42.24,-19.84],[-42.24,-19.93],[-42.35,-19.93],[-42.37,-19.86]]]}},{"type":"Feature","properties":{"codarea":"3107901"},"geometry":{"type":"Polygon","coordinates":[[[-46.1,-22.4],[-46.1,-22.45],[-46.15,-22.52],[-46.28,-22.52],[-46.24,-22.36],[-46.1,-22.4]]]}},{"type":"Feature","properties":{"codarea":"3108008"},"geometry":{"type":"Polygon","coordinates":[[[-44.62,-21.1],[-44.74,-21.14],[-44.77,-21.11],[-44.87,-21.13],[-44.91,-21.17],[-44.98,-21.03],[-44.94,-20.99],[-44.89,-21.01],[-44.87,-20.95],[-44.82,-20.96],[-44.8,-20.9],[-44.73,-20.89],[-44.71,-20.85],[-44.66,-20.9],[-44.62,-21.1]]]}},{"type":"Feature","properties":{"codarea":"3108107"},"geometry":{"type":"Polygon","coordinates":[[[-44.12,-20.31],[-44.16,-20.35],[-44.15,-20.42],[-44.18,-20.39],[-44.25,-20.39],[-44.28,-20.42],[-44.32,-20.39],[-44.33,-20.33],[-44.22,-20.23],[-44.16,-20.22],[-44.12,-20.25],[-44.12,-20.31]]]}},{"type":"Feature","properties":{"codarea":"3108206"},"geometry":{"type":"Polygon","coordinates":[[[-45.91,-16.53],[-46.02,-16.64],[-45.99,-16.69],[-46.17,-16.78],[-46.16,-16.66],[-46.31,-16.55],[-46.37,-16.6],[-46.38,-16.5],[-46.51,-16.38],[-46.5,-16.33],[-46.38,-16.26],[-46.15,-16.38],[-45.95,-16.4],[-45.92,-16.37],[-45.89,-16.45],[-45.91,-16.53]]]}},{"type":"Feature","properties":{"codarea":"3108255"},"geometry":{"type":"Polygon","coordinates":[[[-45.31,-14.83],[-45.21,-14.74],[-45.1,-14.75],[-44.74,-14.47],[-44.74,-14.63],[-44.69,-14.63],[-44.81,-14.72],[-44.82,-14.77],[-44.69,-14.84],[-44.67,-14.88],[-44.73,-14.95],[-44.63,-15.08],[-44.69,-15.21],[-44.63,-15.34],[-44.71,-15.46],[-44.77,-15.48],[-44.98,-15.35],[-45.01,-15.26],[-44.98,-15.2],[-45.04,-15.08],[-45.19,-14.98],[-45.24,-14.88],[-45.31,-14.83]]]}},{"type":"Feature","properties":{"codarea":"3108305"},"geometry":{"type":"Polygon","coordinates":[[[-46.22,-22.31],[-46.23,-22.24],[-46.26,-22.22],[-46.25,-22.15],[-46.2,-22.14],[-46.15,-22.21],[-46.04,-22.23],[-46.05,-22.37],[-46.22,-22.31]]]}},{"type":"Feature","properties":{"codarea":"3108404"},"geometry":{"type":"Polygon","coordinates":[[[-46.37,-21.69],[-46.42,-21.7],[-46.42,-21.73],[-46.46,-21.76],[-46.46,-21.71],[-46.53,-21.69],[-46.53,-21.65],[-46.55,-21.65],[-46.51,-21.57],[-46.49,-21.59],[-46.45,-21.55],[-46.36,-21.59],[-46.3,-21.57],[-46.28,-21.61],[-46.37,-21.69]]]}},{"type":"Feature","properties":{"codarea":"3108503"},"geometry":{"type":"Polygon","coordinates":[[[-42.74,-16.85],[-42.8,-17.02],[-42.9,-17.04],[-42.97,-17.11],[-42.99,-17.17],[-43.07,-17.22],[-43.11,-17.19],[-43.1,-17.13],[-43.21,-17.11],[-43.12,-16.92],[-43.2,-16.69],[-43.12,-16.71],[-42.99,-16.68],[-43.0,-16.77],[-42.94,-16.79],[-42.92,-16.84],[-42.87,-16.8],[-42.81,-16.87],[-42.74,-16.85]]]}},{"type":"Feature","properties":{"codarea":"3108552"},"geometry":{"type":"Polygon","coordinates":[[[-45.99,-16.69],[-45.94,-16.72],[-45.89,-16.7],[-45.86,-16.81],[-45.78,-16.83],[-45.72,-16.9],[-45.62,-16.88],[-45.56,-16.94],[-45.52,-16.94],[-45.51,-17.04],[-45.72,-17.12],[-45.77,-17.18],[-45.93,-17.11],[-45.98,-17.18],[-46.03,-17.19],[-46.08,-17.14],[-46.12,-17.15],[-46.16,-17.11],[-46.09,-17.05],[-46.2,-17.0],[-46.19,-16.8],[-46.08,-16.72],[-45.99,-16.69]]]}},{"type":"Feature","properties":{"codarea":"3108602"},"geometry":{"type":"Polygon","coordinates":[[[-44.31,-16.36],[-44.59,-16.5],[-44.7,-16.38],[-44.51,-16.26],[-44.55,-16.17],[-44.49,-16.15],[-44.5,-16.02],[-44.43,-15.97],[-44.23,-16.08],[-44.29,-16.17],[-44.25,-16.28],[-44.31,-16.36]]]}},{"type":"Feature","properties":{"codarea":"3108701"},"geometry":{"type":"Polygon","coordinates":[[[-43.24,-20.97],[-43.29,-20.96],[-43.3,-20.82],[-43.22,-20.79],[-43.15,-20.82],[-43.15,-20.85],[-43.17,-20.93],[-43.24,-20.97]]]}},{"type":"Feature","properties":{"codarea":"3108800"},"geometry":{"type":"Polygon","coordinates":[[[-42.62,-18.99],[-42.59,-19.02],[-42.72,-19.15],[-42.75,-19.15],[-42.8,-19.1],[-42.79,-18.9],[-42.7,-18.92],[-42.62,-18.99]]]}},{"type":"Feature","properties":{"codarea":"3108909"},"geometry":{"type":"Polygon","coordinates":[[[-45.58,-22.6],[-45.62,-22.64],[-45.68,-22.64],[-45.66,-22.6],[-45.7,-22.5],[-45.67,-22.34],[-45.55,-22.43],[-45.58,-22.6]]]}},{"type":"Feature","properties":{"codarea":"3109006"},"geometry":{"type":"Polygon","coordinates":[[[-44.27,-20.25],[-44.29,-20.18],[-44.35,-20.16],[-44.34,-20.12],[-44.25,-20.13],[-44.0,-20.06],[-43.96,-20.26],[-44.0,-20.25],[-44.05,-20.31],[-44.12,-20.31],[-44.12,-20.25],[-44.16,-20.22],[-44.27,-20.25]]]}},{"type":"Feature","properties":{"codarea":"3109105"},"geometry":{"type":"Polygon","coordinates":[[[-46.42,-22.6],[-46.41,-22.56],[-46.46,-22.52],[-46.42,-22.4],[-46.31,-22.41],[-46.28,-22.39],[-46.26,-22.48],[-46.3,-22.58],[-46.42,-22.6]]]}},{"type":"Feature","properties":{"codarea":"3109204"},"geometry":{"type":"Polygon","coordinates":[[[-44.4,-18.02],[-44.39,-17.93],[-44.3,-17.91],[-44.3,-17.81],[-44.07,-17.83],[-44.0,-17.72],[-43.97,-17.57],[-43.92,-17.57],[-43.89,-17.63],[-43.9,-17.73],[-43.76,-17.92],[-43.82,-18.03],[-43.94,-18.06],[-43.92,-18.12],[-43.96,-18.14],[-43.97,-18.11],[-43.95,-18.02],[-44.06,-17.95],[-44.1,-17.99],[-44.12,-17.97],[-44.21,-18.02],[-44.4,-18.02]]]}},{"type":"Feature","properties":{"codarea":"3109253"},"geometry":{"type":"Polygon","coordinates":[[[-42.39,-19.33],[-42.34,-19.27],[-42.28,-19.29],[-42.25,-19.44],[-42.33,-19.41],[-42.39,-19.33]]]}},{"type":"Feature","properties":{"codarea":"3109303"},"geometry":{"type":"Polygon","coordinates":[[[-46.46,-15.85],[-46.64,-15.79],[-46.73,-15.81],[-46.81,-15.87],[-46.85,-15.62],[-46.95,-15.56],[-46.93,-15.44],[-46.84,-15.33],[-46.89,-15.24],[-46.93,-15.26],[-46.94,-15.21],[-46.89,-15.11],[-46.93,-15.06],[-46.86,-15.01],[-46.63,-15.09],[-46.5,-15.05],[-46.42,-15.1],[-46.42,-15.2],[-46.29,-15.41],[-46.25,-15.61],[-46.25,-15.8],[-46.46,-15.85]]]}},{"type":"Feature","properties":{"codarea":"3109402"},"geometry":{"type":"Polygon","coordinates":[[[-44.84,-16.99],[-44.79,-17.1],[-44.86,-17.17],[-44.83,-17.2],[-44.92,-17.27],[-44.98,-17.55],[-45.05,-17.61],[-45.01,-17.77],[-45.12,-17.81],[-45.12,-17.93],[-45.2,-17.99],[-45.26,-17.99],[-45.35,-17.91],[-45.47,-17.91],[-45.45,-17.74],[-45.4,-17.67],[-45.46,-17.6],[-45.39,-17.58],[-45.38,-17.52],[-45.56,-17.38],[-45.51,-17.32],[-45.49,-17.18],[-45.44,-17.12],[-45.53,-17.1],[-45.56,-17.04],[-45.51,-17.04],[-45.5,-16.96],[-45.31,-16.88],[-45.31,-16.79],[-45.1,-16.57],[-45.08,-16.67],[-45.01,-16.7],[-45.02,-16.75],[-44.93,-16.81],[-44.91,-16.91],[-44.84,-16.99]]]}},{"type":"Feature","properties":{"codarea":"3109451"},"geometry":{"type":"Polygon","coordinates":[[[-47.32,-16.21],[-47.35,-16.13],[-47.29,-16.01],[-47.23,-16.02],[-47.14,-15.93],[-47.11,-15.96],[-46.94,-15.93],[-46.95,-16.0],[-46.89,-16.12],[-46.93,-16.13],[-46.99,-16.1],[-47.01,-16.19],[-47.32,-16.21]]]}},{"type":"Feature","properties":{"codarea":"3109501"},"geometry":{"type":"Polygon","coordinates":[[[-46.32,-21.57],[-46.45,-21.55],[-46.49,-21.59],[-46.51,-21.57],[-46.51,-21.49],[-46.47,-21.49],[-46.48,-21.44],[-46.45,-21.39],[-46.36,-21.38],[-46.34,-21.42],[-46.21,-21.45],[-46.3,-21.47],[-46.36,-21.53],[-46.32,-21.57]]]}},{"type":"Feature","properties":{"codarea":"3109600"},"geometry":{"type":"Polygon","coordinates":[[[-44.45,-19.54],[-44.49,-19.55],[-44.51,-19.48],[-44.43,-19.5],[-44.45,-19.54]]]}},{"type":"Feature","properties":{"codarea":"3109709"},"geometry":{"type":"Polygon","coordinates":[[[-45.66,-22.28],[-45.68,-22.37],[-45.72,-22.41],[-45.83,-22.4],[-45.85,-22.45],[-45.92,-22.47],[-45.92,-22.41],[-45.85,-22.35],[-45.84,-22.28],[-45.72,-22.3],[-45.66,-22.28]]]}},{"type":"Feature","properties":{"codarea":"3109808"},"geometry":{"type":"Polygon","coordinates":[[[-49.55,-18.54],[-49.55,-18.5],[-49.5,-18.49],[-49.41,-18.65],[-49.37,-18.63],[-49.39,-18.69],[-49.54,-18.65],[-49.55,-18.54]]]}},{"type":"Feature","properties":{"codarea":"3109907"},"geometry":{"type":"Polygon","coordinates":[[[-44.3,-19.4],[-44.43,-19.4],[-44.44,-19.34],[-44.49,-19.34],[-44.48,-19.3],[-44.44,-19.27],[-44.36,-19.31],[-44.3,-19.4]]]}},{"type":"Feature","properties":{"codarea":"3110004"},"geometry":{"type":"Polygon","coordinates":[[[-43.64,-19.97],[-43.69,-20.08],[-43.73,-20.06],[-43.75,-19.9],[-43.7,-19.82],[-43.71,-19.75],[-43.63,-19.69],[-43.54,-19.75],[-43.52,-19.92],[-43.64,-19.97]]]}},{"type":"Feature","properties":{"codarea":"3110103"},"geometry":{"type":"Polygon","coordinates":[[[-41.93,-20.79],[-41.93,-20.74],[-41.97,-20.73],[-41.91,-20.66],[-41.85,-20.69],[-41.87,-20.77],[-41.93,-20.79]]]}},{"type":"Feature","properties":{"codarea":"3110202"},"geometry":{"type":"Polygon","coordinates":[[[-42.83,-20.81],[-42.83,-20.76],[-42.75,-20.75],[-42.71,-20.82],[-42.83,-20.81]]]}},{"type":"Feature","properties":{"codarea":"3110301"},"geometry":{"type":"Polygon","coordinates":[[[-46.13,-21.87],[-46.34,-21.95],[-46.44,-22.04],[-46.57,-21.93],[-46.52,-21.92],[-46.53,-21.88],[-46.4,-21.76],[-46.34,-21.81],[-46.31,-21.81],[-46.31,-21.78],[-46.29,-21.77],[-46.21,-21.79],[-46.13,-21.87]]]}},{"type":"Feature","properties":{"codarea":"3110400"},"geometry":{"type":"Polygon","coordinates":[[[-45.26,-20.65],[-45.12,-20.56],[-45.05,-20.63],[-45.09,-20.74],[-45.15,-20.67],[-45.26,-20.65]]]}},{"type":"Feature","properties":{"codarea":"3110509"},"geometry":{"type":"Polygon","coordinates":[[[-46.05,-22.9],[-46.14,-22.92],[-46.14,-22.87],[-46.19,-22.87],[-46.17,-22.84],[-46.23,-22.81],[-46.12,-22.67],[-45.92,-22.72],[-45.96,-22.75],[-45.96,-22.85],[-46.05,-22.9]]]}},{"type":"Feature","properties":{"codarea":"3110608"},"geometry":{"type":"Polygon","coordinates":[[[-46.05,-22.69],[-46.12,-22.67],[-46.15,-22.61],[-46.16,-22.55],[-46.12,-22.49],[-45.95,-22.55],[-46.03,-22.6],[-46.05,-22.69]]]}},{"type":"Feature","properties":{"codarea":"3110707"},"geometry":{"type":"Polygon","coordinates":[[[-45.35,-21.94],[-45.36,-21.85],[-45.33,-21.8],[-45.3,-21.82],[-45.21,-21.78],[-45.14,-21.87],[-45.27,-21.95],[-45.27,-21.91],[-45.35,-21.94]]]}},{"type":"Feature","properties":{"codarea":"3110806"},"geometry":{"type":"Polygon","coordinates":[[[-41.66,-18.14],[-41.58,-18.28],[-41.69,-18.36],[-41.75,-18.36],[-41.76,-18.41],[-41.88,-18.35],[-41.84,-18.25],[-41.78,-18.24],[-41.75,-18.18],[-41.74,-18.2],[-41.68,-18.19],[-41.66,-18.14]]]}},{"type":"Feature","properties":{"codarea":"3110905"},"geometry":{"type":"Polygon","coordinates":[[[-45.33,-21.8],[-45.36,-21.85],[-45.34,-21.93],[-45.44,-21.98],[-45.5,-21.84],[-45.39,-21.74],[-45.4,-21.68],[-45.34,-21.72],[-45.33,-21.8]]]}},{"type":"Feature","properties":{"codarea":"3111002"},"geometry":{"type":"Polygon","coordinates":[[[-46.4,-21.76],[-46.33,-21.74],[-46.37,-21.69],[-46.31,-21.66],[-46.28,-21.61],[-46.3,-21.57],[-46.25,-21.55],[-46.23,-21.59],[-46.17,-21.58],[-46.08,-21.65],[-46.1,-21.74],[-46.14,-21.77],[-46.08,-21.86],[-46.15,-21.87],[-46.21,-21.79],[-46.29,-21.77],[-46.31,-21.78],[-46.31,-21.81],[-46.34,-21.81],[-46.4,-21.76]]]}},{"type":"Feature","properties":{"codarea":"3111101"},"geometry":{"type":"Polygon","coordinates":[[[-49.42,-19.26],[-49.35,-19.32],[-49.35,-19.4],[-49.3,-19.44],[-49.37,-19.54],[-49.48,-19.56],[-49.51,-19.67],[-49.77,-19.65],[-49.83,-19.6],[-49.92,-19.73],[-49.98,-19.69],[-50.03,-19.76],[-50.12,-19.75],[-50.21,-19.56],[-50.17,-19.42],[-50.17,-19.3],[-50.24,-19.28],[-50.2,-19.29],[-50.12,-19.2],[-50.04,-19.27],[-49.97,-19.3],[-49.89,-19.27],[-49.79,-19.33],[-49.75,-19.29],[-49.68,-19.28],[-49.65,-19.33],[-49.59,-19.35],[-49.54,-19.35],[-49.48,-19.24],[-49.42,-19.26]]]}},{"type":"Feature","properties":{"codarea":"3111150"},"geometry":{"type":"Polygon","coordinates":[[[-44.97,-16.55],[-44.7,-16.38],[-44.59,-16.5],[-44.81,-16.65],[-44.83,-16.61],[-44.8,-16.59],[-44.8,-16.53],[-44.89,-16.6],[-44.97,-16.55]]]}},{"type":"Feature","properties":{"codarea":"3111200"},"geometry":{"type":"Polygon","coordinates":[[[-45.07,-20.84],[-45.17,-20.99],[-45.34,-21.07],[-45.36,-20.91],[-45.43,-20.89],[-45.31,-20.82],[-45.27,-20.85],[-45.12,-20.82],[-45.07,-20.84]]]}},{"type":"Feature","properties":{"codarea":"3111309"},"geometry":{"type":"Polygon","coordinates":[[[-45.95,-21.16],[-45.97,-21.14],[-45.96,-21.09],[-45.92,-21.04],[-45.73,-21.08],[-45.68,-21.14],[-45.74,-21.13],[-45.76,-21.17],[-45.95,-21.16]]]}},{"type":"Feature","properties":{"codarea":"3111408"},"geometry":{"type":"Polygon","coordinates":[[[-48.45,-19.78],[-48.54,-19.89],[-48.6,-19.86],[-48.72,-19.88],[-48.83,-19.81],[-48.86,-19.7],[-48.82,-19.65],[-48.84,-19.59],[-48.74,-19.6],[-48.75,-19.56],[-48.69,-19.53],[-48.55,-19.54],[-48.46,-19.65],[-48.45,-19.78]]]}},{"type":"Feature","properties":{"codarea":"3111507"},"geometry":{"type":"Polygon","coordinates":[[[-46.13,-19.54],[-46.07,-19.65],[-46.12,-19.66],[-46.13,-19.8],[-46.21,-19.8],[-46.24,-19.71],[-46.33,-19.64],[-46.27,-19.56],[-46.33,-19.49],[-46.27,-19.43],[-46.16,-19.41],[-46.13,-19.54]]]}},{"type":"Feature","properties":{"codarea":"3111606"},"geometry":{"type":"Polygon","coordinates":[[[-45.6,-21.32],[-45.69,-21.34],[-45.7,-21.44],[-45.76,-21.42],[-45.83,-21.39],[-45.83,-21.32],[-45.86,-21.28],[-45.95,-21.23],[-45.95,-21.16],[-45.76,-21.17],[-45.74,-21.13],[-45.59,-21.14],[-45.6,-21.32]]]}},{"type":"Feature","properties":{"codarea":"3111705"},"geometry":{"type":"Polygon","coordinates":[[[-42.65,-20.76],[-42.7,-20.66],[-42.64,-20.58],[-42.56,-20.6],[-42.59,-20.75],[-42.65,-20.76]]]}},{"type":"Feature","properties":{"codarea":"3111804"},"geometry":{"type":"Polygon","coordinates":[[[-49.05,-18.79],[-49.25,-18.87],[-49.26,-18.94],[-49.34,-18.95],[-49.33,-18.87],[-49.43,-18.85],[-49.4,-18.7],[-49.33,-18.56],[-49.26,-18.59],[-49.24,-18.66],[-49.16,-18.67],[-49.05,-18.79]]]}},{"type":"Feature","properties":{"codarea":"3111903"},"geometry":{"type":"Polygon","coordinates":[[[-45.19,-21.09],[-45.22,-21.1],[-45.21,-21.14],[-45.28,-21.13],[-45.28,-21.05],[-45.17,-20.99],[-45.14,-20.93],[-45.11,-20.93],[-45.1,-21.03],[-45.19,-21.09]]]}},{"type":"Feature","properties":{"codarea":"3112000"},"geometry":{"type":"Polygon","coordinates":[[[-45.26,-20.65],[-45.15,-20.67],[-45.07,-20.76],[-45.07,-20.84],[-45.12,-20.82],[-45.27,-20.85],[-45.31,-20.82],[-45.39,-20.85],[-45.51,-20.7],[-45.26,-20.65]]]}},{"type":"Feature","properties":{"codarea":"3112059"},"geometry":{"type":"Polygon","coordinates":[[[-42.69,-18.59],[-42.7,-18.51],[-42.61,-18.42],[-42.6,-18.57],[-42.69,-18.59]]]}},{"type":"Feature","properties":{"codarea":"3112109"},"geometry":{"type":"Polygon","coordinates":[[[-42.07,-20.52],[-41.99,-20.48],[-41.92,-20.51],[-41.91,-20.49],[-41.85,-20.5],[-41.9,-20.58],[-42.07,-20.52]]]}},{"type":"Feature","properties":{"codarea":"3112208"},"geometry":{"type":"Polygon","coordinates":[[[-43.62,-20.86],[-43.52,-20.94],[-43.65,-20.95],[-43.68,-20.93],[-43.62,-20.86]]]}},{"type":"Feature","properties":{"codarea":"3112307"},"geometry":{"type":"Polygon","coordinates":[[[-42.6,-17.72],[-42.7,-17.59],[-42.68,-17.55],[-42.65,-17.55],[-42.66,-17.59],[-42.59,-17.63],[-42.54,-17.62],[-42.6,-17.5],[-42.56,-17.48],[-42.37,-17.61],[-42.29,-17.6],[-42.28,-17.63],[-42.37,-17.68],[-42.3,-17.73],[-42.32,-17.78],[-42.37,-17.77],[-42.38,-17.8],[-42.47,-17.84],[-42.49,-17.93],[-42.56,-17.9],[-42.55,-17.87],[-42.62,-17.77],[-42.6,-17.72]]]}},{"type":"Feature","properties":{"codarea":"3112406"},"geometry":{"type":"Polygon","coordinates":[[[-47.14,-20.57],[-47.07,-20.53],[-46.99,-20.68],[-46.9,-20.69],[-46.96,-20.79],[-47.08,-20.71],[-47.14,-20.57]]]}},{"type":"Feature","properties":{"codarea":"3112505"},"geometry":{"type":"Polygon","coordinates":[[[-44.2,-19.64],[-44.22,-19.6],[-44.21,-19.53],[-44.11,-19.52],[-44.12,-19.59],[-44.2,-19.64]]]}},{"type":"Feature","properties":{"codarea":"3112604"},"geometry":{"type":"Polygon","coordinates":[[[-49.72,-18.61],[-49.64,-18.56],[-49.55,-18.54],[-49.54,-18.65],[-49.4,-18.7],[-49.41,-18.79],[-49.53,-18.76],[-49.64,-18.8],[-49.71,-18.75],[-49.72,-18.61]]]}},{"type":"Feature","properties":{"codarea":"3112653"},"geometry":{"type":"Polygon","coordinates":[[[-41.95,-19.02],[-41.94,-18.98],[-41.89,-19.02],[-41.77,-18.97],[-41.74,-19.05],[-41.7,-19.05],[-41.71,-19.09],[-41.9,-19.12],[-41.9,-19.07],[-41.94,-19.06],[-41.95,-19.02]]]}},{"type":"Feature","properties":{"codarea":"3112703"},"geometry":{"type":"Polygon","coordinates":[[[-43.77,-16.09],[-43.64,-15.94],[-43.64,-15.86],[-43.66,-15.84],[-43.62,-15.79],[-43.61,-15.86],[-43.54,-15.95],[-43.56,-16.0],[-43.53,-16.09],[-43.54,-16.14],[-43.67,-16.3],[-43.7,-16.42],[-43.79,-16.36],[-43.8,-16.23],[-43.77,-16.09]]]}},{"type":"Feature","properties":{"codarea":"3112802"},"geometry":{"type":"Polygon","coordinates":[[[-46.13,-20.72],[-46.24,-20.69],[-46.34,-20.55],[-46.29,-20.56],[-46.22,-20.51],[-46.15,-20.57],[-46.1,-20.53],[-45.99,-20.56],[-45.97,-20.59],[-46.03,-20.69],[-46.13,-20.72]]]}},{"type":"Feature","properties":{"codarea":"3112901"},"geometry":{"type":"Polygon","coordinates":[[[-42.31,-20.2],[-42.31,-20.14],[-42.25,-20.08],[-42.21,-20.09],[-42.21,-20.28],[-42.31,-20.2]]]}},{"type":"Feature","properties":{"codarea":"3113008"},"geometry":{"type":"Polygon","coordinates":[[[-41.38,-17.05],[-41.32,-17.06],[-41.34,-17.22],[-41.32,-17.28],[-41.35,-17.35],[-41.37,-17.3],[-41.45,-17.32],[-41.66,-17.23],[-41.73,-17.36],[-41.83,-17.23],[-41.79,-17.16],[-41.87,-17.11],[-41.84,-17.03],[-41.81,-17.06],[-41.71,-16.97],[-41.67,-16.99],[-41.65,-17.19],[-41.49,-17.08],[-41.42,-17.13],[-41.38,-17.05]]]}},{"type":"Feature","properties":{"codarea":"3113107"},"geometry":{"type":"Polygon","coordinates":[[[-43.68,-20.93],[-43.71,-20.95],[-43.82,-20.91],[-43.78,-20.86],[-43.66,-20.84],[-43.62,-20.86],[-43.68,-20.93]]]}},{"type":"Feature","properties":{"codarea":"3113206"},"geometry":{"type":"Polygon","coordinates":[[[-43.71,-21.02],[-43.94,-21.12],[-43.93,-21.06],[-43.99,-20.99],[-43.9,-20.89],[-43.82,-20.87],[-43.8,-20.88],[-43.82,-20.91],[-43.65,-20.95],[-43.71,-21.02]]]}},{"type":"Feature","properties":{"codarea":"3113305"},"geometry":{"type":"Polygon","coordinates":[[[-41.97,-20.73],[-42.02,-20.77],[-42.09,-20.73],[-42.15,-20.75],[-42.2,-20.82],[-42.21,-20.76],[-42.25,-20.74],[-42.22,-20.67],[-42.13,-20.69],[-42.08,-20.6],[-41.99,-20.64],[-41.97,-20.73]]]}},{"type":"Feature","properties":{"codarea":"3113404"},"geometry":{"type":"Polygon","coordinates":[[[-42.01,-19.73],[-41.96,-19.73],[-41.85,-19.58],[-41.81,-19.59],[-41.82,-19.71],[-41.79,-19.74],[-41.8,-19.83],[-41.89,-19.88],[-41.97,-19.88],[-41.98,-19.92],[-42.08,-19.89],[-42.08,-19.85],[-42.17,-19.83],[-42.17,-19.94],[-42.24,-19.93],[-42.24,-19.84],[-42.21,-19.83],[-42.24,-19.73],[-42.21,-19.7],[-42.23,-19.59],[-42.3,-19.54],[-42.4,-19.6],[-42.51,-19.49],[-42.43,-19.44],[-42.28,-19.44],[-42.3,-19.52],[-42.16,-19.62],[-42.05,-19.84],[-42.01,-19.82],[-42.01,-19.73]]]}},{"type":"Feature","properties":{"codarea":"3113503"},"geometry":{"type":"Polygon","coordinates":[[[-42.87,-17.4],[-42.88,-17.5],[-42.84,-17.55],[-42.87,-17.61],[-42.92,-17.59],[-42.98,-17.72],[-43.03,-17.62],[-43.16,-17.77],[-43.23,-17.56],[-43.2,-17.4],[-43.23,-17.34],[-43.19,-17.29],[-43.13,-17.3],[-43.08,-17.25],[-43.0,-17.36],[-42.94,-17.32],[-42.87,-17.4]]]}},{"type":"Feature","properties":{"codarea":"3113602"},"geometry":{"type":"Polygon","coordinates":[[[-45.74,-22.1],[-45.68,-22.03],[-45.72,-21.99],[-45.64,-21.99],[-45.6,-22.1],[-45.62,-22.16],[-45.66,-22.17],[-45.74,-22.1]]]}},{"type":"Feature","properties":{"codarea":"3113701"},"geometry":{"type":"Polygon","coordinates":[[[-40.6,-17.36],[-40.6,-17.42],[-40.52,-17.45],[-40.62,-17.6],[-40.59,-17.67],[-40.61,-17.72],[-40.53,-17.77],[-40.55,-17.81],[-40.74,-17.88],[-40.86,-17.99],[-40.97,-17.95],[-41.08,-18.0],[-41.15,-17.9],[-41.09,-17.84],[-41.15,-17.78],[-41.13,-17.71],[-41.19,-17.64],[-41.14,-17.65],[-41.09,-17.6],[-40.97,-17.6],[-40.94,-17.58],[-40.96,-17.54],[-40.92,-17.49],[-40.97,-17.43],[-40.95,-17.41],[-40.95,-17.33],[-40.85,-17.34],[-40.82,-17.38],[-40.75,-17.35],[-40.64,-17.39],[-40.6,-17.36]]]}},{"type":"Feature","properties":{"codarea":"3113800"},"geometry":{"type":"Polygon","coordinates":[[[-43.08,-19.02],[-43.09,-19.11],[-43.18,-19.14],[-43.25,-19.14],[-43.3,-19.1],[-43.26,-19.1],[-43.22,-19.0],[-43.16,-18.97],[-43.08,-19.02]]]}},{"type":"Feature","properties":{"codarea":"3113909"},"geometry":{"type":"Polygon","coordinates":[[[-45.25,-21.55],[-45.36,-21.48],[-45.33,-21.42],[-45.14,-21.35],[-45.06,-21.41],[-45.04,-21.45],[-45.11,-21.54],[-45.25,-21.55]]]}},{"type":"Feature","properties":{"codarea":"3114006"},"geometry":{"type":"Polygon","coordinates":[[[-44.78,-20.54],[-44.75,-20.61],[-44.89,-20.65],[-45.0,-20.59],[-45.01,-20.5],[-44.89,-20.47],[-44.78,-20.54]]]}},{"type":"Feature","properties":{"codarea":"3114105"},"geometry":{"type":"Polygon","coordinates":[[[-45.06,-22.14],[-45.06,-22.18],[-45.16,-22.2],[-45.23,-22.15],[-45.24,-22.04],[-45.2,-21.99],[-45.13,-21.98],[-45.06,-22.14]]]}},{"type":"Feature","properties":{"codarea":"3114204"},"geometry":{"type":"Polygon","coordinates":[[[-44.76,-20.25],[-44.75,-20.22],[-44.86,-20.09],[-44.75,-20.05],[-44.62,-20.16],[-44.57,-20.28],[-44.66,-20.34],[-44.76,-20.25]]]}},{"type":"Feature","properties":{"codarea":"3114303"},"geometry":{"type":"Polygon","coordinates":[[[-46.22,-19.06],[-46.37,-19.12],[-46.51,-18.92],[-46.44,-18.92],[-46.4,-18.88],[-46.3,-18.89],[-46.24,-18.82],[-46.18,-18.84],[-46.13,-18.81],[-46.06,-18.72],[-45.86,-18.64],[-45.9,-18.74],[-45.95,-18.76],[-45.98,-18.9],[-46.04,-18.99],[-46.08,-19.0],[-46.12,-18.95],[-46.16,-19.03],[-46.22,-19.06]]]}},{"type":"Feature","properties":{"codarea":"3114402"},"geometry":{"type":"Polygon","coordinates":[[[-46.35,-21.01],[-46.36,-20.99],[-46.26,-20.91],[-46.25,-20.83],[-46.19,-20.8],[-46.06,-20.82],[-46.05,-20.86],[-45.97,-20.87],[-45.94,-20.93],[-45.9,-20.93],[-45.97,-21.14],[-46.04,-21.19],[-46.14,-21.05],[-46.29,-21.0],[-46.35,-21.01]]]}},{"type":"Feature","properties":{"codarea":"3114501"},"geometry":{"type":"Polygon","coordinates":[[[-44.54,-20.52],[-44.6,-20.59],[-44.62,-20.71],[-44.69,-20.68],[-44.78,-20.54],[-44.7,-20.54],[-44.71,-20.48],[-44.66,-20.47],[-44.63,-20.41],[-44.54,-20.48],[-44.54,-20.52]]]}},{"type":"Feature","properties":{"codarea":"3114550"},"geometry":{"type":"Polygon","coordinates":[[[-50.56,-19.81],[-50.66,-19.91],[-50.91,-19.99],[-51.0,-20.09],[-51.02,-19.96],[-51.0,-19.91],[-51.05,-19.74],[-50.99,-19.59],[-50.92,-19.58],[-50.96,-19.5],[-50.94,-19.47],[-50.85,-19.5],[-50.81,-19.47],[-50.75,-19.5],[-50.66,-19.63],[-50.6,-19.65],[-50.62,-19.69],[-50.56,-19.81]]]}},{"type":"Feature","properties":{"codarea":"3114600"},"geometry":{"type":"Polygon","coordinates":[[[-44.6,-21.35],[-44.56,-21.31],[-44.51,-21.35],[-44.52,-21.39],[-44.48,-21.41],[-44.46,-21.52],[-44.5,-21.58],[-44.68,-21.64],[-44.79,-21.6],[-44.74,-21.51],[-44.77,-21.44],[-44.64,-21.45],[-44.65,-21.41],[-44.6,-21.35]]]}},{"type":"Feature","properties":{"codarea":"3114709"},"geometry":{"type":"Polygon","coordinates":[[[-45.85,-21.81],[-45.9,-21.78],[-45.88,-21.75],[-45.8,-21.73],[-45.8,-21.77],[-45.77,-21.78],[-45.79,-21.82],[-45.85,-21.81]]]}},{"type":"Feature","properties":{"codarea":"3114808"},"geometry":{"type":"Polygon","coordinates":[[[-44.56,-21.97],[-44.51,-21.93],[-44.47,-21.92],[-44.44,-21.96],[-44.38,-21.94],[-44.43,-22.12],[-44.54,-22.13],[-44.53,-22.08],[-44.58,-22.03],[-44.56,-21.97]]]}},{"type":"Feature","properties":{"codarea":"3114907"},"geometry":{"type":"Polygon","coordinates":[[[-44.0,-20.8],[-43.96,-20.76],[-43.9,-20.77],[-43.9,-20.92],[-43.97,-20.88],[-44.0,-20.8]]]}},{"type":"Feature","properties":{"codarea":"3115003"},"geometry":{"type":"Polygon","coordinates":[[[-47.95,-18.5],[-47.86,-18.45],[-47.76,-18.58],[-47.81,-18.64],[-47.89,-18.68],[-47.97,-18.64],[-47.95,-18.5]]]}},{"type":"Feature","properties":{"codarea":"3115102"},"geometry":{"type":"Polygon","coordinates":[[[-47.07,-20.53],[-47.01,-20.45],[-47.03,-20.39],[-46.92,-20.36],[-46.9,-20.41],[-46.82,-20.42],[-46.82,-20.46],[-46.86,-20.47],[-46.85,-20.53],[-46.81,-20.56],[-46.84,-20.6],[-46.85,-20.71],[-46.94,-20.76],[-46.9,-20.69],[-46.99,-20.68],[-47.07,-20.53]]]}},{"type":"Feature","properties":{"codarea":"3115201"},"geometry":{"type":"Polygon","coordinates":[[[-44.47,-21.23],[-44.54,-21.24],[-44.57,-21.21],[-44.58,-21.1],[-44.48,-21.04],[-44.41,-21.09],[-44.47,-21.23]]]}},{"type":"Feature","properties":{"codarea":"3115300"},"geometry":{"type":"Polygon","coordinates":[[[-42.52,-21.4],[-42.53,-21.44],[-42.61,-21.41],[-42.78,-21.46],[-42.8,-21.42],[-42.77,-21.3],[-42.8,-21.27],[-42.75,-21.2],[-42.59,-21.26],[-42.63,-21.35],[-42.5,-21.31],[-42.53,-21.34],[-42.52,-21.4]]]}},{"type":"Feature","properties":{"codarea":"3115359"},"geometry":{"type":"Polygon","coordinates":[[[-43.35,-20.14],[-43.51,-20.13],[-43.51,-20.08],[-43.47,-20.03],[-43.35,-19.99],[-43.31,-20.05],[-43.35,-20.14]]]}},{"type":"Feature","properties":{"codarea":"3115409"},"geometry":{"type":"Polygon","coordinates":[[[-43.5,-20.73],[-43.53,-20.72],[-43.56,-20.61],[-43.53,-20.6],[-43.44,-20.66],[-43.44,-20.72],[-43.5,-20.73]]]}},{"type":"Feature","properties":{"codarea":"3115458"},"geometry":{"type":"Polygon","coordinates":[[[-41.57,-17.49],[-41.6,-17.43],[-41.6,-17.36],[-41.57,-17.34],[-41.66,-17.23],[-41.45,-17.32],[-41.37,-17.3],[-41.36,-17.41],[-41.43,-17.4],[-41.53,-17.5],[-41.57,-17.49]]]}},{"type":"Feature","properties":{"codarea":"3115474"},"geometry":{"type":"Polygon","coordinates":[[[-43.25,-15.26],[-43.2,-15.23],[-43.02,-15.33],[-42.96,-15.33],[-42.94,-15.37],[-42.99,-15.39],[-43.02,-15.36],[-43.08,-15.45],[-43.25,-15.26]]]}},{"type":"Feature","properties":{"codarea":"3115508"},"geometry":{"type":"Polygon","coordinates":[[[-44.93,-22.08],[-45.0,-21.9],[-44.95,-21.91],[-44.91,-21.97],[-44.93,-22.08]]]}},{"type":"Feature","properties":{"codarea":"3115607"},"geometry":{"type":"Polygon","coordinates":[[[-45.7,-18.98],[-45.64,-19.04],[-45.66,-19.11],[-45.63,-19.15],[-45.65,-19.2],[-45.73,-19.23],[-45.78,-19.22],[-45.78,-19.16],[-45.7,-18.98]]]}},{"type":"Feature","properties":{"codarea":"3115706"},"geometry":{"type":"Polygon","coordinates":[[[-41.36,-18.83],[-41.35,-18.77],[-41.38,-18.76],[-41.38,-18.7],[-41.25,-18.71],[-41.2,-18.68],[-41.24,-18.85],[-41.36,-18.83]]]}},{"type":"Feature","properties":{"codarea":"3115805"},"geometry":{"type":"Polygon","coordinates":[[[-49.29,-18.56],[-49.25,-18.52],[-49.11,-18.59],[-49.04,-18.68],[-49.05,-18.79],[-49.16,-18.67],[-49.24,-18.66],[-49.29,-18.56]]]}},{"type":"Feature","properties":{"codarea":"3115904"},"geometry":{"type":"Polygon","coordinates":[[[-43.29,-21.66],[-43.19,-21.61],[-43.13,-21.69],[-43.25,-21.77],[-43.26,-21.68],[-43.29,-21.66]]]}},{"type":"Feature","properties":{"codarea":"3116001"},"geometry":{"type":"Polygon","coordinates":[[[-41.73,-20.1],[-41.75,-20.04],[-41.66,-19.94],[-41.59,-20.0],[-41.55,-20.0],[-41.59,-20.06],[-41.73,-20.1]]]}},{"type":"Feature","properties":{"codarea":"3116100"},"geometry":{"type":"Polygon","coordinates":[[[-42.63,-17.1],[-42.68,-17.04],[-42.66,-16.99],[-42.55,-16.95],[-42.52,-17.01],[-42.47,-17.01],[-42.43,-17.09],[-42.34,-17.11],[-42.32,-17.19],[-42.27,-17.15],[-42.15,-17.26],[-42.1,-17.35],[-42.18,-17.37],[-42.32,-17.23],[-42.37,-17.27],[-42.47,-17.15],[-42.56,-17.17],[-42.63,-17.1]]]}},{"type":"Feature","properties":{"codarea":"3116159"},"geometry":{"type":"Polygon","coordinates":[[[-45.82,-15.41],[-45.61,-15.23],[-45.72,-15.24],[-45.77,-15.18],[-45.74,-15.12],[-45.65,-15.02],[-45.57,-15.03],[-45.43,-15.13],[-45.47,-15.22],[-45.44,-15.31],[-45.27,-15.36],[-45.24,-15.5],[-45.18,-15.56],[-45.09,-15.59],[-45.26,-15.75],[-45.23,-15.84],[-45.31,-15.9],[-45.39,-15.89],[-45.47,-15.78],[-45.59,-15.72],[-45.56,-15.69],[-45.59,-15.65],[-45.6,-15.44],[-45.66,-15.42],[-45.73,-15.44],[-45.76,-15.41],[-45.79,-15.43],[-45.82,-15.41]]]}},{"type":"Feature","properties":{"codarea":"3116209"},"geometry":{"type":"Polygon","coordinates":[[[-42.88,-21.85],[-42.92,-21.93],[-42.91,-21.99],[-43.14,-22.1],[-43.12,-21.99],[-42.97,-21.94],[-42.88,-21.85]]]}},{"type":"Feature","properties":{"codarea":"3116308"},"geometry":{"type":"Polygon","coordinates":[[[-43.47,-20.94],[-43.37,-20.87],[-43.3,-20.85],[-43.29,-20.96],[-43.32,-20.98],[-43.35,-20.95],[-43.42,-20.98],[-43.47,-20.94]]]}},{"type":"Feature","properties":{"codarea":"3116407"},"geometry":{"type":"Polygon","coordinates":[[[-47.28,-20.29],[-47.23,-20.23],[-47.18,-20.29],[-47.22,-20.37],[-47.2,-20.46],[-47.22,-20.49],[-47.29,-20.45],[-47.28,-20.29]]]}},{"type":"Feature","properties":{"codarea":"3116506"},"geometry":{"type":"Polygon","coordinates":[[[-44.11,-17.15],[-44.22,-17.28],[-44.26,-17.26],[-44.31,-17.29],[-44.33,-17.25],[-44.27,-17.16],[-44.35,-17.11],[-44.28,-16.99],[-44.33,-16.95],[-44.13,-16.82],[-44.13,-16.96],[-44.2,-17.1],[-44.13,-17.11],[-44.11,-17.15]]]}},{"type":"Feature","properties":{"codarea":"3116605"},"geometry":{"type":"Polygon","coordinates":[[[-44.89,-20.47],[-44.9,-20.26],[-44.87,-20.31],[-44.76,-20.25],[-44.66,-20.34],[-44.63,-20.41],[-44.66,-20.47],[-44.71,-20.48],[-44.7,-20.54],[-44.74,-20.56],[-44.89,-20.47]]]}},{"type":"Feature","properties":{"codarea":"3116704"},"geometry":{"type":"Polygon","coordinates":[[[-42.73,-20.86],[-42.85,-20.88],[-42.89,-20.82],[-42.71,-20.82],[-42.73,-20.86]]]}},{"type":"Feature","properties":{"codarea":"3116803"},"geometry":{"type":"Polygon","coordinates":[[[-42.87,-18.12],[-42.83,-18.1],[-42.8,-18.21],[-42.76,-18.21],[-42.77,-18.25],[-42.73,-18.28],[-42.73,-18.32],[-42.8,-18.38],[-42.87,-18.36],[-42.87,-18.29],[-42.91,-18.29],[-42.95,-18.24],[-42.87,-18.12]]]}},{"type":"Feature","properties":{"codarea":"3116902"},"geometry":{"type":"Polygon","coordinates":[[[-49.37,-19.54],[-49.3,-19.54],[-49.16,-19.6],[-48.96,-19.57],[-48.86,-19.62],[-48.84,-19.59],[-48.82,-19.65],[-48.86,-19.7],[-48.83,-19.81],[-48.88,-19.78],[-48.92,-19.8],[-49.14,-19.79],[-49.21,-19.75],[-49.22,-19.67],[-49.27,-19.69],[-49.33,-19.66],[-49.37,-19.54]]]}},{"type":"Feature","properties":{"codarea":"3117009"},"geometry":{"type":"Polygon","coordinates":[[[-41.9,-16.34],[-41.93,-16.28],[-41.87,-16.18],[-41.7,-16.16],[-41.69,-16.2],[-41.63,-16.23],[-41.63,-16.38],[-41.67,-16.37],[-41.72,-16.43],[-41.84,-16.36],[-41.87,-16.38],[-41.9,-16.34]]]}},{"type":"Feature","properties":{"codarea":"3117108"},"geometry":{"type":"Polygon","coordinates":[[[-46.29,-21.15],[-46.35,-21.01],[-46.29,-21.0],[-46.14,-21.05],[-46.07,-21.15],[-46.15,-21.15],[-46.18,-21.2],[-46.29,-21.15]]]}},{"type":"Feature","properties":{"codarea":"3117207"},"geometry":{"type":"Polygon","coordinates":[[[-45.37,-22.08],[-45.33,-22.12],[-45.39,-22.17],[-45.51,-22.19],[-45.37,-22.08]]]}},{"type":"Feature","properties":{"codarea":"3117306"},"geometry":{"type":"Polygon","coordinates":[[[-48.45,-20.13],[-48.54,-20.13],[-48.56,-19.97],[-48.54,-19.89],[-48.45,-19.78],[-48.35,-19.82],[-48.33,-19.74],[-48.15,-19.88],[-48.17,-19.95],[-48.13,-19.98],[-48.2,-20.05],[-48.23,-20.03],[-48.25,-20.08],[-48.22,-20.13],[-48.45,-20.13]]]}},{"type":"Feature","properties":{"codarea":"3117405"},"geometry":{"type":"Polygon","coordinates":[[[-41.65,-19.97],[-41.66,-19.94],[-41.72,-20.0],[-41.81,-19.99],[-41.84,-19.93],[-41.74,-19.91],[-41.59,-19.81],[-41.6,-19.93],[-41.65,-19.97]]]}},{"type":"Feature","properties":{"codarea":"3117504"},"geometry":{"type":"Polygon","coordinates":[[[-43.62,-19.08],[-43.68,-18.94],[-43.61,-18.9],[-43.61,-18.75],[-43.67,-18.73],[-43.82,-18.79],[-43.87,-18.67],[-43.8,-18.62],[-43.49,-18.72],[-43.52,-18.78],[-43.43,-18.88],[-43.31,-18.87],[-43.36,-18.91],[-43.29,-19.04],[-43.32,-19.07],[-43.25,-19.14],[-43.16,-19.11],[-43.13,-19.24],[-43.19,-19.24],[-43.19,-19.22],[-43.25,-19.2],[-43.34,-19.1],[-43.37,-19.14],[-43.51,-19.17],[-43.55,-19.16],[-43.62,-19.08]]]}},{"type":"Feature","properties":{"codarea":"3117603"},"geometry":{"type":"Polygon","coordinates":[[[-44.78,-19.77],[-44.78,-19.87],[-44.82,-19.89],[-44.89,-19.86],[-44.88,-19.82],[-44.93,-19.78],[-44.99,-19.79],[-44.95,-19.69],[-44.78,-19.77]]]}},{"type":"Feature","properties":{"codarea":"3117702"},"geometry":{"type":"Polygon","coordinates":[[[-45.13,-21.98],[-45.2,-21.99],[-45.22,-21.91],[-45.12,-21.85],[-45.12,-21.78],[-45.04,-21.78],[-44.98,-21.85],[-45.0,-21.95],[-45.07,-22.01],[-45.13,-21.98]]]}},{"type":"Feature","properties":{"codarea":"3117801"},"geometry":{"type":"Polygon","coordinates":[[[-45.68,-22.37],[-45.7,-22.5],[-45.78,-22.47],[-45.83,-22.51],[-45.88,-22.5],[-45.83,-22.4],[-45.72,-22.41],[-45.68,-22.37]]]}},{"type":"Feature","properties":{"codarea":"3117836"},"geometry":{"type":"Polygon","coordinates":[[[-44.63,-15.34],[-44.69,-15.21],[-44.63,-15.08],[-44.73,-14.95],[-44.67,-14.88],[-44.78,-14.77],[-44.82,-14.77],[-44.81,-14.72],[-44.69,-14.63],[-44.64,-14.62],[-44.52,-14.71],[-44.53,-14.86],[-44.48,-14.91],[-44.49,-14.96],[-44.58,-15.08],[-44.56,-15.18],[-44.49,-15.27],[-44.44,-15.22],[-44.36,-15.3],[-44.37,-15.4],[-44.34,-15.44],[-44.36,-15.46],[-44.51,-15.29],[-44.63,-15.34]]]}},{"type":"Feature","properties":{"codarea":"3117876"},"geometry":{"type":"Polygon","coordinates":[[[-44.01,-19.66],[-43.97,-19.6],[-43.94,-19.67],[-43.99,-19.69],[-44.01,-19.66]]]}},{"type":"Feature","properties":{"codarea":"3117900"},"geometry":{"type":"Polygon","coordinates":[[[-45.96,-22.13],[-45.99,-22.21],[-46.04,-22.23],[-46.12,-22.21],[-46.1,-22.1],[-46.05,-22.04],[-45.96,-22.13]]]}},{"type":"Feature","properties":{"codarea":"3118007"},"geometry":{"type":"Polygon","coordinates":[[[-43.91,-20.6],[-43.91,-20.56],[-43.98,-20.54],[-43.99,-20.51],[-43.89,-20.42],[-43.8,-20.46],[-43.8,-20.5],[-43.74,-20.51],[-43.71,-20.56],[-43.8,-20.54],[-43.81,-20.59],[-43.91,-20.6]]]}},{"type":"Feature","properties":{"codarea":"3118106"},"geometry":{"type":"Polygon","coordinates":[[[-43.62,-19.08],[-43.66,-19.03],[-43.74,-19.02],[-43.72,-18.96],[-43.8,-18.77],[-43.67,-18.73],[-43.61,-18.75],[-43.61,-18.9],[-43.68,-18.94],[-43.62,-19.08]]]}},{"type":"Feature","properties":{"codarea":"3118205"},"geometry":{"type":"Polygon","coordinates":[[[-47.6,-19.67],[-47.57,-19.76],[-47.52,-19.78],[-47.55,-19.89],[-47.49,-19.97],[-47.64,-20.05],[-47.71,-19.98],[-47.76,-19.99],[-47.76,-19.9],[-47.69,-19.86],[-47.64,-19.68],[-47.6,-19.67]]]}},{"type":"Feature","properties":{"codarea":"3118304"},"geometry":{"type":"Polygon","coordinates":[[[-43.92,-20.66],[-43.91,-20.6],[-43.81,-20.59],[-43.8,-20.54],[-43.68,-20.62],[-43.69,-20.72],[-43.76,-20.76],[-43.77,-20.8],[-43.88,-20.68],[-43.92,-20.66]]]}},{"type":"Feature","properties":{"codarea":"3118403"},"geometry":{"type":"Polygon","coordinates":[[[-41.26,-18.87],[-41.17,-18.86],[-41.14,-18.93],[-41.18,-18.97],[-41.29,-18.98],[-41.28,-19.12],[-41.38,-19.2],[-41.35,-19.27],[-41.42,-19.28],[-41.44,-19.32],[-41.5,-19.36],[-41.47,-19.42],[-41.51,-19.49],[-41.54,-19.49],[-41.59,-19.44],[-41.57,-19.34],[-41.68,-19.38],[-41.7,-19.27],[-41.62,-19.12],[-41.56,-19.1],[-41.53,-19.04],[-41.43,-19.01],[-41.36,-19.02],[-41.26,-18.87]]]}},{"type":"Feature","properties":{"codarea":"3118502"},"geometry":{"type":"Polygon","coordinates":[[[-45.95,-22.59],[-45.92,-22.47],[-45.89,-22.47],[-45.87,-22.52],[-45.9,-22.6],[-45.95,-22.59]]]}},{"type":"Feature","properties":{"codarea":"3118601"},"geometry":{"type":"Polygon","coordinates":[[[-44.06,-19.98],[-44.07,-19.95],[-44.15,-19.92],[-44.16,-19.84],[-44.14,-19.8],[-44.08,-19.84],[-44.02,-19.83],[-44.02,-19.97],[-44.06,-19.98]]]}},{"type":"Feature","properties":{"codarea":"3118700"},"geometry":{"type":"Polygon","coordinates":[[[-45.52,-21.22],[-45.52,-21.12],[-45.45,-21.14],[-45.43,-21.09],[-45.34,-21.07],[-45.31,-21.18],[-45.35,-21.19],[-45.39,-21.29],[-45.42,-21.25],[-45.52,-21.22]]]}},{"type":"Feature","properties":{"codarea":"3118809"},"geometry":{"type":"Polygon","coordinates":[[[-44.57,-16.86],[-44.61,-16.88],[-44.63,-16.78],[-44.69,-16.8],[-44.67,-16.68],[-44.72,-16.68],[-44.78,-16.73],[-44.8,-16.69],[-44.85,-16.7],[-44.68,-16.55],[-44.52,-16.66],[-44.44,-16.62],[-44.41,-16.57],[-44.43,-16.47],[-44.47,-16.44],[-44.33,-16.35],[-44.07,-16.49],[-44.02,-16.45],[-43.98,-16.47],[-43.97,-16.52],[-44.05,-16.62],[-44.11,-16.61],[-44.15,-16.73],[-44.21,-16.69],[-44.22,-16.63],[-44.31,-16.69],[-44.29,-16.77],[-44.57,-16.86]]]}},{"type":"Feature","properties":{"codarea":"3118908"},"geometry":{"type":"Polygon","coordinates":[[[-44.41,-19.13],[-44.22,-18.95],[-44.1,-18.95],[-44.03,-19.1],[-44.14,-19.24],[-44.18,-19.16],[-44.24,-19.16],[-44.3,-19.24],[-44.37,-19.23],[-44.41,-19.13]]]}},{"type":"Feature","properties":{"codarea":"3119005"},"geometry":{"type":"Polygon","coordinates":[[[-45.56,-21.79],[-45.6,-21.8],[-45.61,-21.85],[-45.7,-21.83],[-45.74,-21.86],[-45.71,-21.68],[-45.62,-21.76],[-45.57,-21.75],[-45.56,-21.79]]]}},{"type":"Feature","properties":{"codarea":"3119104"},"geometry":{"type":"Polygon","coordinates":[[[-44.31,-18.23],[-44.31,-18.28],[-44.41,-18.38],[-44.45,-18.55],[-44.52,-18.62],[-44.59,-18.52],[-44.69,-18.56],[-44.75,-18.68],[-44.82,-18.66],[-44.87,-18.44],[-44.81,-18.3],[-44.83,-18.23],[-44.81,-18.17],[-44.75,-18.17],[-44.71,-18.09],[-44.62,-18.06],[-44.59,-17.99],[-44.53,-18.0],[-44.54,-18.05],[-44.48,-18.07],[-44.46,-18.2],[-44.39,-18.19],[-44.31,-18.23]]]}},{"type":"Feature","properties":{"codarea":"3119203"},"geometry":{"type":"Polygon","coordinates":[[[-42.23,-18.54],[-42.22,-18.56],[-42.09,-18.55],[-42.05,-18.58],[-42.21,-18.71],[-42.35,-18.74],[-42.36,-18.65],[-42.42,-18.61],[-42.45,-18.53],[-42.34,-18.51],[-42.28,-18.56],[-42.23,-18.54]]]}},{"type":"Feature","properties":{"codarea":"3119302"},"geometry":{"type":"Polygon","coordinates":[[[-46.81,-18.65],[-46.85,-18.67],[-46.86,-18.73],[-46.96,-18.75],[-47.01,-18.7],[-47.07,-18.7],[-47.16,-18.76],[-47.34,-18.68],[-47.33,-18.59],[-47.3,-18.55],[-47.33,-18.54],[-47.31,-18.42],[-47.36,-18.35],[-47.37,-18.22],[-47.41,-18.22],[-47.43,-18.17],[-47.19,-17.96],[-47.09,-18.12],[-47.09,-18.2],[-47.0,-18.19],[-46.99,-18.23],[-46.95,-18.21],[-46.92,-18.26],[-46.99,-18.29],[-47.0,-18.34],[-46.89,-18.49],[-46.8,-18.53],[-46.81,-18.65]]]}},{"type":"Feature","properties":{"codarea":"3119401"},"geometry":{"type":"Polygon","coordinates":[[[-42.67,-19.53],[-42.72,-19.53],[-42.79,-19.41],[-42.74,-19.36],[-42.7,-19.35],[-42.7,-19.42],[-42.6,-19.47],[-42.57,-19.52],[-42.58,-19.54],[-42.67,-19.53]]]}},{"type":"Feature","properties":{"codarea":"3119500"},"geometry":{"type":"Polygon","coordinates":[[[-42.38,-16.47],[-42.18,-16.48],[-42.11,-16.44],[-42.02,-16.49],[-42.04,-16.63],[-42.09,-16.73],[-42.17,-16.77],[-42.21,-16.76],[-42.21,-16.71],[-42.25,-16.73],[-42.31,-16.66],[-42.29,-16.55],[-42.38,-16.47]]]}},{"type":"Feature","properties":{"codarea":"3119609"},"geometry":{"type":"Polygon","coordinates":[[[-43.26,-21.54],[-43.21,-21.61],[-43.33,-21.66],[-43.36,-21.59],[-43.26,-21.54]]]}},{"type":"Feature","properties":{"codarea":"3119708"},"geometry":{"type":"Polygon","coordinates":[[[-44.22,-21.07],[-44.26,-21.08],[-44.28,-21.02],[-44.15,-20.95],[-44.14,-21.07],[-44.22,-21.07]]]}},{"type":"Feature","properties":{"codarea":"3119807"},"geometry":{"type":"Polygon","coordinates":[[[-45.99,-19.91],[-46.13,-19.8],[-46.12,-19.66],[-46.01,-19.66],[-45.95,-19.61],[-45.94,-19.7],[-45.81,-19.85],[-45.8,-19.91],[-45.99,-19.91]]]}},{"type":"Feature","properties":{"codarea":"3119906"},"geometry":{"type":"Polygon","coordinates":[[[-45.96,-22.69],[-46.05,-22.69],[-46.03,-22.6],[-45.95,-22.55],[-45.96,-22.69]]]}},{"type":"Feature","properties":{"codarea":"3119955"},"geometry":{"type":"Polygon","coordinates":[[[-45.59,-20.47],[-45.56,-20.39],[-45.51,-20.4],[-45.48,-20.5],[-45.53,-20.52],[-45.59,-20.47]]]}},{"type":"Feature","properties":{"codarea":"3120003"},"geometry":{"type":"Polygon","coordinates":[[[-42.37,-19.86],[-42.43,-19.85],[-42.46,-19.9],[-42.55,-19.89],[-42.5,-19.79],[-42.44,-19.76],[-42.36,-19.76],[-42.34,-19.8],[-42.37,-19.86]]]}},{"type":"Feature","properties":{"codarea":"3120102"},"geometry":{"type":"Polygon","coordinates":[[[-43.41,-17.95],[-43.45,-18.04],[-43.36,-18.1],[-43.39,-18.15],[-43.37,-18.23],[-43.27,-18.25],[-43.26,-18.3],[-43.31,-18.28],[-43.32,-18.32],[-43.4,-18.29],[-43.38,-18.26],[-43.55,-18.05],[-43.5,-17.85],[-43.47,-17.83],[-43.45,-17.93],[-43.41,-17.95]]]}},{"type":"Feature","properties":{"codarea":"3120151"},"geometry":{"type":"Polygon","coordinates":[[[-41.07,-17.35],[-41.18,-17.28],[-41.21,-17.22],[-41.15,-17.13],[-41.06,-17.16],[-41.03,-17.13],[-40.97,-17.17],[-40.84,-17.11],[-40.76,-17.16],[-40.78,-17.26],[-40.75,-17.35],[-40.82,-17.38],[-40.85,-17.34],[-41.07,-17.35]]]}},{"type":"Feature","properties":{"codarea":"3120201"},"geometry":{"type":"Polygon","coordinates":[[[-45.68,-20.86],[-45.68,-20.8],[-45.73,-20.73],[-45.59,-20.69],[-45.51,-20.7],[-45.39,-20.85],[-45.46,-20.92],[-45.54,-20.94],[-45.59,-20.94],[-45.61,-20.87],[-45.68,-20.86]]]}},{"type":"Feature","properties":{"codarea":"3120300"},"geometry":{"type":"Polygon","coordinates":[[[-42.99,-16.68],[-42.92,-16.59],[-42.82,-16.6],[-42.76,-16.54],[-42.73,-16.57],[-42.74,-16.66],[-42.68,-16.72],[-42.6,-16.73],[-42.74,-16.85],[-42.81,-16.87],[-42.87,-16.8],[-42.92,-16.84],[-42.94,-16.79],[-43.0,-16.77],[-42.99,-16.68]]]}},{"type":"Feature","properties":{"codarea":"3120409"},"geometry":{"type":"Polygon","coordinates":[[[-43.77,-20.8],[-43.73,-20.84],[-43.8,-20.88],[-43.9,-20.89],[-43.89,-20.8],[-43.82,-20.77],[-43.77,-20.8]]]}},{"type":"Feature","properties":{"codarea":"3120508"},"geometry":{"type":"Polygon","coordinates":[[[-45.24,-22.28],[-45.33,-22.3],[-45.33,-22.26],[-45.37,-22.27],[-45.37,-22.14],[-45.25,-22.11],[-45.16,-22.2],[-45.24,-22.28]]]}},{"type":"Feature","properties":{"codarea":"3120607"},"geometry":{"type":"Polygon","coordinates":[[[-44.28,-20.42],[-44.35,-20.5],[-44.44,-20.35],[-44.33,-20.33],[-44.28,-20.42]]]}},{"type":"Feature","properties":{"codarea":"3120706"},"geometry":{"type":"Polygon","coordinates":[[[-46.57,-18.99],[-46.65,-19.05],[-46.68,-19.01],[-46.75,-19.0],[-46.77,-18.96],[-46.66,-18.91],[-46.64,-18.87],[-46.59,-19.01],[-46.57,-18.99]]]}},{"type":"Feature","properties":{"codarea":"3120805"},"geometry":{"type":"Polygon","coordinates":[[[-44.88,-21.84],[-44.87,-21.61],[-44.8,-21.59],[-44.68,-21.64],[-44.69,-21.74],[-44.75,-21.86],[-44.83,-21.91],[-44.88,-21.84]]]}},{"type":"Feature","properties":{"codarea":"3120839"},"geometry":{"type":"Polygon","coordinates":[[[-41.06,-19.06],[-41.23,-19.09],[-41.16,-18.99],[-41.21,-18.97],[-41.14,-18.93],[-41.14,-18.89],[-41.03,-18.99],[-41.07,-19.03],[-41.06,-19.06]]]}},{"type":"Feature","properties":{"codarea":"3120870"},"geometry":{"type":"Polygon","coordinates":[[[-41.88,-15.75],[-41.77,-15.76],[-41.73,-15.74],[-41.73,-15.78],[-41.7,-15.8],[-41.6,-15.79],[-41.59,-15.86],[-41.65,-15.9],[-41.62,-15.94],[-41.83,-15.98],[-41.86,-15.96],[-41.92,-15.91],[-41.87,-15.84],[-41.88,-15.75]]]}},{"type":"Feature","properties":{"codarea":"3120904"},"geometry":{"type":"Polygon","coordinates":[[[-44.16,-18.77],[-44.11,-18.86],[-44.13,-18.88],[-44.07,-18.91],[-44.15,-18.96],[-44.22,-18.95],[-44.46,-19.16],[-44.52,-19.16],[-44.64,-19.23],[-44.69,-19.21],[-44.67,-19.17],[-44.71,-19.11],[-44.68,-19.06],[-44.75,-18.99],[-44.79,-18.99],[-44.78,-18.87],[-44.65,-18.79],[-44.67,-18.74],[-44.55,-18.66],[-44.46,-18.65],[-44.52,-18.62],[-44.45,-18.55],[-44.41,-18.38],[-44.31,-18.28],[-44.26,-18.33],[-44.27,-18.36],[-44.19,-18.42],[-44.18,-18.57],[-44.37,-18.62],[-44.37,-18.88],[-44.36,-18.9],[-44.31,-18.89],[-44.27,-18.83],[-44.28,-18.81],[-44.2,-18.74],[-44.16,-18.77]]]}},{"type":"Feature","properties":{"codarea":"3121001"},"geometry":{"type":"Polygon","coordinates":[[[-43.68,-18.38],[-43.68,-18.3],[-43.63,-18.31],[-43.63,-18.39],[-43.57,-18.44],[-43.65,-18.63],[-43.73,-18.65],[-43.74,-18.62],[-43.67,-18.58],[-43.68,-18.38]]]}},{"type":"Feature","properties":{"codarea":"3121100"},"geometry":{"type":"Polygon","coordinates":[[[-45.17,-22.53],[-45.27,-22.61],[-45.4,-22.65],[-45.42,-22.62],[-45.34,-22.52],[-45.37,-22.45],[-45.26,-22.38],[-45.17,-22.4],[-45.25,-22.47],[-45.2,-22.48],[-45.17,-22.53]]]}},{"type":"Feature","properties":{"codarea":"3121209"},"geometry":{"type":"Polygon","coordinates":[[[-46.82,-20.46],[-46.82,-20.42],[-46.9,-20.41],[-46.92,-20.36],[-46.98,-20.37],[-47.0,-20.32],[-47.11,-20.26],[-47.11,-20.2],[-46.93,-20.17],[-46.82,-20.2],[-46.78,-20.27],[-46.7,-20.28],[-46.57,-20.37],[-46.52,-20.36],[-46.46,-20.44],[-46.54,-20.55],[-46.59,-20.57],[-46.69,-20.5],[-46.82,-20.46]]]}},{"type":"Feature","properties":{"codarea":"3121258"},"geometry":{"type":"Polygon","coordinates":[[[-47.76,-19.99],[-47.85,-19.99],[-47.84,-19.87],[-47.76,-19.9],[-47.76,-19.99]]]}},{"type":"Feature","properties":{"codarea":"3121308"},"geometry":{"type":"Polygon","coordinates":[[[-43.05,-21.48],[-43.05,-21.4],[-42.89,-21.37],[-42.89,-21.48],[-42.91,-21.52],[-43.05,-21.48]]]}},{"type":"Feature","properties":{"codarea":"3121407"},"geometry":{"type":"Polygon","coordinates":[[[-44.32,-20.59],[-44.3,-20.55],[-44.22,-20.52],[-44.14,-20.56],[-44.16,-20.64],[-44.23,-20.65],[-44.27,-20.72],[-44.36,-20.71],[-44.38,-20.76],[-44.42,-20.71],[-44.32,-20.59]]]}},{"type":"Feature","properties":{"codarea":"3121506"},"geometry":{"type":"Polygon","coordinates":[[[-43.42,-21.16],[-43.52,-21.2],[-43.6,-21.17],[-43.61,-21.13],[-43.56,-21.13],[-43.51,-21.06],[-43.5,-21.11],[-43.42,-21.16]]]}},{"type":"Feature","properties":{"codarea":"3121605"},"geometry":{"type":"Polygon","coordinates":[[[-43.68,-18.38],[-43.83,-18.33],[-43.86,-18.37],[-43.93,-18.38],[-44.09,-18.22],[-44.02,-18.21],[-43.92,-18.12],[-43.94,-18.06],[-43.82,-18.03],[-43.75,-17.89],[-43.7,-17.88],[-43.61,-17.75],[-43.61,-17.63],[-43.57,-17.61],[-43.55,-17.54],[-43.5,-17.56],[-43.37,-17.52],[-43.32,-17.47],[-43.3,-17.38],[-43.22,-17.41],[-43.25,-17.64],[-43.3,-17.66],[-43.29,-17.71],[-43.38,-17.8],[-43.41,-17.95],[-43.45,-17.93],[-43.47,-17.83],[-43.5,-17.85],[-43.52,-17.97],[-43.55,-17.98],[-43.55,-18.05],[-43.38,-18.26],[-43.4,-18.29],[-43.46,-18.31],[-43.53,-18.43],[-43.57,-18.44],[-43.63,-18.39],[-43.63,-18.31],[-43.68,-18.3],[-43.68,-18.38]]]}},{"type":"Feature","properties":{"codarea":"3121704"},"geometry":{"type":"Polygon","coordinates":[[[-43.16,-20.51],[-43.25,-20.55],[-43.29,-20.5],[-43.27,-20.45],[-43.19,-20.43],[-43.16,-20.46],[-43.08,-20.43],[-43.05,-20.46],[-43.16,-20.51]]]}},{"type":"Feature","properties":{"codarea":"3121803"},"geometry":{"type":"Polygon","coordinates":[[[-42.78,-19.87],[-42.83,-19.91],[-42.86,-19.89],[-42.86,-19.86],[-42.72,-19.76],[-42.53,-19.81],[-42.48,-19.75],[-42.55,-19.89],[-42.64,-19.91],[-42.68,-19.87],[-42.78,-19.87]]]}},{"type":"Feature","properties":{"codarea":"3121902"},"geometry":{"type":"Polygon","coordinates":[[[-42.94,-20.98],[-42.92,-21.01],[-42.97,-21.05],[-43.07,-20.96],[-42.99,-20.93],[-42.94,-20.98]]]}},{"type":"Feature","properties":{"codarea":"3122009"},"geometry":{"type":"Polygon","coordinates":[[[-42.22,-20.67],[-42.3,-20.59],[-42.36,-20.58],[-42.28,-20.55],[-42.21,-20.59],[-42.16,-20.47],[-42.07,-20.51],[-42.1,-20.66],[-42.13,-20.69],[-42.22,-20.67]]]}},{"type":"Feature","properties":{"codarea":"3122108"},"geometry":{"type":"Polygon","coordinates":[[[-41.38,-18.7],[-41.38,-18.76],[-41.57,-18.81],[-41.59,-18.75],[-41.57,-18.58],[-41.51,-18.59],[-41.44,-18.7],[-41.38,-18.7]]]}},{"type":"Feature","properties":{"codarea":"3122207"},"geometry":{"type":"Polygon","coordinates":[[[-42.53,-18.72],[-42.47,-18.74],[-42.5,-18.79],[-42.58,-18.8],[-42.58,-18.84],[-42.62,-18.87],[-42.64,-18.77],[-42.53,-18.72]]]}},{"type":"Feature","properties":{"codarea":"3122306"},"geometry":{"type":"Polygon","coordinates":[[[-44.76,-20.25],[-44.87,-20.31],[-44.94,-20.21],[-45.07,-20.15],[-45.12,-20.08],[-45.05,-20.01],[-44.99,-20.01],[-44.96,-19.93],[-44.89,-19.92],[-44.91,-19.97],[-44.86,-20.09],[-44.75,-20.22],[-44.76,-20.25]]]}},{"type":"Feature","properties":{"codarea":"3122355"},"geometry":{"type":"Polygon","coordinates":[[[-41.33,-15.74],[-41.34,-15.8],[-41.43,-15.71],[-41.42,-15.64],[-41.34,-15.64],[-41.33,-15.74]]]}},{"type":"Feature","properties":{"codarea":"3122405"},"geometry":{"type":"Polygon","coordinates":[[[-46.21,-21.45],[-46.15,-21.48],[-46.18,-21.52],[-46.17,-21.58],[-46.23,-21.59],[-46.25,-21.55],[-46.32,-21.57],[-46.36,-21.53],[-46.3,-21.47],[-46.21,-21.45]]]}},{"type":"Feature","properties":{"codarea":"3122454"},"geometry":{"type":"Polygon","coordinates":[[[-41.14,-15.77],[-41.08,-15.72],[-41.01,-15.71],[-40.96,-15.65],[-40.9,-15.69],[-40.82,-15.65],[-40.72,-15.86],[-40.73,-15.9],[-40.84,-15.82],[-40.9,-15.83],[-40.96,-15.81],[-40.99,-15.84],[-41.03,-15.8],[-41.15,-15.8],[-41.14,-15.77]]]}},{"type":"Feature","properties":{"codarea":"3122470"},"geometry":{"type":"Polygon","coordinates":[[[-46.17,-16.78],[-46.2,-16.94],[-46.39,-16.82],[-46.47,-16.7],[-46.31,-16.55],[-46.16,-16.66],[-46.17,-16.78]]]}},{"type":"Feature","properties":{"codarea":"3122504"},"geometry":{"type":"Polygon","coordinates":[[[-42.14,-19.41],[-42.12,-19.35],[-42.03,-19.38],[-42.1,-19.43],[-42.14,-19.41]]]}},{"type":"Feature","properties":{"codarea":"3122603"},"geometry":{"type":"Polygon","coordinates":[[[-43.16,-18.97],[-43.22,-19.0],[-43.26,-19.1],[-43.3,-19.1],[-43.32,-19.07],[-43.29,-19.04],[-43.32,-18.95],[-43.36,-18.91],[-43.31,-18.87],[-43.33,-18.81],[-43.21,-18.77],[-43.16,-18.97]]]}},{"type":"Feature","properties":{"codarea":"3122702"},"geometry":{"type":"Polygon","coordinates":[[[-42.87,-20.04],[-42.88,-20.18],[-42.96,-20.2],[-43.06,-20.19],[-42.96,-20.06],[-42.87,-20.04]]]}},{"type":"Feature","properties":{"codarea":"3122801"},"geometry":{"type":"Polygon","coordinates":[[[-45.07,-22.24],[-45.17,-22.29],[-45.24,-22.28],[-45.14,-22.18],[-45.06,-22.18],[-45.07,-22.24]]]}},{"type":"Feature","properties":{"codarea":"3122900"},"geometry":{"type":"Polygon","coordinates":[[[-42.83,-21.39],[-42.81,-21.26],[-42.77,-21.3],[-42.77,-21.34],[-42.78,-21.38],[-42.83,-21.39]]]}},{"type":"Feature","properties":{"codarea":"3123007"},"geometry":{"type":"Polygon","coordinates":[[[-43.96,-21.04],[-43.93,-21.06],[-43.94,-21.12],[-44.04,-21.16],[-44.02,-21.05],[-43.96,-21.04]]]}},{"type":"Feature","properties":{"codarea":"3123106"},"geometry":{"type":"Polygon","coordinates":[[[-43.08,-19.06],[-43.08,-19.02],[-43.04,-19.03],[-42.98,-18.93],[-42.94,-18.93],[-42.86,-19.07],[-42.75,-19.15],[-42.82,-19.16],[-42.9,-19.11],[-42.95,-19.15],[-43.08,-19.06]]]}},{"type":"Feature","properties":{"codarea":"3123205"},"geometry":{"type":"Polygon","coordinates":[[[-45.74,-19.49],[-45.68,-19.4],[-45.71,-19.31],[-45.66,-19.31],[-45.62,-19.36],[-45.5,-19.36],[-45.47,-19.32],[-45.34,-19.34],[-45.33,-19.37],[-45.51,-19.7],[-45.56,-19.66],[-45.64,-19.66],[-45.71,-19.57],[-45.68,-19.54],[-45.74,-19.49]]]}},{"type":"Feature","properties":{"codarea":"3123304"},"geometry":{"type":"Polygon","coordinates":[[[-43.24,-21.09],[-43.26,-21.01],[-43.21,-20.93],[-43.17,-20.93],[-43.13,-20.98],[-43.1,-20.96],[-43.1,-21.11],[-43.13,-21.12],[-43.15,-21.07],[-43.24,-21.09]]]}},{"type":"Feature","properties":{"codarea":"3123403"},"geometry":{"type":"Polygon","coordinates":[[[-45.98,-20.34],[-45.94,-20.31],[-45.95,-20.25],[-45.89,-20.22],[-45.8,-20.31],[-45.83,-20.35],[-45.98,-20.34]]]}},{"type":"Feature","properties":{"codarea":"3123502"},"geometry":{"type":"Polygon","coordinates":[[[-47.71,-18.46],[-47.77,-18.42],[-47.74,-18.36],[-47.65,-18.35],[-47.58,-18.41],[-47.51,-18.4],[-47.45,-18.47],[-47.49,-18.51],[-47.56,-18.52],[-47.59,-18.48],[-47.71,-18.46]]]}},{"type":"Feature","properties":{"codarea":"3123528"},"geometry":{"type":"Polygon","coordinates":[[[-41.87,-20.2],[-41.89,-20.17],[-41.83,-20.11],[-41.81,-20.04],[-41.74,-20.06],[-41.74,-20.19],[-41.77,-20.26],[-41.82,-20.21],[-41.87,-20.2]]]}},{"type":"Feature","properties":{"codarea":"3123601"},"geometry":{"type":"Polygon","coordinates":[[[-45.55,-21.5],[-45.52,-21.6],[-45.46,-21.62],[-45.46,-21.66],[-45.58,-21.73],[-45.57,-21.75],[-45.62,-21.76],[-45.71,-21.68],[-45.66,-21.59],[-45.66,-21.46],[-45.63,-21.45],[-45.55,-21.5]]]}},{"type":"Feature","properties":{"codarea":"3123700"},"geometry":{"type":"Polygon","coordinates":[[[-42.09,-19.24],[-42.07,-19.21],[-42.12,-19.19],[-42.04,-19.12],[-42.02,-19.07],[-42.05,-19.04],[-41.94,-18.99],[-42.0,-19.07],[-41.97,-19.14],[-42.01,-19.17],[-42.01,-19.23],[-42.09,-19.24]]]}},{"type":"Feature","properties":{"codarea":"3123809"},"geometry":{"type":"Polygon","coordinates":[[[-44.06,-17.45],[-44.12,-17.41],[-44.16,-17.3],[-44.08,-17.21],[-44.11,-17.16],[-44.05,-17.16],[-43.97,-17.23],[-43.94,-17.21],[-43.88,-17.23],[-43.83,-17.28],[-43.92,-17.38],[-44.0,-17.36],[-44.06,-17.45]]]}},{"type":"Feature","properties":{"codarea":"3123858"},"geometry":{"type":"Polygon","coordinates":[[[-42.24,-19.73],[-42.28,-19.65],[-42.26,-19.58],[-42.23,-19.59],[-42.21,-19.7],[-42.24,-19.73]]]}},{"type":"Feature","properties":{"codarea":"3123908"},"geometry":{"type":"Polygon","coordinates":[[[-44.15,-20.77],[-44.27,-20.72],[-44.26,-20.68],[-44.16,-20.64],[-44.14,-20.6],[-44.02,-20.63],[-43.98,-20.69],[-43.94,-20.68],[-43.96,-20.76],[-44.0,-20.8],[-44.15,-20.77]]]}},{"type":"Feature","properties":{"codarea":"3124005"},"geometry":{"type":"Polygon","coordinates":[[[-42.72,-20.9],[-42.73,-20.86],[-42.65,-20.76],[-42.48,-20.76],[-42.49,-20.83],[-42.61,-20.99],[-42.65,-20.91],[-42.72,-20.9]]]}},{"type":"Feature","properties":{"codarea":"3124104"},"geometry":{"type":"Polygon","coordinates":[[[-44.14,-19.8],[-44.16,-19.84],[-44.23,-19.84],[-44.24,-19.88],[-44.34,-19.94],[-44.43,-19.74],[-44.5,-19.7],[-44.5,-19.64],[-44.41,-19.64],[-44.39,-19.58],[-44.24,-19.58],[-44.13,-19.71],[-44.16,-19.75],[-44.14,-19.8]]]}},{"type":"Feature","properties":{"codarea":"3124203"},"geometry":{"type":"Polygon","coordinates":[[[-41.85,-20.5],[-41.83,-20.48],[-41.8,-20.54],[-41.84,-20.6],[-41.81,-20.65],[-41.85,-20.69],[-41.91,-20.66],[-41.96,-20.7],[-41.99,-20.64],[-42.08,-20.6],[-42.07,-20.52],[-41.9,-20.58],[-41.85,-20.5]]]}},{"type":"Feature","properties":{"codarea":"3124302"},"geometry":{"type":"Polygon","coordinates":[[[-42.9,-15.04],[-42.85,-14.95],[-42.92,-14.89],[-42.98,-14.94],[-43.1,-14.85],[-43.2,-14.85],[-43.29,-14.79],[-43.49,-14.79],[-43.42,-14.72],[-43.17,-14.65],[-42.95,-14.71],[-42.65,-14.93],[-42.59,-14.93],[-42.52,-14.98],[-42.6,-15.06],[-42.66,-15.04],[-42.68,-15.1],[-42.78,-15.16],[-42.83,-15.04],[-42.9,-15.04]]]}},{"type":"Feature","properties":{"codarea":"3124401"},"geometry":{"type":"Polygon","coordinates":[[[-46.05,-22.04],[-46.06,-21.88],[-45.99,-21.91],[-45.96,-21.99],[-45.92,-21.99],[-45.9,-22.05],[-45.93,-22.09],[-45.9,-22.11],[-46.0,-22.11],[-46.01,-22.04],[-46.05,-22.04]]]}},{"type":"Feature","properties":{"codarea":"3124500"},"geometry":{"type":"Polygon","coordinates":[[[-46.12,-22.49],[-46.1,-22.4],[-46.07,-22.41],[-46.04,-22.36],[-46.01,-22.41],[-45.92,-22.41],[-45.96,-22.54],[-45.99,-22.55],[-46.0,-22.52],[-46.12,-22.49]]]}},{"type":"Feature","properties":{"codarea":"3124609"},"geometry":{"type":"Polygon","coordinates":[[[-42.56,-21.68],[-42.53,-21.65],[-42.44,-21.65],[-42.42,-21.74],[-42.38,-21.75],[-42.46,-21.79],[-42.48,-21.72],[-42.56,-21.68]]]}},{"type":"Feature","properties":{"codarea":"3124708"},"geometry":{"type":"Polygon","coordinates":[[[-45.74,-19.49],[-45.68,-19.54],[-45.71,-19.57],[-45.64,-19.66],[-45.7,-19.7],[-45.94,-19.7],[-45.95,-19.61],[-45.9,-19.54],[-45.9,-19.44],[-45.74,-19.49]]]}},{"type":"Feature","properties":{"codarea":"3124807"},"geometry":{"type":"Polygon","coordinates":[[[-47.61,-18.8],[-47.66,-18.8],[-47.67,-18.94],[-47.71,-18.92],[-47.69,-18.89],[-47.72,-18.83],[-47.87,-18.83],[-47.89,-18.68],[-47.81,-18.64],[-47.72,-18.55],[-47.63,-18.54],[-47.58,-18.62],[-47.61,-18.8]]]}},{"type":"Feature","properties":{"codarea":"3124906"},"geometry":{"type":"Polygon","coordinates":[[[-42.12,-21.07],[-42.17,-21.13],[-42.3,-21.12],[-42.25,-21.05],[-42.3,-21.0],[-42.21,-20.85],[-42.17,-20.9],[-42.16,-20.97],[-42.22,-21.02],[-42.12,-21.07]]]}},{"type":"Feature","properties":{"codarea":"3125002"},"geometry":{"type":"Polygon","coordinates":[[[-43.64,-21.61],[-43.55,-21.52],[-43.47,-21.53],[-43.54,-21.62],[-43.64,-21.61]]]}},{"type":"Feature","properties":{"codarea":"3125101"},"geometry":{"type":"Polygon","coordinates":[[[-46.19,-22.87],[-46.34,-22.91],[-46.38,-22.88],[-46.37,-22.82],[-46.3,-22.72],[-46.17,-22.84],[-46.19,-22.87]]]}},{"type":"Feature","properties":{"codarea":"3125200"},"geometry":{"type":"Polygon","coordinates":[[[-45.86,-21.52],[-45.83,-21.39],[-45.76,-21.42],[-45.81,-21.53],[-45.86,-21.52]]]}},{"type":"Feature","properties":{"codarea":"3125309"},"geometry":{"type":"Polygon","coordinates":[[[-41.97,-20.73],[-41.93,-20.74],[-41.93,-20.84],[-42.17,-20.79],[-42.09,-20.73],[-42.02,-20.77],[-41.97,-20.73]]]}},{"type":"Feature","properties":{"codarea":"3125408"},"geometry":{"type":"Polygon","coordinates":[[[-43.14,-18.11],[-43.19,-18.2],[-43.23,-18.22],[-43.24,-18.27],[-43.32,-18.24],[-43.31,-18.04],[-43.2,-18.02],[-43.14,-18.11]]]}},{"type":"Feature","properties":{"codarea":"3125507"},"geometry":{"type":"Polygon","coordinates":[[[-43.41,-17.95],[-43.32,-17.95],[-43.33,-18.01],[-43.29,-18.0],[-43.28,-18.02],[-43.31,-18.04],[-43.32,-18.24],[-43.37,-18.23],[-43.39,-18.15],[-43.36,-18.1],[-43.45,-18.04],[-43.41,-17.95]]]}},{"type":"Feature","properties":{"codarea":"3125606"},"geometry":{"type":"Polygon","coordinates":[[[-40.89,-16.62],[-40.82,-16.48],[-40.79,-16.52],[-40.71,-16.49],[-40.66,-16.51],[-40.68,-16.6],[-40.63,-16.61],[-40.65,-16.68],[-40.64,-16.73],[-40.58,-16.75],[-40.59,-16.78],[-40.71,-16.84],[-40.69,-16.81],[-40.73,-16.72],[-40.89,-16.62]]]}},{"type":"Feature","properties":{"codarea":"3125705"},"geometry":{"type":"Polygon","coordinates":[[[-45.19,-18.81],[-45.24,-18.59],[-45.16,-18.67],[-45.16,-18.6],[-45.04,-18.5],[-44.92,-18.5],[-44.85,-18.55],[-44.8,-18.69],[-44.76,-18.72],[-44.71,-18.7],[-44.65,-18.79],[-44.78,-18.87],[-45.19,-18.81]]]}},{"type":"Feature","properties":{"codarea":"3125804"},"geometry":{"type":"Polygon","coordinates":[[[-42.18,-19.12],[-42.13,-19.02],[-42.02,-19.07],[-42.06,-19.16],[-42.12,-19.19],[-42.13,-19.13],[-42.18,-19.12]]]}},{"type":"Feature","properties":{"codarea":"3125903"},"geometry":{"type":"Polygon","coordinates":[[[-43.1,-19.38],[-43.11,-19.34],[-43.15,-19.31],[-43.12,-19.2],[-43.16,-19.11],[-43.09,-19.11],[-43.08,-19.06],[-42.95,-19.15],[-42.9,-19.11],[-42.82,-19.16],[-42.75,-19.15],[-42.79,-19.19],[-42.75,-19.23],[-42.73,-19.32],[-42.79,-19.41],[-42.9,-19.43],[-42.96,-19.31],[-43.04,-19.31],[-43.1,-19.38]]]}},{"type":"Feature","properties":{"codarea":"3125952"},"geometry":{"type":"Polygon","coordinates":[[[-42.22,-20.67],[-42.25,-20.74],[-42.36,-20.78],[-42.47,-20.75],[-42.48,-20.72],[-42.36,-20.58],[-42.3,-20.59],[-42.22,-20.67]]]}},{"type":"Feature","properties":{"codarea":"3126000"},"geometry":{"type":"Polygon","coordinates":[[[-44.44,-19.93],[-44.48,-19.92],[-44.53,-19.95],[-44.51,-19.86],[-44.44,-19.77],[-44.35,-19.91],[-44.44,-19.93]]]}},{"type":"Feature","properties":{"codarea":"3126109"},"geometry":{"type":"Polygon","coordinates":[[[-45.26,-20.65],[-45.59,-20.69],[-45.73,-20.73],[-45.83,-20.67],[-45.67,-20.44],[-45.53,-20.52],[-45.48,-20.5],[-45.51,-20.35],[-45.39,-20.32],[-45.3,-20.38],[-45.32,-20.44],[-45.26,-20.56],[-45.29,-20.59],[-45.26,-20.65]]]}},{"type":"Feature","properties":{"codarea":"3126208"},"geometry":{"type":"Polygon","coordinates":[[[-46.04,-14.88],[-45.97,-14.97],[-45.98,-15.04],[-46.05,-15.16],[-46.12,-15.2],[-46.1,-15.24],[-46.06,-15.26],[-45.96,-15.14],[-45.87,-15.16],[-45.81,-15.11],[-45.74,-15.12],[-45.77,-15.18],[-45.72,-15.24],[-45.61,-15.23],[-45.84,-15.43],[-46.02,-15.37],[-46.06,-15.42],[-46.29,-15.41],[-46.42,-15.2],[-46.42,-15.1],[-46.53,-15.01],[-46.52,-14.85],[-46.56,-14.78],[-46.47,-14.71],[-46.32,-14.81],[-46.3,-14.86],[-46.32,-14.9],[-46.29,-14.93],[-46.09,-14.94],[-46.04,-14.88]]]}},{"type":"Feature","properties":{"codarea":"3126307"},"geometry":{"type":"Polygon","coordinates":[[[-46.71,-20.84],[-46.67,-20.9],[-46.75,-20.97],[-46.8,-20.98],[-46.8,-20.93],[-46.87,-20.89],[-46.81,-20.81],[-46.76,-20.85],[-46.71,-20.84]]]}},{"type":"Feature","properties":{"codarea":"3126406"},"geometry":{"type":"Polygon","coordinates":[[[-44.45,-19.54],[-44.4,-19.59],[-44.41,-19.64],[-44.5,-19.64],[-44.57,-19.6],[-44.55,-19.59],[-44.58,-19.51],[-44.55,-19.43],[-44.49,-19.55],[-44.45,-19.54]]]}},{"type":"Feature","properties":{"codarea":"3126505"},"geometry":{"type":"Polygon","coordinates":[[[-42.19,-16.86],[-42.17,-16.93],[-42.26,-16.99],[-42.23,-17.06],[-42.39,-17.12],[-42.43,-17.09],[-42.37,-16.93],[-42.39,-16.91],[-42.34,-16.86],[-42.19,-16.86]]]}},{"type":"Feature","properties":{"codarea":"3126604"},"geometry":{"type":"Polygon","coordinates":[[[-44.09,-17.43],[-44.12,-17.61],[-44.16,-17.66],[-44.36,-17.7],[-44.47,-17.6],[-44.42,-17.36],[-44.36,-17.26],[-44.33,-17.25],[-44.31,-17.29],[-44.26,-17.26],[-44.22,-17.28],[-44.11,-17.16],[-44.08,-17.21],[-44.16,-17.3],[-44.09,-17.43]]]}},{"type":"Feature","properties":{"codarea":"3126703"},"geometry":{"type":"Polygon","coordinates":[[[-43.49,-16.81],[-43.56,-16.73],[-43.67,-16.73],[-43.7,-16.69],[-43.76,-16.53],[-43.75,-16.41],[-43.68,-16.4],[-43.67,-16.3],[-43.54,-16.14],[-43.53,-16.09],[-43.46,-16.08],[-43.37,-16.12],[-43.26,-16.12],[-43.13,-16.23],[-43.19,-16.39],[-43.38,-16.41],[-43.41,-16.45],[-43.49,-16.73],[-43.49,-16.81]]]}},{"type":"Feature","properties":{"codarea":"3126752"},"geometry":{"type":"Polygon","coordinates":[[[-42.15,-18.02],[-42.05,-17.95],[-42.06,-17.91],[-42.02,-17.86],[-41.87,-17.86],[-41.88,-17.89],[-41.8,-17.94],[-41.83,-18.04],[-41.91,-18.12],[-42.05,-18.15],[-42.15,-18.02]]]}},{"type":"Feature","properties":{"codarea":"3126802"},"geometry":{"type":"Polygon","coordinates":[[[-41.58,-18.26],[-41.66,-18.14],[-41.62,-18.07],[-41.54,-18.01],[-41.5,-18.04],[-41.39,-18.0],[-41.37,-18.06],[-41.44,-18.14],[-41.36,-18.27],[-41.58,-18.26]]]}},{"type":"Feature","properties":{"codarea":"3126901"},"geometry":{"type":"Polygon","coordinates":[[[-41.97,-18.53],[-42.02,-18.52],[-42.04,-18.47],[-41.97,-18.38],[-41.93,-18.38],[-41.93,-18.44],[-41.84,-18.44],[-41.78,-18.55],[-41.73,-18.53],[-41.7,-18.56],[-41.72,-18.6],[-41.76,-18.59],[-41.78,-18.65],[-41.83,-18.66],[-41.84,-18.61],[-41.93,-18.58],[-41.97,-18.53]]]}},{"type":"Feature","properties":{"codarea":"3126950"},"geometry":{"type":"Polygon","coordinates":[[[-42.83,-18.1],[-42.68,-18.1],[-42.7,-18.19],[-42.8,-18.21],[-42.83,-18.1]]]}},{"type":"Feature","properties":{"codarea":"3127008"},"geometry":{"type":"Polygon","coordinates":[[[-49.26,-20.26],[-49.27,-20.23],[-49.17,-20.22],[-49.1,-20.12],[-49.07,-20.15],[-49.12,-20.27],[-49.18,-20.31],[-49.26,-20.26]]]}},{"type":"Feature","properties":{"codarea":"3127057"},"geometry":{"type":"Polygon","coordinates":[[[-40.97,-16.9],[-40.89,-16.8],[-40.85,-16.87],[-40.76,-16.82],[-40.71,-16.83],[-40.74,-16.9],[-40.72,-16.96],[-40.88,-16.96],[-40.97,-16.9]]]}},{"type":"Feature","properties":{"codarea":"3127073"},"geometry":{"type":"Polygon","coordinates":[[[-42.49,-16.31],[-42.54,-16.21],[-42.63,-16.16],[-42.71,-16.16],[-42.66,-16.12],[-42.62,-15.95],[-42.52,-15.96],[-42.53,-15.99],[-42.47,-15.98],[-42.48,-16.06],[-42.42,-16.08],[-42.35,-16.2],[-42.34,-16.3],[-42.43,-16.25],[-42.47,-16.26],[-42.49,-16.31]]]}},{"type":"Feature","properties":{"codarea":"3127107"},"geometry":{"type":"Polygon","coordinates":[[[-49.27,-20.23],[-49.3,-20.17],[-49.3,-20.02],[-49.25,-20.0],[-49.14,-19.79],[-48.92,-19.8],[-48.88,-19.78],[-48.78,-19.82],[-48.73,-20.15],[-48.86,-20.18],[-48.89,-20.28],[-48.89,-20.44],[-48.96,-20.4],[-48.99,-20.17],[-49.1,-20.12],[-49.17,-20.22],[-49.27,-20.23]]]}},{"type":"Feature","properties":{"codarea":"3127206"},"geometry":{"type":"Polygon","coordinates":[[[-44.13,-19.43],[-44.15,-19.3],[-44.1,-19.29],[-44.01,-19.33],[-44.0,-19.44],[-44.04,-19.4],[-44.13,-19.43]]]}},{"type":"Feature","properties":{"codarea":"3127305"},"geometry":{"type":"Polygon","coordinates":[[[-41.71,-18.91],[-41.68,-18.84],[-41.69,-18.79],[-41.65,-18.75],[-41.59,-18.75],[-41.54,-18.82],[-41.35,-18.77],[-41.36,-18.83],[-41.46,-18.88],[-41.43,-18.91],[-41.46,-18.95],[-41.4,-19.02],[-41.49,-19.01],[-41.53,-19.04],[-41.71,-18.94],[-41.71,-18.91]]]}},{"type":"Feature","properties":{"codarea":"3127339"},"geometry":{"type":"Polygon","coordinates":[[[-43.27,-15.15],[-43.33,-15.07],[-43.47,-15.08],[-43.51,-15.03],[-43.54,-14.96],[-43.5,-14.93],[-43.5,-14.88],[-43.53,-14.82],[-43.38,-14.78],[-43.29,-14.79],[-43.0,-14.91],[-42.98,-14.94],[-43.03,-15.04],[-43.01,-15.07],[-43.04,-15.17],[-43.1,-15.19],[-43.17,-15.15],[-43.27,-15.15]]]}},{"type":"Feature","properties":{"codarea":"3127354"},"geometry":{"type":"Polygon","coordinates":[[[-43.69,-16.93],[-43.7,-16.85],[-43.67,-16.81],[-43.57,-16.94],[-43.62,-16.99],[-43.69,-16.93]]]}},{"type":"Feature","properties":{"codarea":"3127370"},"geometry":{"type":"Polygon","coordinates":[[[-41.21,-18.97],[-41.16,-18.99],[-41.28,-19.12],[-41.29,-18.98],[-41.21,-18.97]]]}},{"type":"Feature","properties":{"codarea":"3127388"},"geometry":{"type":"Polygon","coordinates":[[[-43.26,-21.54],[-43.24,-21.49],[-43.16,-21.5],[-43.12,-21.57],[-43.23,-21.63],[-43.21,-21.61],[-43.26,-21.54]]]}},{"type":"Feature","properties":{"codarea":"3127404"},"geometry":{"type":"Polygon","coordinates":[[[-45.81,-22.74],[-45.84,-22.76],[-45.95,-22.69],[-45.89,-22.68],[-45.88,-22.62],[-45.73,-22.62],[-45.7,-22.65],[-45.81,-22.7],[-45.81,-22.74]]]}},{"type":"Feature","properties":{"codarea":"3127503"},"geometry":{"type":"Polygon","coordinates":[[[-42.56,-18.94],[-42.54,-18.87],[-42.58,-18.8],[-42.52,-18.78],[-42.46,-18.81],[-42.46,-18.89],[-42.39,-18.93],[-42.48,-18.96],[-42.56,-18.94]]]}},{"type":"Feature","properties":{"codarea":"3127602"},"geometry":{"type":"Polygon","coordinates":[[[-43.74,-18.62],[-43.8,-18.62],[-43.87,-18.67],[-43.92,-18.63],[-44.0,-18.67],[-44.05,-18.65],[-44.07,-18.57],[-43.87,-18.48],[-43.83,-18.4],[-43.86,-18.37],[-43.83,-18.33],[-43.76,-18.34],[-43.68,-18.38],[-43.67,-18.58],[-43.74,-18.62]]]}},{"type":"Feature","properties":{"codarea":"3127701"},"geometry":{"type":"Polygon","coordinates":[[[-41.71,-18.91],[-42.02,-18.93],[-42.14,-19.04],[-42.28,-18.97],[-42.27,-18.82],[-42.34,-18.79],[-42.32,-18.75],[-42.21,-18.71],[-42.01,-18.55],[-42.02,-18.64],[-41.83,-18.66],[-41.78,-18.65],[-41.76,-18.59],[-41.72,-18.6],[-41.7,-18.56],[-41.65,-18.61],[-41.54,-18.58],[-41.58,-18.62],[-41.59,-18.75],[-41.65,-18.75],[-41.69,-18.79],[-41.68,-18.84],[-41.71,-18.91]]]}},{"type":"Feature","properties":{"codarea":"3127800"},"geometry":{"type":"Polygon","coordinates":[[[-42.63,-16.42],[-42.68,-16.53],[-42.66,-16.61],[-42.45,-16.66],[-42.56,-16.73],[-42.68,-16.72],[-42.74,-16.66],[-42.73,-16.57],[-42.76,-16.54],[-42.82,-16.6],[-42.92,-16.59],[-42.95,-16.66],[-43.02,-16.7],[-43.12,-16.71],[-43.16,-16.66],[-43.27,-16.66],[-43.49,-16.81],[-43.49,-16.73],[-43.41,-16.45],[-43.38,-16.41],[-43.19,-16.39],[-43.11,-16.23],[-43.04,-16.19],[-42.83,-16.14],[-42.71,-16.16],[-42.72,-16.26],[-42.61,-16.29],[-42.66,-16.4],[-42.63,-16.42]]]}},{"type":"Feature","properties":{"codarea":"3127909"},"geometry":{"type":"Polygon","coordinates":[[[-47.77,-18.42],[-47.67,-18.52],[-47.69,-18.56],[-47.76,-18.58],[-47.86,-18.45],[-47.83,-18.41],[-47.77,-18.42]]]}},{"type":"Feature","properties":{"codarea":"3128006"},"geometry":{"type":"Polygon","coordinates":[[[-42.8,-19.1],[-42.86,-19.07],[-42.94,-18.93],[-42.98,-18.93],[-43.01,-18.9],[-42.99,-18.85],[-43.06,-18.79],[-42.98,-18.74],[-43.01,-18.69],[-42.97,-18.65],[-42.82,-18.67],[-42.8,-18.62],[-42.73,-18.62],[-42.72,-18.65],[-42.72,-18.69],[-42.78,-18.71],[-42.73,-18.89],[-42.56,-18.94],[-42.62,-18.99],[-42.7,-18.92],[-42.79,-18.9],[-42.8,-19.1]]]}},{"type":"Feature","properties":{"codarea":"3128105"},"geometry":{"type":"Polygon","coordinates":[[[-45.94,-20.89],[-46.17,-20.8],[-46.13,-20.72],[-46.03,-20.69],[-45.97,-20.59],[-45.76,-20.71],[-45.68,-20.8],[-45.69,-20.9],[-45.79,-20.84],[-45.94,-20.89]]]}},{"type":"Feature","properties":{"codarea":"3128204"},"geometry":{"type":"Polygon","coordinates":[[[-43.14,-20.56],[-43.16,-20.51],[-43.04,-20.45],[-42.88,-20.57],[-42.95,-20.62],[-42.93,-20.66],[-42.97,-20.68],[-43.02,-20.66],[-43.02,-20.6],[-43.12,-20.6],[-43.14,-20.56]]]}},{"type":"Feature","properties":{"codarea":"3128253"},"geometry":{"type":"Polygon","coordinates":[[[-43.69,-16.93],[-43.62,-16.99],[-43.57,-16.96],[-43.57,-17.07],[-43.49,-17.18],[-43.6,-17.2],[-43.67,-17.17],[-43.71,-17.02],[-43.69,-16.93]]]}},{"type":"Feature","properties":{"codarea":"3128303"},"geometry":{"type":"Polygon","coordinates":[[[-46.79,-21.15],[-46.73,-21.19],[-46.72,-21.27],[-46.76,-21.3],[-46.76,-21.36],[-46.88,-21.41],[-46.88,-21.29],[-46.79,-21.15]]]}},{"type":"Feature","properties":{"codarea":"3128402"},"geometry":{"type":"Polygon","coordinates":[[[-42.94,-21.37],[-43.09,-21.44],[-43.18,-21.35],[-43.16,-21.31],[-43.07,-21.29],[-43.05,-21.32],[-42.93,-21.3],[-42.94,-21.37]]]}},{"type":"Feature","properties":{"codarea":"3128501"},"geometry":{"type":"Polygon","coordinates":[[[-43.02,-21.7],[-42.96,-21.73],[-43.06,-21.82],[-43.05,-21.72],[-43.02,-21.7]]]}},{"type":"Feature","properties":{"codarea":"3128600"},"geometry":{"type":"Polygon","coordinates":[[[-47.16,-17.96],[-47.19,-17.96],[-47.28,-18.04],[-47.36,-17.89],[-47.31,-17.7],[-47.27,-17.67],[-47.26,-17.61],[-47.31,-17.54],[-47.29,-17.49],[-47.24,-17.51],[-47.15,-17.5],[-47.13,-17.55],[-47.06,-17.58],[-47.01,-17.57],[-46.94,-17.47],[-46.9,-17.46],[-46.87,-17.5],[-46.9,-17.54],[-46.86,-17.61],[-46.92,-17.72],[-46.94,-17.84],[-47.03,-17.93],[-47.09,-17.92],[-47.16,-17.96]]]}},{"type":"Feature","properties":{"codarea":"3128709"},"geometry":{"type":"Polygon","coordinates":[[[-46.76,-21.36],[-46.76,-21.3],[-46.72,-21.27],[-46.73,-21.19],[-46.62,-21.19],[-46.6,-21.33],[-46.65,-21.38],[-46.74,-21.39],[-46.76,-21.36]]]}},{"type":"Feature","properties":{"codarea":"3128808"},"geometry":{"type":"Polygon","coordinates":[[[-42.86,-21.16],[-42.85,-21.11],[-42.79,-21.1],[-42.71,-21.14],[-42.8,-21.27],[-42.8,-21.18],[-42.86,-21.16]]]}},{"type":"Feature","properties":{"codarea":"3128907"},"geometry":{"type":"Polygon","coordinates":[[[-46.86,-18.73],[-46.85,-18.67],[-46.78,-18.67],[-46.74,-18.78],[-46.62,-18.86],[-46.66,-18.91],[-46.75,-18.94],[-46.79,-18.92],[-46.82,-18.86],[-46.79,-18.82],[-46.83,-18.73],[-46.86,-18.73]]]}},{"type":"Feature","properties":{"codarea":"3129004"},"geometry":{"type":"Polygon","coordinates":[[[-42.61,-20.99],[-42.71,-21.14],[-42.79,-21.1],[-42.72,-20.9],[-42.65,-20.91],[-42.61,-20.99]]]}},{"type":"Feature","properties":{"codarea":"3129103"},"geometry":{"type":"Polygon","coordinates":[[[-50.12,-19.2],[-50.08,-19.08],[-49.97,-18.96],[-50.01,-18.86],[-49.97,-18.79],[-49.95,-18.81],[-49.87,-18.8],[-49.8,-18.93],[-49.6,-19.12],[-49.68,-19.28],[-49.75,-19.29],[-49.79,-19.33],[-49.89,-19.27],[-49.97,-19.3],[-50.04,-19.27],[-50.12,-19.2]]]}},{"type":"Feature","properties":{"codarea":"3129202"},"geometry":{"type":"Polygon","coordinates":[[[-45.46,-22.08],[-45.6,-22.1],[-45.64,-22.03],[-45.48,-21.99],[-45.46,-22.08]]]}},{"type":"Feature","properties":{"codarea":"3129301"},"geometry":{"type":"Polygon","coordinates":[[[-42.15,-19.44],[-42.24,-19.55],[-42.3,-19.52],[-42.29,-19.47],[-42.25,-19.44],[-42.25,-19.36],[-42.28,-19.29],[-42.34,-19.27],[-42.23,-19.16],[-42.18,-19.26],[-42.23,-19.37],[-42.15,-19.44]]]}},{"type":"Feature","properties":{"codarea":"3129400"},"geometry":{"type":"Polygon","coordinates":[[[-43.82,-21.51],[-44.01,-21.54],[-44.05,-21.52],[-44.05,-21.45],[-44.09,-21.44],[-44.01,-21.36],[-43.88,-21.35],[-43.89,-21.38],[-43.82,-21.51]]]}},{"type":"Feature","properties":{"codarea":"3129509"},"geometry":{"type":"Polygon","coordinates":[[[-46.33,-19.64],[-46.42,-19.7],[-46.48,-19.66],[-46.57,-19.68],[-46.55,-19.77],[-46.49,-19.82],[-46.6,-19.93],[-46.67,-19.87],[-46.68,-19.9],[-46.84,-19.75],[-46.74,-19.62],[-46.91,-19.48],[-46.86,-19.47],[-46.84,-19.3],[-46.72,-19.3],[-46.55,-19.34],[-46.45,-19.31],[-46.39,-19.4],[-46.32,-19.38],[-46.27,-19.43],[-46.33,-19.49],[-46.27,-19.56],[-46.33,-19.64]]]}},{"type":"Feature","properties":{"codarea":"3129608"},"geometry":{"type":"Polygon","coordinates":[[[-45.02,-16.75],[-44.8,-16.69],[-44.78,-16.73],[-44.72,-16.68],[-44.67,-16.68],[-44.69,-16.8],[-44.63,-16.78],[-44.61,-16.88],[-44.84,-16.99],[-44.91,-16.91],[-44.93,-16.81],[-45.02,-16.75]]]}},{"type":"Feature","properties":{"codarea":"3129657"},"geometry":{"type":"Polygon","coordinates":[[[-44.03,-15.49],[-44.08,-15.65],[-44.06,-15.77],[-44.2,-15.83],[-44.28,-15.74],[-44.23,-15.68],[-44.19,-15.68],[-44.17,-15.65],[-44.12,-15.67],[-44.09,-15.55],[-44.05,-15.47],[-44.03,-15.49]]]}},{"type":"Feature","properties":{"codarea":"3129707"},"geometry":{"type":"Polygon","coordinates":[[[-47.22,-20.49],[-47.2,-20.46],[-47.22,-20.37],[-47.18,-20.29],[-47.23,-20.22],[-47.15,-20.23],[-47.13,-20.28],[-47.0,-20.32],[-46.98,-20.37],[-47.03,-20.39],[-47.01,-20.45],[-47.05,-20.52],[-47.14,-20.56],[-47.15,-20.52],[-47.22,-20.49]]]}},{"type":"Feature","properties":{"codarea":"3129806"},"geometry":{"type":"Polygon","coordinates":[[[-44.12,-20.02],[-44.08,-19.97],[-44.02,-20.05],[-44.06,-20.08],[-44.12,-20.02]]]}},{"type":"Feature","properties":{"codarea":"3129905"},"geometry":{"type":"Polygon","coordinates":[[[-46.43,-22.12],[-46.44,-22.04],[-46.39,-22.01],[-46.4,-22.04],[-46.35,-22.05],[-46.43,-22.12]]]}},{"type":"Feature","properties":{"codarea":"3130002"},"geometry":{"type":"Polygon","coordinates":[[[-44.86,-21.17],[-44.87,-21.13],[-44.77,-21.11],[-44.71,-21.14],[-44.71,-21.2],[-44.76,-21.23],[-44.86,-21.17]]]}},{"type":"Feature","properties":{"codarea":"3130051"},"geometry":{"type":"Polygon","coordinates":[[[-45.06,-16.36],[-45.05,-16.24],[-45.08,-16.12],[-44.98,-16.16],[-44.86,-16.13],[-44.77,-16.16],[-44.67,-16.09],[-44.66,-16.13],[-44.96,-16.35],[-45.06,-16.36]]]}},{"type":"Feature","properties":{"codarea":"3130101"},"geometry":{"type":"Polygon","coordinates":[[[-44.28,-20.11],[-44.35,-20.12],[-44.38,-20.07],[-44.34,-20.0],[-44.27,-20.0],[-44.28,-20.11]]]}},{"type":"Feature","properties":{"codarea":"3130200"},"geometry":{"type":"Polygon","coordinates":[[[-44.75,-20.05],[-44.74,-19.96],[-44.79,-19.95],[-44.82,-19.89],[-44.78,-19.87],[-44.74,-19.9],[-44.69,-19.88],[-44.61,-19.95],[-44.7,-20.0],[-44.72,-20.08],[-44.75,-20.05]]]}},{"type":"Feature","properties":{"codarea":"3130309"},"geometry":{"type":"Polygon","coordinates":[[[-45.66,-20.3],[-45.82,-20.29],[-45.89,-20.22],[-45.84,-20.09],[-45.78,-20.05],[-45.8,-20.0],[-45.76,-19.97],[-45.63,-20.07],[-45.66,-20.3]]]}},{"type":"Feature","properties":{"codarea":"3130408"},"geometry":{"type":"Polygon","coordinates":[[[-44.99,-21.13],[-44.95,-21.11],[-44.91,-21.17],[-44.86,-21.17],[-44.87,-21.21],[-44.95,-21.24],[-44.99,-21.13]]]}},{"type":"Feature","properties":{"codarea":"3130507"},"geometry":{"type":"Polygon","coordinates":[[[-45.91,-20.97],[-45.9,-20.93],[-45.94,-20.93],[-45.94,-20.89],[-45.88,-20.85],[-45.79,-20.84],[-45.69,-20.9],[-45.68,-20.96],[-45.76,-21.03],[-45.91,-20.97]]]}},{"type":"Feature","properties":{"codarea":"3130556"},"geometry":{"type":"Polygon","coordinates":[[[-42.05,-19.6],[-42.05,-19.57],[-41.99,-19.54],[-41.9,-19.57],[-41.92,-19.67],[-41.96,-19.73],[-42.01,-19.73],[-42.02,-19.71],[-41.97,-19.66],[-42.0,-19.62],[-42.04,-19.63],[-42.05,-19.6]]]}},{"type":"Feature","properties":{"codarea":"3130606"},"geometry":{"type":"Polygon","coordinates":[[[-46.24,-22.27],[-46.22,-22.31],[-46.26,-22.42],[-46.28,-22.39],[-46.31,-22.41],[-46.34,-22.31],[-46.24,-22.27]]]}},{"type":"Feature","properties":{"codarea":"3130655"},"geometry":{"type":"Polygon","coordinates":[[[-42.32,-15.47],[-42.25,-15.46],[-42.23,-15.42],[-42.11,-15.42],[-42.08,-15.39],[-41.94,-15.62],[-42.11,-15.68],[-42.12,-15.73],[-42.19,-15.75],[-42.2,-15.7],[-42.28,-15.66],[-42.32,-15.57],[-42.32,-15.47]]]}},{"type":"Feature","properties":{"codarea":"3130705"},"geometry":{"type":"Polygon","coordinates":[[[-48.06,-18.89],[-47.87,-18.83],[-47.72,-18.83],[-47.67,-19.04],[-47.8,-19.04],[-47.82,-19.09],[-47.89,-19.11],[-47.96,-19.07],[-48.02,-18.92],[-48.06,-18.89]]]}},{"type":"Feature","properties":{"codarea":"3130804"},"geometry":{"type":"Polygon","coordinates":[[[-45.06,-21.41],[-45.09,-21.4],[-45.0,-21.33],[-44.84,-21.37],[-44.82,-21.52],[-45.06,-21.41]]]}},{"type":"Feature","properties":{"codarea":"3130903"},"geometry":{"type":"Polygon","coordinates":[[[-41.82,-19.43],[-41.76,-19.51],[-41.7,-19.5],[-41.66,-19.45],[-41.65,-19.53],[-41.75,-19.59],[-41.85,-19.58],[-41.9,-19.62],[-41.89,-19.54],[-41.96,-19.45],[-42.06,-19.5],[-42.05,-19.6],[-42.21,-19.61],[-42.24,-19.55],[-42.14,-19.41],[-42.1,-19.43],[-41.96,-19.35],[-41.82,-19.43]]]}},{"type":"Feature","properties":{"codarea":"3131000"},"geometry":{"type":"Polygon","coordinates":[[[-44.51,-19.48],[-44.54,-19.43],[-44.46,-19.41],[-44.31,-19.51],[-44.31,-19.59],[-44.4,-19.59],[-44.45,-19.54],[-44.43,-19.5],[-44.51,-19.48]]]}},{"type":"Feature","properties":{"codarea":"3131109"},"geometry":{"type":"Polygon","coordinates":[[[-44.22,-18.58],[-44.16,-18.77],[-44.2,-18.74],[-44.36,-18.9],[-44.39,-18.8],[-44.37,-18.62],[-44.22,-18.58]]]}},{"type":"Feature","properties":{"codarea":"3131158"},"geometry":{"type":"Polygon","coordinates":[[[-42.42,-19.34],[-42.39,-19.33],[-42.28,-19.44],[-42.43,-19.44],[-42.42,-19.34]]]}},{"type":"Feature","properties":{"codarea":"3131208"},"geometry":{"type":"Polygon","coordinates":[[[-41.66,-19.83],[-41.74,-19.91],[-41.84,-19.93],[-41.79,-19.81],[-41.79,-19.74],[-41.82,-19.71],[-41.8,-19.58],[-41.69,-19.64],[-41.66,-19.83]]]}},{"type":"Feature","properties":{"codarea":"3131307"},"geometry":{"type":"Polygon","coordinates":[[[-42.69,-19.37],[-42.59,-19.38],[-42.5,-19.49],[-42.57,-19.52],[-42.6,-19.47],[-42.7,-19.42],[-42.69,-19.37]]]}},{"type":"Feature","properties":{"codarea":"3131406"},"geometry":{"type":"Polygon","coordinates":[[[-49.87,-18.8],[-49.95,-18.81],[-50.05,-18.73],[-50.08,-18.67],[-50.03,-18.6],[-49.79,-18.64],[-49.8,-18.74],[-49.87,-18.8]]]}},{"type":"Feature","properties":{"codarea":"3131505"},"geometry":{"type":"Polygon","coordinates":[[[-46.09,-21.88],[-46.06,-21.88],[-46.06,-21.94],[-46.07,-22.09],[-46.26,-22.15],[-46.24,-22.07],[-46.15,-22.0],[-46.09,-21.88]]]}},{"type":"Feature","properties":{"codarea":"3131604"},"geometry":{"type":"Polygon","coordinates":[[[-47.57,-19.11],[-47.59,-19.05],[-47.57,-19.01],[-47.5,-18.99],[-47.49,-18.96],[-47.34,-18.96],[-47.39,-19.13],[-47.57,-19.11]]]}},{"type":"Feature","properties":{"codarea":"3131703"},"geometry":{"type":"Polygon","coordinates":[[[-43.4,-19.67],[-43.45,-19.68],[-43.54,-19.62],[-43.54,-19.54],[-43.48,-19.42],[-43.44,-19.46],[-43.36,-19.43],[-43.33,-19.51],[-43.29,-19.46],[-43.2,-19.42],[-43.23,-19.46],[-43.19,-19.53],[-43.06,-19.58],[-43.11,-19.73],[-43.2,-19.79],[-43.33,-19.74],[-43.33,-19.68],[-43.4,-19.67]]]}},{"type":"Feature","properties":{"codarea":"3131802"},"geometry":{"type":"Polygon","coordinates":[[[-41.18,-18.44],[-41.19,-18.5],[-41.16,-18.53],[-41.21,-18.58],[-41.22,-18.65],[-41.26,-18.66],[-41.3,-18.59],[-41.31,-18.48],[-41.28,-18.5],[-41.18,-18.44]]]}},{"type":"Feature","properties":{"codarea":"3131901"},"geometry":{"type":"Polygon","coordinates":[[[-43.93,-20.38],[-43.98,-20.22],[-43.66,-20.12],[-43.62,-20.21],[-43.75,-20.27],[-43.84,-20.39],[-43.93,-20.38]]]}},{"type":"Feature","properties":{"codarea":"3132008"},"geometry":{"type":"Polygon","coordinates":[[[-43.21,-17.11],[-43.23,-17.14],[-43.49,-17.18],[-43.57,-17.07],[-43.57,-16.96],[-43.44,-16.95],[-43.49,-16.81],[-43.34,-16.7],[-43.22,-16.64],[-43.13,-16.69],[-43.2,-16.69],[-43.12,-16.92],[-43.21,-17.11]]]}},{"type":"Feature","properties":{"codarea":"3132107"},"geometry":{"type":"Polygon","coordinates":[[[-44.49,-14.96],[-44.48,-14.91],[-44.28,-14.99],[-44.22,-14.97],[-44.0,-14.98],[-44.07,-15.2],[-43.93,-15.31],[-43.93,-15.44],[-44.0,-15.51],[-44.05,-15.45],[-44.11,-15.43],[-44.15,-15.36],[-44.11,-15.21],[-44.22,-15.17],[-44.23,-15.1],[-44.28,-15.09],[-44.35,-14.99],[-44.49,-14.96]]]}},{"type":"Feature","properties":{"codarea":"3132206"},"geometry":{"type":"Polygon","coordinates":[[[-44.44,-20.29],[-44.41,-20.43],[-44.54,-20.48],[-44.59,-20.46],[-44.66,-20.34],[-44.62,-20.3],[-44.53,-20.26],[-44.44,-20.29]]]}},{"type":"Feature","properties":{"codarea":"3132305"},"geometry":{"type":"Polygon","coordinates":[[[-41.75,-17.44],[-41.73,-17.33],[-41.66,-17.23],[-41.57,-17.34],[-41.6,-17.36],[-41.6,-17.43],[-41.57,-17.49],[-41.65,-17.6],[-41.68,-17.59],[-41.66,-17.56],[-41.75,-17.44]]]}},{"type":"Feature","properties":{"codarea":"3132404"},"geometry":{"type":"Polygon","coordinates":[[[-45.52,-22.46],[-45.53,-22.39],[-45.48,-22.36],[-45.42,-22.38],[-45.34,-22.34],[-45.26,-22.38],[-45.33,-22.41],[-45.39,-22.52],[-45.43,-22.54],[-45.52,-22.46]]]}},{"type":"Feature","properties":{"codarea":"3132503"},"geometry":{"type":"Polygon","coordinates":[[[-42.84,-17.55],[-42.81,-17.55],[-42.76,-17.63],[-42.72,-17.55],[-42.68,-17.55],[-42.66,-17.66],[-42.61,-17.67],[-42.6,-17.72],[-42.68,-17.88],[-42.61,-17.99],[-42.7,-18.09],[-42.94,-18.11],[-42.99,-18.15],[-43.08,-18.07],[-43.14,-18.11],[-43.11,-18.06],[-43.14,-18.02],[-43.11,-18.0],[-43.16,-17.77],[-43.14,-17.73],[-43.03,-17.62],[-42.98,-17.72],[-42.96,-17.65],[-42.84,-17.55]]]}},{"type":"Feature","properties":{"codarea":"3132602"},"geometry":{"type":"Polygon","coordinates":[[[-42.89,-21.37],[-42.86,-21.4],[-42.78,-21.38],[-42.82,-21.47],[-42.89,-21.48],[-42.89,-21.37]]]}},{"type":"Feature","properties":{"codarea":"3132701"},"geometry":{"type":"Polygon","coordinates":[[[-41.57,-18.02],[-41.68,-18.19],[-41.74,-18.2],[-41.75,-18.18],[-41.78,-18.24],[-41.84,-18.25],[-41.88,-18.35],[-41.97,-18.38],[-42.03,-18.45],[-42.08,-18.35],[-42.06,-18.29],[-42.09,-18.21],[-42.05,-18.2],[-42.05,-18.15],[-41.91,-18.12],[-41.76,-17.92],[-41.67,-17.91],[-41.57,-18.02]]]}},{"type":"Feature","properties":{"codarea":"3132800"},"geometry":{"type":"Polygon","coordinates":[[[-43.19,-19.39],[-43.2,-19.42],[-43.29,-19.46],[-43.33,-19.51],[-43.36,-19.43],[-43.44,-19.46],[-43.48,-19.42],[-43.52,-19.32],[-43.35,-19.33],[-43.32,-19.35],[-43.27,-19.31],[-43.19,-19.39]]]}},{"type":"Feature","properties":{"codarea":"3132909"},"geometry":{"type":"Polygon","coordinates":[[[-46.94,-21.06],[-46.98,-21.13],[-47.12,-21.15],[-47.15,-21.04],[-47.02,-21.01],[-46.94,-21.06]]]}},{"type":"Feature","properties":{"codarea":"3133006"},"geometry":{"type":"Polygon","coordinates":[[[-44.89,-22.26],[-44.82,-22.19],[-44.76,-22.22],[-44.61,-22.23],[-44.6,-22.26],[-44.67,-22.32],[-44.67,-22.37],[-44.73,-22.36],[-44.8,-22.39],[-44.86,-22.37],[-44.89,-22.26]]]}},{"type":"Feature","properties":{"codarea":"3133105"},"geometry":{"type":"Polygon","coordinates":[[[-45.02,-22.34],[-45.01,-22.28],[-44.89,-22.26],[-44.86,-22.37],[-44.8,-22.39],[-44.92,-22.36],[-44.91,-22.33],[-45.02,-22.34]]]}},{"type":"Feature","properties":{"codarea":"3133204"},"geometry":{"type":"Polygon","coordinates":[[[-41.97,-19.14],[-42.0,-19.07],[-41.95,-19.02],[-41.94,-19.06],[-41.9,-19.07],[-41.9,-19.12],[-41.71,-19.09],[-41.63,-19.18],[-41.7,-19.27],[-41.78,-19.22],[-41.96,-19.23],[-41.93,-19.18],[-41.97,-19.14]]]}},{"type":"Feature","properties":{"codarea":"3133303"},"geometry":{"type":"Polygon","coordinates":[[[-41.35,-16.62],[-41.45,-16.68],[-41.47,-16.72],[-41.56,-16.73],[-41.64,-16.66],[-41.68,-16.5],[-41.56,-16.43],[-41.49,-16.47],[-41.45,-16.45],[-41.42,-16.49],[-41.46,-16.52],[-41.46,-16.57],[-41.4,-16.57],[-41.35,-16.62]]]}},{"type":"Feature","properties":{"codarea":"3133402"},"geometry":{"type":"Polygon","coordinates":[[[-49.14,-19.79],[-49.16,-19.86],[-49.25,-19.97],[-49.45,-19.98],[-49.55,-19.91],[-49.75,-19.92],[-49.73,-19.88],[-49.65,-19.83],[-49.65,-19.69],[-49.51,-19.67],[-49.48,-19.56],[-49.43,-19.53],[-49.37,-19.54],[-49.33,-19.66],[-49.27,-19.69],[-49.22,-19.67],[-49.21,-19.75],[-49.14,-19.79]]]}},{"type":"Feature","properties":{"codarea":"3133501"},"geometry":{"type":"Polygon","coordinates":[[[-44.9,-20.26],[-44.89,-20.47],[-45.01,-20.5],[-45.02,-20.62],[-45.05,-20.63],[-45.12,-20.56],[-45.26,-20.65],[-45.32,-20.35],[-45.25,-20.39],[-45.2,-20.34],[-45.05,-20.36],[-44.9,-20.26]]]}},{"type":"Feature","properties":{"codarea":"3133600"},"geometry":{"type":"Polygon","coordinates":[[[-46.23,-22.81],[-46.31,-22.69],[-46.15,-22.61],[-46.12,-22.67],[-46.23,-22.81]]]}},{"type":"Feature","properties":{"codarea":"3133709"},"geometry":{"type":"Polygon","coordinates":[[[-44.44,-20.29],[-44.53,-20.26],[-44.57,-20.28],[-44.55,-20.17],[-44.34,-20.12],[-44.36,-20.24],[-44.44,-20.29]]]}},{"type":"Feature","properties":{"codarea":"3133758"},"geometry":{"type":"Polygon","coordinates":[[[-46.84,-20.68],[-46.83,-20.63],[-46.81,-20.67],[-46.77,-20.67],[-46.71,-20.84],[-46.8,-20.78],[-46.84,-20.68]]]}},{"type":"Feature","properties":{"codarea":"3133808"},"geometry":{"type":"Polygon","coordinates":[[[-44.72,-20.08],[-44.7,-20.0],[-44.62,-19.94],[-44.52,-19.98],[-44.5,-20.07],[-44.45,-20.15],[-44.55,-20.17],[-44.57,-20.22],[-44.72,-20.08]]]}},{"type":"Feature","properties":{"codarea":"3133907"},"geometry":{"type":"Polygon","coordinates":[[[-43.69,-20.72],[-43.68,-20.62],[-43.6,-20.58],[-43.56,-20.61],[-43.53,-20.72],[-43.5,-20.73],[-43.53,-20.77],[-43.65,-20.77],[-43.69,-20.72]]]}},{"type":"Feature","properties":{"codarea":"3134004"},"geometry":{"type":"Polygon","coordinates":[[[-42.04,-16.58],[-42.02,-16.49],[-42.11,-16.44],[-42.09,-16.39],[-41.95,-16.4],[-41.9,-16.34],[-41.87,-16.38],[-41.84,-16.36],[-41.72,-16.43],[-41.7,-16.55],[-41.65,-16.57],[-41.64,-16.66],[-41.6,-16.7],[-41.65,-16.8],[-41.76,-16.86],[-41.8,-16.81],[-41.9,-16.81],[-41.9,-16.68],[-41.97,-16.64],[-42.01,-16.58],[-42.04,-16.58]]]}},{"type":"Feature","properties":{"codarea":"3134103"},"geometry":{"type":"Polygon","coordinates":[[[-40.93,-19.25],[-40.93,-19.38],[-40.97,-19.42],[-41.03,-19.38],[-41.28,-19.49],[-41.28,-19.37],[-41.21,-19.37],[-41.12,-19.29],[-41.0,-19.3],[-40.93,-19.25]]]}},{"type":"Feature","properties":{"codarea":"3134202"},"geometry":{"type":"Polygon","coordinates":[[[-49.26,-18.94],[-49.23,-18.94],[-49.2,-19.06],[-49.23,-19.12],[-49.38,-19.12],[-49.42,-19.26],[-49.48,-19.24],[-49.54,-19.35],[-49.59,-19.35],[-49.65,-19.33],[-49.68,-19.28],[-49.6,-19.12],[-49.8,-18.93],[-49.87,-18.8],[-49.8,-18.74],[-49.79,-18.64],[-49.72,-18.61],[-49.71,-18.75],[-49.64,-18.8],[-49.53,-18.76],[-49.42,-18.81],[-49.43,-18.85],[-49.33,-18.87],[-49.34,-18.95],[-49.26,-18.94]]]}},{"type":"Feature","properties":{"codarea":"3134301"},"geometry":{"type":"Polygon","coordinates":[[[-44.87,-21.21],[-44.86,-21.17],[-44.76,-21.23],[-44.77,-21.36],[-44.82,-21.39],[-44.9,-21.34],[-44.87,-21.21]]]}},{"type":"Feature","properties":{"codarea":"3134400"},"geometry":{"type":"Polygon","coordinates":[[[-50.34,-19.87],[-50.47,-19.78],[-50.56,-19.81],[-50.62,-19.69],[-50.6,-19.65],[-50.66,-19.63],[-50.69,-19.57],[-50.52,-19.61],[-50.36,-19.58],[-50.34,-19.55],[-50.27,-19.59],[-50.21,-19.56],[-50.09,-19.77],[-50.08,-19.83],[-50.11,-19.87],[-50.34,-19.87]]]}},{"type":"Feature","properties":{"codarea":"3134509"},"geometry":{"type":"Polygon","coordinates":[[[-44.6,-21.35],[-44.65,-21.41],[-44.64,-21.45],[-44.72,-21.44],[-44.77,-21.44],[-44.76,-21.48],[-44.81,-21.47],[-44.82,-21.39],[-44.77,-21.36],[-44.76,-21.23],[-44.73,-21.21],[-44.6,-21.31],[-44.6,-21.35]]]}},{"type":"Feature","properties":{"codarea":"3134608"},"geometry":{"type":"Polygon","coordinates":[[[-43.8,-19.61],[-43.89,-19.58],[-43.95,-19.49],[-43.95,-19.43],[-43.89,-19.38],[-43.82,-19.39],[-43.8,-19.29],[-43.75,-19.24],[-43.68,-19.28],[-43.67,-19.33],[-43.52,-19.33],[-43.48,-19.45],[-43.54,-19.54],[-43.55,-19.51],[-43.64,-19.56],[-43.72,-19.55],[-43.8,-19.61]]]}},{"type":"Feature","properties":{"codarea":"3134707"},"geometry":{"type":"Polygon","coordinates":[[[-40.42,-16.43],[-40.42,-16.33],[-40.47,-16.18],[-40.42,-16.12],[-40.43,-16.05],[-40.49,-16.01],[-40.5,-15.97],[-40.36,-15.93],[-40.31,-15.99],[-40.23,-15.97],[-40.19,-16.01],[-40.19,-16.1],[-40.14,-16.13],[-40.22,-16.31],[-40.15,-16.42],[-40.26,-16.45],[-40.28,-16.4],[-40.36,-16.38],[-40.42,-16.43]]]}},{"type":"Feature","properties":{"codarea":"3134806"},"geometry":{"type":"Polygon","coordinates":[[[-46.67,-20.9],[-46.64,-20.9],[-46.61,-20.97],[-46.65,-21.09],[-46.76,-21.12],[-46.78,-21.16],[-46.81,-21.08],[-46.89,-21.07],[-46.87,-21.01],[-46.75,-20.97],[-46.67,-20.9]]]}},{"type":"Feature","properties":{"codarea":"3134905"},"geometry":{"type":"Polygon","coordinates":[[[-46.66,-22.37],[-46.72,-22.31],[-46.68,-22.22],[-46.58,-22.22],[-46.49,-22.18],[-46.48,-22.26],[-46.53,-22.3],[-46.51,-22.34],[-46.57,-22.38],[-46.66,-22.37]]]}},{"type":"Feature","properties":{"codarea":"3135001"},"geometry":{"type":"Polygon","coordinates":[[[-42.69,-19.54],[-42.71,-19.6],[-42.64,-19.59],[-42.62,-19.64],[-42.8,-19.71],[-42.78,-19.62],[-42.69,-19.54]]]}},{"type":"Feature","properties":{"codarea":"3135050"},"geometry":{"type":"Polygon","coordinates":[[[-43.31,-15.33],[-43.65,-15.4],[-43.73,-15.38],[-43.97,-15.53],[-44.0,-15.51],[-43.93,-15.44],[-43.93,-15.31],[-44.07,-15.2],[-44.02,-15.06],[-43.66,-15.11],[-43.61,-15.09],[-43.63,-15.05],[-43.59,-15.05],[-43.58,-15.01],[-43.54,-15.02],[-43.56,-14.97],[-43.5,-14.99],[-43.47,-15.08],[-43.37,-15.06],[-43.31,-15.08],[-43.31,-15.33]]]}},{"type":"Feature","properties":{"codarea":"3135076"},"geometry":{"type":"Polygon","coordinates":[[[-41.93,-18.38],[-41.88,-18.35],[-41.76,-18.41],[-41.75,-18.36],[-41.69,-18.36],[-41.63,-18.43],[-41.63,-18.53],[-41.58,-18.54],[-41.57,-18.57],[-41.65,-18.61],[-41.73,-18.53],[-41.78,-18.55],[-41.84,-18.44],[-41.93,-18.44],[-41.93,-18.38]]]}},{"type":"Feature","properties":{"codarea":"3135100"},"geometry":{"type":"Polygon","coordinates":[[[-43.26,-15.83],[-43.22,-15.83],[-43.2,-15.87],[-43.26,-16.12],[-43.53,-16.09],[-43.56,-15.91],[-43.61,-15.86],[-43.6,-15.72],[-43.51,-15.66],[-43.36,-15.47],[-43.44,-15.36],[-43.31,-15.33],[-43.25,-15.48],[-43.32,-15.78],[-43.26,-15.83]]]}},{"type":"Feature","properties":{"codarea":"3135209"},"geometry":{"type":"Polygon","coordinates":[[[-44.49,-14.96],[-44.35,-14.99],[-44.28,-15.09],[-44.23,-15.1],[-44.22,-15.17],[-44.11,-15.21],[-44.19,-15.4],[-44.35,-15.49],[-44.39,-15.59],[-44.78,-15.81],[-45.02,-15.56],[-45.09,-15.59],[-45.18,-15.56],[-45.24,-15.5],[-45.27,-15.36],[-45.44,-15.31],[-45.47,-15.27],[-45.43,-15.13],[-45.51,-15.05],[-45.62,-15.01],[-45.54,-14.94],[-45.46,-14.95],[-45.31,-14.83],[-45.24,-14.88],[-45.19,-14.98],[-45.04,-15.08],[-44.98,-15.2],[-45.01,-15.26],[-44.98,-15.35],[-44.77,-15.48],[-44.71,-15.46],[-44.63,-15.34],[-44.51,-15.29],[-44.36,-15.46],[-44.34,-15.44],[-44.37,-15.4],[-44.36,-15.3],[-44.44,-15.22],[-44.49,-15.27],[-44.58,-15.12],[-44.52,-14.98],[-44.49,-14.96]]]}},{"type":"Feature","properties":{"codarea":"3135308"},"geometry":{"type":"Polygon","coordinates":[[[-45.62,-20.07],[-45.47,-20.1],[-45.46,-20.21],[-45.59,-20.17],[-45.62,-20.07]]]}},{"type":"Feature","properties":{"codarea":"3135357"},"geometry":{"type":"Polygon","coordinates":[[[-44.43,-15.97],[-44.43,-15.81],[-44.37,-15.79],[-44.34,-15.82],[-44.36,-15.89],[-44.34,-15.92],[-44.23,-15.91],[-44.2,-15.94],[-44.24,-15.98],[-44.21,-16.02],[-44.23,-16.08],[-44.43,-15.97]]]}},{"type":"Feature","properties":{"codarea":"3135407"},"geometry":{"type":"Polygon","coordinates":[[[-43.91,-20.58],[-43.97,-20.6],[-44.01,-20.57],[-44.04,-20.63],[-44.14,-20.6],[-44.14,-20.56],[-44.18,-20.52],[-43.99,-20.51],[-43.98,-20.54],[-43.93,-20.53],[-43.91,-20.58]]]}},{"type":"Feature","properties":{"codarea":"3135456"},"geometry":{"type":"Polygon","coordinates":[[[-42.34,-17.11],[-42.23,-17.06],[-42.17,-17.17],[-42.08,-17.21],[-42.11,-17.32],[-42.27,-17.15],[-42.32,-17.19],[-42.34,-17.11]]]}},{"type":"Feature","properties":{"codarea":"3135506"},"geometry":{"type":"Polygon","coordinates":[[[-42.49,-20.56],[-42.61,-20.61],[-42.72,-20.52],[-42.76,-20.46],[-42.75,-20.4],[-42.69,-20.34],[-42.64,-20.37],[-42.51,-20.37],[-42.53,-20.46],[-42.49,-20.56]]]}},{"type":"Feature","properties":{"codarea":"3135605"},"geometry":{"type":"Polygon","coordinates":[[[-44.33,-16.95],[-44.28,-16.99],[-44.35,-17.11],[-44.27,-17.16],[-44.41,-17.31],[-44.42,-17.45],[-44.48,-17.45],[-44.58,-17.37],[-44.59,-17.39],[-44.63,-17.36],[-44.61,-17.33],[-44.69,-17.22],[-44.68,-17.18],[-44.57,-17.08],[-44.46,-17.07],[-44.33,-16.95]]]}},{"type":"Feature","properties":{"codarea":"3135704"},"geometry":{"type":"Polygon","coordinates":[[[-44.15,-19.3],[-44.14,-19.24],[-44.03,-19.1],[-44.04,-19.08],[-43.97,-19.15],[-43.92,-19.12],[-43.84,-19.16],[-43.84,-19.21],[-43.99,-19.26],[-43.99,-19.34],[-44.06,-19.33],[-44.1,-19.29],[-44.15,-19.3]]]}},{"type":"Feature","properties":{"codarea":"3135803"},"geometry":{"type":"Polygon","coordinates":[[[-40.66,-16.51],[-40.71,-16.49],[-40.79,-16.52],[-40.82,-16.48],[-40.89,-16.62],[-40.97,-16.55],[-41.06,-16.56],[-41.29,-16.75],[-41.29,-16.67],[-41.32,-16.63],[-41.4,-16.57],[-41.46,-16.57],[-41.46,-16.52],[-41.42,-16.49],[-41.46,-16.41],[-41.3,-16.33],[-41.3,-16.17],[-41.22,-16.07],[-41.16,-16.06],[-40.97,-16.09],[-40.99,-16.14],[-40.96,-16.18],[-40.99,-16.21],[-40.96,-16.26],[-40.87,-16.24],[-40.77,-16.27],[-40.75,-16.23],[-40.71,-16.27],[-40.72,-16.3],[-40.67,-16.32],[-40.64,-16.37],[-40.66,-16.51]]]}},{"type":"Feature","properties":{"codarea":"3135902"},"geometry":{"type":"Polygon","coordinates":[[[-45.27,-21.95],[-45.22,-21.91],[-45.21,-22.02],[-45.34,-22.1],[-45.37,-22.08],[-45.27,-21.95]]]}},{"type":"Feature","properties":{"codarea":"3136009"},"geometry":{"type":"Polygon","coordinates":[[[-40.89,-16.62],[-40.73,-16.72],[-40.69,-16.81],[-40.71,-16.83],[-40.76,-16.82],[-40.85,-16.87],[-40.89,-16.8],[-41.0,-16.93],[-41.04,-16.93],[-41.06,-16.96],[-41.09,-16.94],[-41.19,-17.04],[-41.28,-17.03],[-41.14,-16.86],[-41.22,-16.77],[-41.29,-16.75],[-41.06,-16.56],[-40.97,-16.55],[-40.89,-16.62]]]}},{"type":"Feature","properties":{"codarea":"3136108"},"geometry":{"type":"Polygon","coordinates":[[[-42.62,-19.12],[-42.7,-19.35],[-42.74,-19.36],[-42.73,-19.32],[-42.78,-19.16],[-42.66,-19.1],[-42.66,-19.13],[-42.62,-19.12]]]}},{"type":"Feature","properties":{"codarea":"3136207"},"geometry":{"type":"Polygon","coordinates":[[[-43.22,-19.78],[-43.1,-19.82],[-43.09,-19.86],[-43.15,-19.9],[-43.22,-19.85],[-43.22,-19.78]]]}},{"type":"Feature","properties":{"codarea":"3136306"},"geometry":{"type":"Polygon","coordinates":[[[-46.33,-17.74],[-46.38,-17.61],[-46.55,-17.49],[-46.54,-17.42],[-46.49,-17.4],[-46.49,-17.29],[-46.34,-17.19],[-46.29,-17.2],[-46.28,-17.08],[-46.2,-17.01],[-46.24,-16.98],[-46.21,-16.96],[-46.2,-17.0],[-46.09,-17.05],[-46.16,-17.11],[-46.03,-17.19],[-45.98,-17.18],[-45.93,-17.11],[-45.77,-17.18],[-45.72,-17.12],[-45.61,-17.1],[-45.56,-17.04],[-45.53,-17.1],[-45.44,-17.12],[-45.49,-17.18],[-45.51,-17.32],[-45.56,-17.38],[-45.38,-17.52],[-45.39,-17.58],[-45.46,-17.6],[-45.4,-17.67],[-45.45,-17.74],[-45.46,-17.85],[-45.51,-17.86],[-45.58,-17.94],[-45.69,-18.14],[-45.81,-18.18],[-45.91,-18.31],[-46.01,-18.32],[-46.0,-18.21],[-46.08,-18.1],[-46.24,-18.06],[-46.27,-18.02],[-46.26,-17.89],[-46.33,-17.74]]]}},{"type":"Feature","properties":{"codarea":"3136405"},"geometry":{"type":"Polygon","coordinates":[[[-44.3,-17.81],[-44.29,-17.7],[-44.12,-17.61],[-44.09,-17.43],[-43.96,-17.56],[-44.0,-17.72],[-44.07,-17.83],[-44.3,-17.81]]]}},{"type":"Feature","properties":{"codarea":"3136504"},"geometry":{"type":"Polygon","coordinates":[[[-40.13,-15.91],[-40.11,-15.96],[-40.31,-15.99],[-40.36,-15.93],[-40.42,-15.93],[-40.43,-15.88],[-40.52,-15.8],[-40.45,-15.76],[-40.38,-15.82],[-40.24,-15.8],[-40.16,-15.91],[-40.13,-15.91]]]}},{"type":"Feature","properties":{"codarea":"3136520"},"geometry":{"type":"Polygon","coordinates":[[[-42.55,-16.95],[-42.66,-16.99],[-42.68,-17.04],[-42.71,-17.04],[-42.7,-16.97],[-42.76,-16.94],[-42.73,-16.83],[-42.64,-16.77],[-42.57,-16.86],[-42.55,-16.95]]]}},{"type":"Feature","properties":{"codarea":"3136553"},"geometry":{"type":"Polygon","coordinates":[[[-42.55,-18.23],[-42.58,-18.18],[-42.54,-18.16],[-42.46,-18.18],[-42.4,-18.35],[-42.47,-18.35],[-42.45,-18.33],[-42.48,-18.27],[-42.55,-18.23]]]}},{"type":"Feature","properties":{"codarea":"3136579"},"geometry":{"type":"Polygon","coordinates":[[[-42.63,-16.42],[-42.61,-16.38],[-42.51,-16.46],[-42.48,-16.44],[-42.43,-16.59],[-42.45,-16.66],[-42.66,-16.61],[-42.68,-16.53],[-42.63,-16.42]]]}},{"type":"Feature","properties":{"codarea":"3136603"},"geometry":{"type":"Polygon","coordinates":[[[-43.63,-19.69],[-43.58,-19.51],[-43.55,-19.51],[-43.54,-19.75],[-43.63,-19.69]]]}},{"type":"Feature","properties":{"codarea":"3136652"},"geometry":{"type":"Polygon","coordinates":[[[-44.34,-20.0],[-44.44,-19.93],[-44.35,-19.91],[-44.28,-19.97],[-44.27,-20.0],[-44.34,-20.0]]]}},{"type":"Feature","properties":{"codarea":"3136702"},"geometry":{"type":"Polygon","coordinates":[[[-43.19,-21.74],[-43.16,-21.83],[-43.19,-21.85],[-43.24,-21.86],[-43.25,-21.83],[-43.33,-21.81],[-43.38,-21.83],[-43.37,-21.9],[-43.48,-21.88],[-43.49,-21.93],[-43.59,-22.0],[-43.6,-21.92],[-43.67,-21.85],[-43.63,-21.81],[-43.68,-21.63],[-43.67,-21.61],[-43.54,-21.62],[-43.47,-21.53],[-43.42,-21.53],[-43.33,-21.66],[-43.26,-21.68],[-43.25,-21.77],[-43.19,-21.74]]]}},{"type":"Feature","properties":{"codarea":"3136801"},"geometry":{"type":"Polygon","coordinates":[[[-43.67,-16.81],[-43.7,-16.78],[-43.67,-16.73],[-43.56,-16.73],[-43.46,-16.84],[-43.47,-16.92],[-43.44,-16.95],[-43.62,-16.99],[-43.57,-16.94],[-43.67,-16.81]]]}},{"type":"Feature","properties":{"codarea":"3136900"},"geometry":{"type":"Polygon","coordinates":[[[-46.61,-21.29],[-46.62,-21.19],[-46.57,-21.2],[-46.55,-21.15],[-46.43,-21.17],[-46.41,-21.25],[-46.49,-21.24],[-46.57,-21.31],[-46.61,-21.29]]]}},{"type":"Feature","properties":{"codarea":"3136959"},"geometry":{"type":"Polygon","coordinates":[[[-44.05,-14.28],[-44.0,-14.27],[-43.78,-14.34],[-43.95,-14.53],[-44.01,-14.54],[-44.06,-14.37],[-44.12,-14.37],[-44.22,-14.44],[-44.19,-14.47],[-44.26,-14.56],[-44.32,-14.55],[-44.32,-14.39],[-44.23,-14.31],[-44.3,-14.25],[-44.05,-14.28]]]}},{"type":"Feature","properties":{"codarea":"3137007"},"geometry":{"type":"Polygon","coordinates":[[[-41.65,-17.6],[-41.63,-17.68],[-41.84,-17.75],[-42.04,-17.76],[-42.0,-17.64],[-41.91,-17.53],[-41.81,-17.5],[-41.75,-17.44],[-41.66,-17.56],[-41.68,-17.59],[-41.65,-17.6]]]}},{"type":"Feature","properties":{"codarea":"3137106"},"geometry":{"type":"Polygon","coordinates":[[[-46.59,-18.01],[-46.55,-18.07],[-46.55,-18.18],[-46.58,-18.18],[-46.64,-18.3],[-46.82,-18.32],[-46.92,-18.26],[-46.95,-18.17],[-46.92,-18.07],[-46.87,-18.05],[-46.69,-17.84],[-46.67,-17.77],[-46.61,-17.74],[-46.57,-17.75],[-46.68,-17.92],[-46.61,-17.95],[-46.59,-18.01]]]}},{"type":"Feature","properties":{"codarea":"3137205"},"geometry":{"type":"Polygon","coordinates":[[[-45.6,-20.07],[-45.59,-20.02],[-45.61,-20.0],[-45.56,-19.92],[-45.58,-19.9],[-45.51,-19.85],[-45.38,-20.03],[-45.37,-20.12],[-45.41,-20.15],[-45.53,-20.07],[-45.58,-20.09],[-45.6,-20.07]]]}},{"type":"Feature","properties":{"codarea":"3137304"},"geometry":{"type":"Polygon","coordinates":[[[-44.61,-16.88],[-44.57,-16.86],[-44.48,-16.99],[-44.57,-17.05],[-44.65,-17.17],[-44.71,-17.09],[-44.81,-17.05],[-44.84,-16.99],[-44.61,-16.88]]]}},{"type":"Feature","properties":{"codarea":"3137403"},"geometry":{"type":"Polygon","coordinates":[[[-44.0,-20.8],[-43.92,-20.93],[-43.99,-20.99],[-44.13,-21.02],[-44.15,-20.9],[-44.2,-20.86],[-44.19,-20.8],[-44.15,-20.77],[-44.0,-20.8]]]}},{"type":"Feature","properties":{"codarea":"3137502"},"geometry":{"type":"Polygon","coordinates":[[[-46.4,-18.88],[-46.5,-18.85],[-46.54,-18.73],[-46.43,-18.68],[-46.4,-18.63],[-46.31,-18.65],[-46.28,-18.72],[-46.15,-18.74],[-46.1,-18.71],[-46.06,-18.72],[-46.07,-18.76],[-46.18,-18.84],[-46.24,-18.82],[-46.3,-18.89],[-46.4,-18.88]]]}},{"type":"Feature","properties":{"codarea":"3137536"},"geometry":{"type":"Polygon","coordinates":[[[-46.59,-18.01],[-46.61,-17.95],[-46.68,-17.92],[-46.57,-17.75],[-46.61,-17.65],[-46.59,-17.52],[-46.55,-17.49],[-46.38,-17.61],[-46.33,-17.74],[-46.36,-17.84],[-46.4,-17.84],[-46.39,-17.91],[-46.42,-17.95],[-46.51,-17.99],[-46.57,-17.97],[-46.57,-18.01],[-46.59,-18.01]]]}},{"type":"Feature","properties":{"codarea":"3137601"},"geometry":{"type":"Polygon","coordinates":[[[-43.94,-19.67],[-43.96,-19.54],[-43.8,-19.61],[-43.82,-19.72],[-43.94,-19.67]]]}},{"type":"Feature","properties":{"codarea":"3137700"},"geometry":{"type":"Polygon","coordinates":[[[-41.67,-20.21],[-41.76,-20.21],[-41.73,-20.1],[-41.56,-20.03],[-41.5,-20.08],[-41.5,-20.11],[-41.45,-20.12],[-41.41,-20.21],[-41.67,-20.21]]]}},{"type":"Feature","properties":{"codarea":"3137809"},"geometry":{"type":"Polygon","coordinates":[[[-45.36,-22.07],[-45.46,-22.08],[-45.48,-21.99],[-45.27,-21.91],[-45.27,-21.95],[-45.36,-22.07]]]}},{"type":"Feature","properties":{"codarea":"3137908"},"geometry":{"type":"Polygon","coordinates":[[[-43.43,-20.82],[-43.51,-20.83],[-43.56,-20.75],[-43.53,-20.77],[-43.44,-20.72],[-43.41,-20.75],[-43.43,-20.82]]]}},{"type":"Feature","properties":{"codarea":"3138005"},"geometry":{"type":"Polygon","coordinates":[[[-42.52,-21.4],[-42.53,-21.34],[-42.42,-21.26],[-42.39,-21.45],[-42.52,-21.4]]]}},{"type":"Feature","properties":{"codarea":"3138104"},"geometry":{"type":"Polygon","coordinates":[[[-44.47,-17.6],[-44.4,-17.69],[-44.29,-17.7],[-44.28,-17.76],[-44.3,-17.91],[-44.39,-17.93],[-44.43,-18.08],[-44.54,-18.05],[-44.53,-18.0],[-44.59,-17.99],[-44.62,-18.06],[-44.71,-18.09],[-44.75,-18.15],[-45.01,-18.06],[-45.02,-18.01],[-45.1,-17.96],[-45.12,-17.81],[-45.01,-17.77],[-45.01,-17.72],[-44.75,-17.76],[-44.74,-17.71],[-44.65,-17.69],[-44.65,-17.76],[-44.61,-17.78],[-44.56,-17.62],[-44.47,-17.6]]]}},{"type":"Feature","properties":{"codarea":"3138203"},"geometry":{"type":"Polygon","coordinates":[[[-44.87,-21.21],[-44.9,-21.34],[-45.0,-21.33],[-45.09,-21.4],[-45.17,-21.33],[-45.16,-21.15],[-45.05,-21.18],[-45.04,-21.15],[-44.99,-21.13],[-44.95,-21.24],[-44.87,-21.21]]]}},{"type":"Feature","properties":{"codarea":"3138302"},"geometry":{"type":"Polygon","coordinates":[[[-44.95,-19.69],[-44.99,-19.79],[-45.11,-19.81],[-45.13,-19.78],[-45.1,-19.74],[-45.1,-19.58],[-45.03,-19.53],[-45.0,-19.53],[-44.95,-19.69]]]}},{"type":"Feature","properties":{"codarea":"3138351"},"geometry":{"type":"Polygon","coordinates":[[[-42.69,-17.13],[-42.83,-17.18],[-42.76,-16.94],[-42.7,-16.97],[-42.71,-17.04],[-42.63,-17.09],[-42.69,-17.13]]]}},{"type":"Feature","properties":{"codarea":"3138401"},"geometry":{"type":"Polygon","coordinates":[[[-42.52,-21.4],[-42.49,-21.39],[-42.45,-21.44],[-42.53,-21.51],[-42.51,-21.56],[-42.41,-21.6],[-42.44,-21.65],[-42.53,-21.65],[-42.62,-21.7],[-42.7,-21.69],[-42.83,-21.54],[-42.87,-21.58],[-42.85,-21.53],[-42.91,-21.52],[-42.8,-21.42],[-42.78,-21.46],[-42.61,-21.41],[-42.53,-21.44],[-42.52,-21.4]]]}},{"type":"Feature","properties":{"codarea":"3138500"},"geometry":{"type":"Polygon","coordinates":[[[-44.23,-22.08],[-44.32,-22.16],[-44.35,-22.11],[-44.43,-22.12],[-44.38,-21.94],[-44.4,-21.87],[-44.33,-21.87],[-44.23,-22.08]]]}},{"type":"Feature","properties":{"codarea":"3138609"},"geometry":{"type":"Polygon","coordinates":[[[-43.67,-21.75],[-43.63,-21.81],[-43.67,-21.85],[-43.78,-21.87],[-43.77,-21.91],[-43.81,-21.96],[-43.87,-21.96],[-43.93,-21.84],[-44.1,-21.88],[-44.07,-21.73],[-43.96,-21.64],[-43.87,-21.68],[-43.87,-21.71],[-43.79,-21.71],[-43.71,-21.8],[-43.67,-21.75]]]}},{"type":"Feature","properties":{"codarea":"3138625"},"geometry":{"type":"Polygon","coordinates":[[[-50.45,-19.58],[-50.52,-19.61],[-50.69,-19.57],[-50.75,-19.5],[-50.88,-19.42],[-50.82,-19.29],[-50.74,-19.21],[-50.58,-19.23],[-50.47,-19.32],[-50.52,-19.43],[-50.45,-19.58]]]}},{"type":"Feature","properties":{"codarea":"3138658"},"geometry":{"type":"Polygon","coordinates":[[[-44.34,-15.82],[-44.29,-15.83],[-44.28,-15.74],[-44.17,-15.9],[-44.2,-15.94],[-44.23,-15.91],[-44.34,-15.92],[-44.36,-15.89],[-44.34,-15.82]]]}},{"type":"Feature","properties":{"codarea":"3138674"},"geometry":{"type":"Polygon","coordinates":[[[-42.06,-20.5],[-42.13,-20.49],[-42.09,-20.36],[-42.01,-20.41],[-42.06,-20.5]]]}},{"type":"Feature","properties":{"codarea":"3138682"},"geometry":{"type":"Polygon","coordinates":[[[-44.67,-16.34],[-44.67,-16.21],[-44.72,-16.18],[-44.5,-16.06],[-44.49,-16.15],[-44.55,-16.17],[-44.51,-16.26],[-44.67,-16.34]]]}},{"type":"Feature","properties":{"codarea":"3138708"},"geometry":{"type":"Polygon","coordinates":[[[-44.79,-21.6],[-44.91,-21.64],[-45.04,-21.63],[-45.06,-21.41],[-44.82,-21.52],[-44.81,-21.47],[-44.76,-21.48],[-44.74,-21.51],[-44.79,-21.6]]]}},{"type":"Feature","properties":{"codarea":"3138807"},"geometry":{"type":"Polygon","coordinates":[[[-45.51,-19.85],[-45.58,-19.9],[-45.56,-19.92],[-45.61,-20.0],[-45.59,-20.02],[-45.6,-20.07],[-45.63,-20.07],[-45.76,-19.97],[-45.82,-19.89],[-45.81,-19.85],[-45.93,-19.7],[-45.56,-19.66],[-45.48,-19.73],[-45.48,-19.83],[-45.51,-19.85]]]}},{"type":"Feature","properties":{"codarea":"3138906"},"geometry":{"type":"Polygon","coordinates":[[[-40.8,-16.97],[-40.72,-16.96],[-40.65,-17.07],[-40.66,-17.11],[-40.61,-17.19],[-40.63,-17.2],[-40.7,-17.21],[-40.8,-17.14],[-40.77,-17.1],[-40.8,-16.97]]]}},{"type":"Feature","properties":{"codarea":"3139003"},"geometry":{"type":"Polygon","coordinates":[[[-46.11,-21.71],[-46.08,-21.65],[-46.11,-21.61],[-46.0,-21.58],[-45.98,-21.53],[-45.85,-21.59],[-45.82,-21.67],[-45.73,-21.71],[-45.71,-21.75],[-45.73,-21.81],[-45.79,-21.82],[-45.77,-21.78],[-45.82,-21.72],[-45.9,-21.78],[-45.93,-21.72],[-45.99,-21.7],[-46.06,-21.72],[-46.11,-21.71]]]}},{"type":"Feature","properties":{"codarea":"3139102"},"geometry":{"type":"Polygon","coordinates":[[[-44.39,-21.59],[-44.46,-21.52],[-44.48,-21.41],[-44.36,-21.41],[-44.26,-21.37],[-44.2,-21.39],[-44.21,-21.43],[-44.28,-21.45],[-44.22,-21.57],[-44.24,-21.61],[-44.27,-21.58],[-44.39,-21.59]]]}},{"type":"Feature","properties":{"codarea":"3139201"},"geometry":{"type":"Polygon","coordinates":[[[-42.15,-18.02],[-42.28,-17.85],[-42.27,-17.79],[-42.14,-17.77],[-42.14,-17.7],[-42.04,-17.7],[-42.03,-17.77],[-41.92,-17.77],[-41.92,-17.85],[-42.02,-17.86],[-42.06,-17.91],[-42.05,-17.95],[-42.15,-18.02]]]}},{"type":"Feature","properties":{"codarea":"3139250"},"geometry":{"type":"Polygon","coordinates":[[[-43.04,-15.12],[-43.01,-14.99],[-42.92,-14.89],[-42.85,-14.95],[-42.95,-15.12],[-43.04,-15.12]]]}},{"type":"Feature","properties":{"codarea":"3139300"},"geometry":{"type":"Polygon","coordinates":[[[-43.82,-14.39],[-43.92,-14.66],[-43.92,-14.84],[-44.0,-14.98],[-44.06,-14.95],[-44.09,-14.83],[-44.16,-14.77],[-44.21,-14.77],[-44.3,-14.82],[-44.32,-14.8],[-44.29,-14.77],[-44.34,-14.64],[-44.4,-14.59],[-44.3,-14.54],[-44.26,-14.56],[-44.19,-14.41],[-44.12,-14.37],[-44.06,-14.37],[-44.01,-14.54],[-43.92,-14.51],[-43.87,-14.41],[-43.82,-14.39]]]}},{"type":"Feature","properties":{"codarea":"3139409"},"geometry":{"type":"Polygon","coordinates":[[[-41.96,-20.16],[-42.01,-20.24],[-42.01,-20.34],[-42.05,-20.38],[-42.12,-20.34],[-42.11,-20.31],[-42.21,-20.28],[-42.2,-20.0],[-42.16,-19.99],[-42.13,-20.02],[-42.08,-20.07],[-42.08,-20.15],[-41.96,-20.16]]]}},{"type":"Feature","properties":{"codarea":"3139508"},"geometry":{"type":"Polygon","coordinates":[[[-41.82,-20.31],[-41.86,-20.37],[-41.91,-20.39],[-42.01,-20.41],[-42.05,-20.38],[-42.0,-20.31],[-41.82,-20.31]]]}},{"type":"Feature","properties":{"codarea":"3139607"},"geometry":{"type":"Polygon","coordinates":[[[-40.94,-18.69],[-40.92,-18.82],[-41.11,-18.84],[-41.15,-18.8],[-41.07,-18.78],[-41.2,-18.68],[-41.25,-18.71],[-41.26,-18.66],[-41.22,-18.65],[-41.19,-18.54],[-41.03,-18.53],[-41.05,-18.63],[-40.94,-18.69]]]}},{"type":"Feature","properties":{"codarea":"3139706"},"geometry":{"type":"Polygon","coordinates":[[[-44.55,-19.43],[-44.58,-19.51],[-44.56,-19.54],[-44.68,-19.55],[-44.72,-19.57],[-44.73,-19.61],[-44.75,-19.61],[-44.78,-19.5],[-44.74,-19.5],[-44.71,-19.43],[-44.55,-19.43]]]}},{"type":"Feature","properties":{"codarea":"3139805"},"geometry":{"type":"Polygon","coordinates":[[[-42.89,-21.81],[-42.88,-21.86],[-42.97,-21.94],[-43.12,-21.99],[-43.11,-21.95],[-43.15,-21.92],[-43.12,-21.86],[-43.04,-21.83],[-42.96,-21.73],[-42.97,-21.82],[-42.89,-21.81]]]}},{"type":"Feature","properties":{"codarea":"3139904"},"geometry":{"type":"Polygon","coordinates":[[[-45.24,-22.28],[-45.17,-22.29],[-45.22,-22.37],[-45.34,-22.34],[-45.42,-22.38],[-45.45,-22.35],[-45.45,-22.33],[-45.37,-22.27],[-45.33,-22.26],[-45.33,-22.3],[-45.24,-22.28]]]}},{"type":"Feature","properties":{"codarea":"3140001"},"geometry":{"type":"Polygon","coordinates":[[[-43.53,-20.16],[-43.51,-20.13],[-43.42,-20.12],[-43.35,-20.14],[-43.36,-20.2],[-43.29,-20.21],[-43.16,-20.18],[-43.15,-20.23],[-43.18,-20.29],[-43.13,-20.34],[-43.17,-20.4],[-43.12,-20.45],[-43.19,-20.43],[-43.27,-20.45],[-43.29,-20.5],[-43.4,-20.55],[-43.43,-20.49],[-43.5,-20.44],[-43.45,-20.3],[-43.5,-20.17],[-43.53,-20.16]]]}},{"type":"Feature","properties":{"codarea":"3140100"},"geometry":{"type":"Polygon","coordinates":[[[-41.97,-18.53],[-42.05,-18.58],[-42.14,-18.52],[-42.11,-18.49],[-42.14,-18.43],[-42.05,-18.42],[-42.02,-18.52],[-41.97,-18.53]]]}},{"type":"Feature","properties":{"codarea":"3140159"},"geometry":{"type":"Polygon","coordinates":[[[-44.21,-20.1],[-44.18,-20.05],[-44.12,-20.1],[-44.21,-20.1]]]}},{"type":"Feature","properties":{"codarea":"3140209"},"geometry":{"type":"Polygon","coordinates":[[[-43.02,-21.7],[-43.03,-21.68],[-42.98,-21.65],[-42.9,-21.69],[-42.91,-21.73],[-42.96,-21.73],[-43.02,-21.7]]]}},{"type":"Feature","properties":{"codarea":"3140308"},"geometry":{"type":"Polygon","coordinates":[[[-42.78,-19.79],[-42.81,-19.75],[-42.79,-19.7],[-42.66,-19.68],[-42.62,-19.64],[-42.64,-19.59],[-42.57,-19.61],[-42.52,-19.56],[-42.5,-19.57],[-42.49,-19.78],[-42.53,-19.81],[-42.72,-19.76],[-42.78,-19.79]]]}},{"type":"Feature","properties":{"codarea":"3140407"},"geometry":{"type":"Polygon","coordinates":[[[-45.17,-22.4],[-45.1,-22.46],[-45.17,-22.53],[-45.2,-22.48],[-45.25,-22.47],[-45.17,-22.4]]]}},{"type":"Feature","properties":{"codarea":"3140506"},"geometry":{"type":"Polygon","coordinates":[[[-45.39,-19.5],[-45.36,-19.4],[-45.33,-19.37],[-45.33,-19.32],[-45.24,-19.27],[-45.21,-19.22],[-45.19,-19.24],[-45.14,-19.21],[-45.13,-19.28],[-45.06,-19.31],[-45.06,-19.37],[-44.99,-19.44],[-45.0,-19.53],[-45.1,-19.58],[-45.12,-19.53],[-45.32,-19.54],[-45.39,-19.5]]]}},{"type":"Feature","properties":{"codarea":"3140530"},"geometry":{"type":"Polygon","coordinates":[[[-41.89,-20.31],[-41.9,-20.23],[-41.87,-20.2],[-41.82,-20.21],[-41.77,-20.26],[-41.82,-20.31],[-41.89,-20.31]]]}},{"type":"Feature","properties":{"codarea":"3140555"},"geometry":{"type":"Polygon","coordinates":[[[-40.72,-15.81],[-40.8,-15.71],[-40.82,-15.65],[-40.78,-15.68],[-40.7,-15.67],[-40.64,-15.73],[-40.64,-15.87],[-40.72,-15.81]]]}},{"type":"Feature","properties":{"codarea":"3140605"},"geometry":{"type":"Polygon","coordinates":[[[-42.87,-18.36],[-42.93,-18.44],[-43.0,-18.46],[-43.08,-18.57],[-43.15,-18.55],[-43.17,-18.48],[-43.1,-18.47],[-43.11,-18.43],[-42.87,-18.36]]]}},{"type":"Feature","properties":{"codarea":"3140704"},"geometry":{"type":"Polygon","coordinates":[[[-44.35,-20.12],[-44.45,-20.15],[-44.54,-19.97],[-44.48,-19.92],[-44.35,-19.98],[-44.38,-20.07],[-44.35,-20.12]]]}},{"type":"Feature","properties":{"codarea":"3140803"},"geometry":{"type":"Polygon","coordinates":[[[-43.35,-21.92],[-43.39,-21.86],[-43.38,-21.83],[-43.33,-21.81],[-43.25,-21.83],[-43.22,-21.89],[-43.25,-21.93],[-43.27,-21.9],[-43.35,-21.92]]]}},{"type":"Feature","properties":{"codarea":"3140852"},"geometry":{"type":"Polygon","coordinates":[[[-44.02,-15.06],[-44.02,-15.01],[-43.92,-14.84],[-43.93,-14.77],[-43.88,-14.56],[-43.85,-14.67],[-43.54,-14.78],[-43.5,-14.93],[-43.54,-14.96],[-43.53,-14.98],[-43.56,-14.97],[-43.54,-15.02],[-43.58,-15.01],[-43.59,-15.05],[-43.63,-15.05],[-43.61,-15.09],[-43.79,-15.11],[-44.02,-15.06]]]}},{"type":"Feature","properties":{"codarea":"3140902"},"geometry":{"type":"Polygon","coordinates":[[[-42.42,-20.35],[-42.31,-20.2],[-42.2,-20.29],[-42.21,-20.32],[-42.36,-20.4],[-42.42,-20.35]]]}},{"type":"Feature","properties":{"codarea":"3141009"},"geometry":{"type":"Polygon","coordinates":[[[-42.91,-15.5],[-42.95,-15.43],[-43.04,-15.41],[-43.02,-15.36],[-42.99,-15.39],[-42.94,-15.37],[-42.96,-15.33],[-42.91,-15.3],[-42.77,-15.37],[-42.74,-15.46],[-42.78,-15.48],[-42.8,-15.61],[-42.83,-15.53],[-42.91,-15.5]]]}},{"type":"Feature","properties":{"codarea":"3141108"},"geometry":{"type":"Polygon","coordinates":[[[-44.19,-19.66],[-44.19,-19.62],[-44.12,-19.59],[-44.11,-19.52],[-44.04,-19.42],[-44.0,-19.44],[-43.99,-19.4],[-43.95,-19.43],[-43.99,-19.54],[-44.19,-19.66]]]}},{"type":"Feature","properties":{"codarea":"3141207"},"geometry":{"type":"Polygon","coordinates":[[[-45.83,-19.18],[-45.92,-19.22],[-45.93,-19.29],[-46.11,-19.2],[-46.06,-19.08],[-45.98,-19.19],[-45.93,-19.16],[-45.83,-19.18]]]}},{"type":"Feature","properties":{"codarea":"3141306"},"geometry":{"type":"Polygon","coordinates":[[[-46.23,-20.18],[-46.31,-20.14],[-46.41,-20.0],[-46.49,-19.98],[-46.5,-20.0],[-46.58,-20.01],[-46.63,-19.99],[-46.63,-19.94],[-46.52,-19.86],[-46.46,-19.88],[-46.31,-19.86],[-46.28,-19.91],[-46.22,-19.9],[-46.12,-19.96],[-46.16,-20.0],[-46.11,-20.06],[-46.22,-20.13],[-46.23,-20.18]]]}},{"type":"Feature","properties":{"codarea":"3141405"},"geometry":{"type":"Polygon","coordinates":[[[-41.45,-16.45],[-41.49,-16.47],[-41.56,-16.43],[-41.68,-16.5],[-41.65,-16.57],[-41.7,-16.55],[-41.72,-16.43],[-41.67,-16.37],[-41.63,-16.38],[-41.63,-16.23],[-41.69,-16.2],[-41.68,-16.11],[-41.55,-16.07],[-41.54,-16.11],[-41.43,-16.05],[-41.44,-16.1],[-41.28,-16.18],[-41.3,-16.33],[-41.46,-16.41],[-41.45,-16.45]]]}},{"type":"Feature","properties":{"codarea":"3141504"},"geometry":{"type":"Polygon","coordinates":[[[-41.49,-18.64],[-41.38,-18.59],[-41.36,-18.5],[-41.32,-18.51],[-41.29,-18.52],[-41.3,-18.59],[-41.25,-18.71],[-41.44,-18.7],[-41.49,-18.64]]]}},{"type":"Feature","properties":{"codarea":"3141603"},"geometry":{"type":"Polygon","coordinates":[[[-43.37,-21.28],[-43.44,-21.25],[-43.45,-21.19],[-43.36,-21.15],[-43.35,-21.09],[-43.27,-21.06],[-43.24,-21.09],[-43.28,-21.19],[-43.24,-21.21],[-43.27,-21.28],[-43.37,-21.28]]]}},{"type":"Feature","properties":{"codarea":"3141702"},"geometry":{"type":"Polygon","coordinates":[[[-42.62,-19.12],[-42.57,-19.17],[-42.52,-19.16],[-42.52,-19.19],[-42.55,-19.3],[-42.68,-19.38],[-42.69,-19.27],[-42.62,-19.12]]]}},{"type":"Feature","properties":{"codarea":"3141801"},"geometry":{"type":"Polygon","coordinates":[[[-42.69,-17.13],[-42.63,-17.1],[-42.56,-17.17],[-42.47,-17.15],[-42.37,-17.27],[-42.32,-17.23],[-42.18,-17.37],[-42.11,-17.35],[-42.09,-17.38],[-42.22,-17.46],[-42.29,-17.6],[-42.37,-17.61],[-42.56,-17.48],[-42.57,-17.35],[-42.6,-17.34],[-42.61,-17.38],[-42.7,-17.32],[-42.69,-17.2],[-42.66,-17.16],[-42.69,-17.13]]]}},{"type":"Feature","properties":{"codarea":"3141900"},"geometry":{"type":"Polygon","coordinates":[[[-44.68,-21.64],[-44.5,-21.58],[-44.57,-21.65],[-44.58,-21.75],[-44.65,-21.77],[-44.7,-21.71],[-44.68,-21.64]]]}},{"type":"Feature","properties":{"codarea":"3142007"},"geometry":{"type":"Polygon","coordinates":[[[-44.21,-16.39],[-44.28,-16.39],[-44.31,-16.36],[-44.25,-16.28],[-44.29,-16.17],[-44.27,-16.13],[-44.24,-16.09],[-44.06,-16.2],[-43.99,-16.16],[-43.98,-16.23],[-44.05,-16.3],[-44.05,-16.42],[-44.12,-16.38],[-44.21,-16.39]]]}},{"type":"Feature","properties":{"codarea":"3142106"},"geometry":{"type":"Polygon","coordinates":[[[-42.35,-20.96],[-42.42,-20.94],[-42.44,-20.88],[-42.51,-20.87],[-42.47,-20.75],[-42.39,-20.76],[-42.3,-20.86],[-42.26,-20.84],[-42.35,-20.96]]]}},{"type":"Feature","properties":{"codarea":"3142205"},"geometry":{"type":"Polygon","coordinates":[[[-42.75,-21.2],[-42.66,-21.08],[-42.55,-21.04],[-42.55,-21.07],[-42.51,-21.09],[-42.55,-21.15],[-42.52,-21.17],[-42.56,-21.22],[-42.75,-21.2]]]}},{"type":"Feature","properties":{"codarea":"3142254"},"geometry":{"type":"Polygon","coordinates":[[[-44.3,-14.82],[-44.48,-14.91],[-44.53,-14.86],[-44.52,-14.66],[-44.4,-14.59],[-44.37,-14.6],[-44.29,-14.77],[-44.32,-14.8],[-44.3,-14.82]]]}},{"type":"Feature","properties":{"codarea":"3142304"},"geometry":{"type":"Polygon","coordinates":[[[-44.08,-20.31],[-43.96,-20.26],[-43.93,-20.4],[-44.03,-20.38],[-44.08,-20.31]]]}},{"type":"Feature","properties":{"codarea":"3142403"},"geometry":{"type":"Polygon","coordinates":[[[-45.5,-19.85],[-45.48,-19.76],[-45.4,-19.77],[-45.36,-19.8],[-45.36,-19.85],[-45.29,-19.91],[-45.31,-19.94],[-45.5,-19.85]]]}},{"type":"Feature","properties":{"codarea":"3142502"},"geometry":{"type":"Polygon","coordinates":[[[-44.2,-18.25],[-44.09,-18.22],[-44.05,-18.27],[-44.0,-18.29],[-43.99,-18.35],[-43.93,-18.38],[-43.86,-18.37],[-43.83,-18.4],[-43.87,-18.48],[-44.07,-18.57],[-44.01,-18.47],[-44.16,-18.38],[-44.16,-18.3],[-44.2,-18.25]]]}},{"type":"Feature","properties":{"codarea":"3142601"},"geometry":{"type":"Polygon","coordinates":[[[-45.57,-21.75],[-45.58,-21.73],[-45.46,-21.66],[-45.38,-21.71],[-45.49,-21.81],[-45.56,-21.79],[-45.57,-21.75]]]}},{"type":"Feature","properties":{"codarea":"3142700"},"geometry":{"type":"Polygon","coordinates":[[[-44.32,-14.55],[-44.45,-14.64],[-44.52,-14.66],[-44.53,-14.7],[-44.64,-14.62],[-44.74,-14.63],[-44.75,-14.54],[-44.74,-14.47],[-44.66,-14.4],[-44.34,-14.25],[-44.23,-14.31],[-44.32,-14.39],[-44.32,-14.55]]]}},{"type":"Feature","properties":{"codarea":"3142809"},"geometry":{"type":"Polygon","coordinates":[[[-49.23,-18.94],[-49.26,-18.94],[-49.25,-18.87],[-49.05,-18.79],[-49.04,-18.68],[-49.15,-18.56],[-49.03,-18.52],[-48.83,-18.61],[-48.83,-18.69],[-48.63,-18.76],[-48.58,-18.8],[-48.6,-18.84],[-48.52,-18.9],[-48.57,-18.99],[-48.63,-18.95],[-48.71,-19.07],[-48.82,-19.1],[-49.0,-19.05],[-49.15,-18.94],[-49.23,-18.94]]]}},{"type":"Feature","properties":{"codarea":"3142908"},"geometry":{"type":"Polygon","coordinates":[[[-42.96,-15.33],[-43.02,-15.33],[-43.2,-15.23],[-43.25,-15.26],[-43.27,-15.15],[-43.17,-15.15],[-43.1,-15.19],[-43.04,-15.17],[-43.04,-15.12],[-42.95,-15.12],[-42.9,-15.04],[-42.83,-15.04],[-42.78,-15.16],[-42.81,-15.24],[-42.76,-15.4],[-42.83,-15.32],[-42.91,-15.3],[-42.96,-15.33]]]}},{"type":"Feature","properties":{"codarea":"3143005"},"geometry":{"type":"Polygon","coordinates":[[[-46.45,-21.39],[-46.4,-21.27],[-46.42,-21.2],[-46.35,-21.18],[-46.24,-21.26],[-46.24,-21.32],[-46.21,-21.36],[-46.24,-21.42],[-46.34,-21.42],[-46.36,-21.38],[-46.45,-21.39]]]}},{"type":"Feature","properties":{"codarea":"3143104"},"geometry":{"type":"Polygon","coordinates":[[[-47.61,-18.8],[-47.58,-18.62],[-47.63,-18.54],[-47.71,-18.49],[-47.71,-18.46],[-47.59,-18.48],[-47.56,-18.52],[-47.49,-18.51],[-47.45,-18.47],[-47.45,-18.51],[-47.34,-18.56],[-47.34,-18.68],[-47.28,-18.73],[-47.31,-18.78],[-47.28,-18.93],[-47.46,-18.98],[-47.49,-18.96],[-47.48,-18.91],[-47.43,-18.9],[-47.45,-18.83],[-47.61,-18.8]]]}},{"type":"Feature","properties":{"codarea":"3143153"},"geometry":{"type":"Polygon","coordinates":[[[-41.28,-17.01],[-41.33,-16.98],[-41.37,-16.88],[-41.3,-16.82],[-41.32,-16.75],[-41.22,-16.77],[-41.14,-16.86],[-41.28,-17.01]]]}},{"type":"Feature","properties":{"codarea":"3143203"},"geometry":{"type":"Polygon","coordinates":[[[-46.94,-21.06],[-46.87,-21.05],[-46.81,-21.08],[-46.79,-21.15],[-46.88,-21.29],[-46.97,-21.28],[-47.0,-21.36],[-47.12,-21.15],[-46.98,-21.13],[-46.94,-21.06]]]}},{"type":"Feature","properties":{"codarea":"3143302"},"geometry":{"type":"Polygon","coordinates":[[[-43.67,-16.73],[-43.72,-16.9],[-43.87,-16.92],[-43.89,-16.97],[-44.02,-17.05],[-44.02,-17.11],[-44.11,-17.15],[-44.13,-17.11],[-44.2,-17.1],[-44.13,-16.96],[-44.13,-16.82],[-44.07,-16.8],[-44.15,-16.73],[-44.11,-16.61],[-44.05,-16.62],[-43.97,-16.52],[-44.02,-16.45],[-44.07,-16.49],[-44.21,-16.39],[-44.12,-16.38],[-44.05,-16.42],[-44.05,-16.3],[-43.98,-16.23],[-43.97,-16.09],[-43.89,-16.11],[-43.77,-16.09],[-43.8,-16.23],[-43.74,-16.48],[-43.76,-16.53],[-43.67,-16.73]]]}},{"type":"Feature","properties":{"codarea":"3143401"},"geometry":{"type":"Polygon","coordinates":[[[-46.62,-22.44],[-46.67,-22.42],[-46.66,-22.37],[-46.61,-22.39],[-46.55,-22.35],[-46.44,-22.35],[-46.42,-22.4],[-46.46,-22.52],[-46.54,-22.49],[-46.55,-22.45],[-46.62,-22.44]]]}},{"type":"Feature","properties":{"codarea":"3143450"},"geometry":{"type":"Polygon","coordinates":[[[-42.66,-15.04],[-42.6,-15.06],[-42.52,-14.98],[-42.44,-15.02],[-42.44,-15.06],[-42.27,-15.12],[-42.27,-15.19],[-42.34,-15.2],[-42.35,-15.31],[-42.44,-15.42],[-42.52,-15.43],[-42.52,-15.32],[-42.57,-15.24],[-42.62,-15.24],[-42.62,-15.19],[-42.66,-15.17],[-42.66,-15.04]]]}},{"type":"Feature","properties":{"codarea":"3143500"},"geometry":{"type":"Polygon","coordinates":[[[-45.64,-18.66],[-45.63,-18.42],[-45.51,-18.32],[-45.41,-18.32],[-45.32,-18.22],[-45.27,-18.22],[-45.26,-18.26],[-45.32,-18.31],[-45.28,-18.35],[-45.3,-18.41],[-45.36,-18.45],[-45.22,-18.54],[-45.25,-18.64],[-45.16,-18.86],[-45.32,-18.91],[-45.46,-18.87],[-45.38,-18.76],[-45.47,-18.7],[-45.64,-18.66]]]}},{"type":"Feature","properties":{"codarea":"3143609"},"geometry":{"type":"Polygon","coordinates":[[[-44.52,-18.62],[-44.46,-18.65],[-44.55,-18.66],[-44.63,-18.74],[-44.71,-18.7],[-44.76,-18.72],[-44.82,-18.66],[-44.75,-18.68],[-44.69,-18.56],[-44.59,-18.52],[-44.52,-18.62]]]}},{"type":"Feature","properties":{"codarea":"3143708"},"geometry":{"type":"Polygon","coordinates":[[[-43.27,-19.17],[-43.31,-19.23],[-43.3,-19.29],[-43.35,-19.33],[-43.51,-19.33],[-43.54,-19.26],[-43.5,-19.22],[-43.51,-19.17],[-43.37,-19.14],[-43.34,-19.1],[-43.27,-19.17]]]}},{"type":"Feature","properties":{"codarea":"3143807"},"geometry":{"type":"Polygon","coordinates":[[[-46.39,-22.66],[-46.42,-22.6],[-46.39,-22.58],[-46.16,-22.62],[-46.29,-22.69],[-46.39,-22.66]]]}},{"type":"Feature","properties":{"codarea":"3143906"},"geometry":{"type":"Polygon","coordinates":[[[-42.46,-21.27],[-42.53,-21.23],[-42.52,-21.17],[-42.55,-21.15],[-42.51,-21.09],[-42.55,-21.07],[-42.52,-21.0],[-42.46,-21.01],[-42.42,-20.98],[-42.43,-20.96],[-42.57,-20.92],[-42.51,-20.87],[-42.44,-20.88],[-42.42,-20.94],[-42.35,-20.96],[-42.25,-21.05],[-42.3,-21.09],[-42.33,-21.21],[-42.36,-21.22],[-42.33,-21.27],[-42.36,-21.31],[-42.42,-21.26],[-42.46,-21.27]]]}},{"type":"Feature","properties":{"codarea":"3144003"},"geometry":{"type":"Polygon","coordinates":[[[-41.56,-20.03],[-41.55,-20.0],[-41.65,-19.97],[-41.6,-19.93],[-41.58,-19.77],[-41.56,-19.73],[-41.39,-19.66],[-41.39,-19.75],[-41.29,-19.86],[-41.31,-20.02],[-41.38,-20.19],[-41.44,-20.19],[-41.45,-20.12],[-41.5,-20.11],[-41.5,-20.08],[-41.56,-20.03]]]}},{"type":"Feature","properties":{"codarea":"3144102"},"geometry":{"type":"Polygon","coordinates":[[[-46.62,-21.43],[-46.65,-21.38],[-46.6,-21.33],[-46.61,-21.29],[-46.57,-21.31],[-46.49,-21.24],[-46.41,-21.25],[-46.48,-21.44],[-46.47,-21.49],[-46.62,-21.43]]]}},{"type":"Feature","properties":{"codarea":"3144201"},"geometry":{"type":"Polygon","coordinates":[[[-42.2,-18.41],[-42.12,-18.39],[-42.1,-18.43],[-42.14,-18.43],[-42.11,-18.49],[-42.14,-18.52],[-42.09,-18.55],[-42.22,-18.56],[-42.24,-18.51],[-42.28,-18.49],[-42.27,-18.43],[-42.2,-18.41]]]}},{"type":"Feature","properties":{"codarea":"3144300"},"geometry":{"type":"Polygon","coordinates":[[[-40.34,-17.62],[-40.29,-17.85],[-40.21,-17.89],[-40.26,-17.92],[-40.22,-17.98],[-40.52,-17.89],[-40.7,-18.02],[-40.8,-17.96],[-40.74,-17.88],[-40.55,-17.81],[-40.53,-17.77],[-40.61,-17.72],[-40.59,-17.67],[-40.62,-17.6],[-40.52,-17.45],[-40.46,-17.57],[-40.34,-17.62]]]}},{"type":"Feature","properties":{"codarea":"3144359"},"geometry":{"type":"Polygon","coordinates":[[[-42.35,-19.22],[-42.4,-19.19],[-42.35,-19.11],[-42.26,-19.15],[-42.25,-19.19],[-42.32,-19.24],[-42.35,-19.22]]]}},{"type":"Feature","properties":{"codarea":"3144375"},"geometry":{"type":"Polygon","coordinates":[[[-46.51,-16.38],[-46.38,-16.5],[-46.37,-16.6],[-46.47,-16.7],[-46.56,-16.63],[-46.57,-16.56],[-46.53,-16.45],[-46.56,-16.37],[-46.51,-16.38]]]}},{"type":"Feature","properties":{"codarea":"3144409"},"geometry":{"type":"Polygon","coordinates":[[[-45.46,-22.08],[-45.36,-22.07],[-45.37,-22.11],[-45.45,-22.12],[-45.51,-22.18],[-45.52,-22.22],[-45.62,-22.16],[-45.6,-22.1],[-45.46,-22.08]]]}},{"type":"Feature","properties":{"codarea":"3144508"},"geometry":{"type":"Polygon","coordinates":[[[-44.73,-21.21],[-44.71,-21.2],[-44.71,-21.14],[-44.63,-21.09],[-44.58,-21.1],[-44.57,-21.21],[-44.54,-21.24],[-44.47,-21.23],[-44.6,-21.35],[-44.6,-21.31],[-44.73,-21.21]]]}},{"type":"Feature","properties":{"codarea":"3144607"},"geometry":{"type":"Polygon","coordinates":[[[-45.38,-21.31],[-45.39,-21.25],[-45.31,-21.18],[-45.34,-21.07],[-45.28,-21.05],[-45.28,-21.13],[-45.21,-21.14],[-45.22,-21.1],[-45.19,-21.09],[-45.15,-21.13],[-45.17,-21.25],[-45.14,-21.35],[-45.27,-21.38],[-45.38,-21.31]]]}},{"type":"Feature","properties":{"codarea":"3144656"},"geometry":{"type":"Polygon","coordinates":[[[-41.8,-15.1],[-41.36,-15.49],[-41.45,-15.49],[-41.5,-15.53],[-41.7,-15.51],[-41.74,-15.44],[-41.84,-15.41],[-41.88,-15.36],[-41.83,-15.25],[-41.78,-15.25],[-41.8,-15.1]]]}},{"type":"Feature","properties":{"codarea":"3144672"},"geometry":{"type":"Polygon","coordinates":[[[-41.16,-18.53],[-41.19,-18.5],[-41.18,-18.44],[-41.02,-18.46],[-41.03,-18.53],[-41.16,-18.53]]]}},{"type":"Feature","properties":{"codarea":"3144706"},"geometry":{"type":"Polygon","coordinates":[[[-43.11,-19.73],[-43.06,-19.58],[-43.01,-19.58],[-42.95,-19.71],[-42.92,-19.71],[-42.92,-19.81],[-43.06,-19.82],[-43.11,-19.73]]]}},{"type":"Feature","properties":{"codarea":"3144805"},"geometry":{"type":"Polygon","coordinates":[[[-43.78,-20.03],[-43.85,-20.1],[-43.87,-20.16],[-43.85,-20.2],[-43.98,-20.22],[-44.0,-20.06],[-43.94,-19.98],[-43.83,-19.93],[-43.78,-20.03]]]}},{"type":"Feature","properties":{"codarea":"3144904"},"geometry":{"type":"Polygon","coordinates":[[[-41.46,-18.51],[-41.54,-18.58],[-41.57,-18.57],[-41.58,-18.54],[-41.63,-18.53],[-41.63,-18.43],[-41.43,-18.3],[-41.43,-18.44],[-41.46,-18.51]]]}},{"type":"Feature","properties":{"codarea":"3145000"},"geometry":{"type":"Polygon","coordinates":[[[-47.62,-19.43],[-47.62,-19.57],[-47.69,-19.57],[-47.77,-19.52],[-47.79,-19.25],[-47.85,-19.09],[-47.82,-19.09],[-47.8,-19.04],[-47.67,-19.04],[-47.71,-18.92],[-47.61,-19.02],[-47.57,-19.01],[-47.59,-19.05],[-47.57,-19.11],[-47.64,-19.16],[-47.66,-19.21],[-47.65,-19.38],[-47.62,-19.43]]]}},{"type":"Feature","properties":{"codarea":"3145059"},"geometry":{"type":"Polygon","coordinates":[[[-43.28,-15.61],[-43.23,-15.7],[-43.26,-15.83],[-43.32,-15.78],[-43.28,-15.61]]]}},{"type":"Feature","properties":{"codarea":"3145109"},"geometry":{"type":"Polygon","coordinates":[[[-46.29,-21.15],[-46.32,-21.18],[-46.42,-21.2],[-46.43,-21.17],[-46.55,-21.15],[-46.55,-21.09],[-46.44,-21.06],[-46.46,-20.97],[-46.41,-20.96],[-46.36,-20.99],[-46.29,-21.15]]]}},{"type":"Feature","properties":{"codarea":"3145208"},"geometry":{"type":"Polygon","coordinates":[[[-45.12,-19.83],[-45.11,-19.81],[-44.93,-19.78],[-44.88,-19.82],[-44.89,-19.92],[-44.96,-19.93],[-45.08,-19.83],[-45.12,-19.83]]]}},{"type":"Feature","properties":{"codarea":"3145307"},"geometry":{"type":"Polygon","coordinates":[[[-41.87,-17.11],[-41.79,-17.16],[-41.83,-17.23],[-41.73,-17.36],[-41.75,-17.44],[-41.81,-17.5],[-41.91,-17.53],[-41.98,-17.66],[-42.02,-17.62],[-42.12,-17.59],[-42.19,-17.44],[-42.09,-17.38],[-42.11,-17.32],[-42.06,-17.18],[-41.95,-17.19],[-41.96,-17.09],[-41.87,-17.11]]]}},{"type":"Feature","properties":{"codarea":"3145356"},"geometry":{"type":"Polygon","coordinates":[[[-41.23,-17.43],[-41.26,-17.35],[-41.35,-17.35],[-41.32,-17.28],[-41.34,-17.22],[-41.32,-17.06],[-41.28,-17.03],[-41.16,-17.04],[-41.12,-17.11],[-41.21,-17.22],[-41.18,-17.28],[-41.07,-17.35],[-41.08,-17.38],[-41.16,-17.43],[-41.23,-17.43]]]}},{"type":"Feature","properties":{"codarea":"3145372"},"geometry":{"type":"Polygon","coordinates":[[[-42.42,-16.08],[-42.48,-16.06],[-42.47,-15.98],[-42.53,-15.99],[-42.52,-15.96],[-42.47,-15.96],[-42.4,-15.9],[-42.37,-15.92],[-42.37,-15.99],[-42.33,-15.99],[-42.29,-16.04],[-42.3,-16.1],[-42.35,-16.06],[-42.42,-16.08]]]}},{"type":"Feature","properties":{"codarea":"3145406"},"geometry":{"type":"Polygon","coordinates":[[[-44.09,-21.89],[-43.93,-21.84],[-43.87,-21.96],[-43.98,-21.96],[-44.03,-21.91],[-44.07,-21.93],[-44.09,-21.89]]]}},{"type":"Feature","properties":{"codarea":"3145455"},"geometry":{"type":"Polygon","coordinates":[[[-43.75,-17.89],[-43.78,-17.79],[-43.75,-17.71],[-43.78,-17.68],[-43.77,-17.55],[-43.72,-17.42],[-43.73,-17.37],[-43.81,-17.33],[-43.81,-17.27],[-43.67,-17.21],[-43.58,-17.27],[-43.54,-17.23],[-43.37,-17.29],[-43.28,-17.4],[-43.32,-17.47],[-43.37,-17.52],[-43.5,-17.56],[-43.55,-17.54],[-43.57,-17.61],[-43.61,-17.63],[-43.61,-17.75],[-43.7,-17.88],[-43.75,-17.89]]]}},{"type":"Feature","properties":{"codarea":"3145505"},"geometry":{"type":"Polygon","coordinates":[[[-45.33,-22.12],[-45.24,-22.04],[-45.25,-22.11],[-45.33,-22.12]]]}},{"type":"Feature","properties":{"codarea":"3145604"},"geometry":{"type":"Polygon","coordinates":[[[-44.91,-20.79],[-44.94,-20.63],[-44.82,-20.64],[-44.79,-20.6],[-44.72,-20.62],[-44.66,-20.7],[-44.62,-20.71],[-44.59,-20.65],[-44.57,-20.73],[-44.45,-20.79],[-44.52,-20.83],[-44.61,-20.81],[-44.64,-20.86],[-44.71,-20.85],[-44.78,-20.9],[-44.91,-20.79]]]}},{"type":"Feature","properties":{"codarea":"3145703"},"geometry":{"type":"Polygon","coordinates":[[[-43.48,-21.28],[-43.42,-21.34],[-43.47,-21.37],[-43.63,-21.38],[-43.58,-21.32],[-43.48,-21.28]]]}},{"type":"Feature","properties":{"codarea":"3145802"},"geometry":{"type":"Polygon","coordinates":[[[-44.78,-19.77],[-44.84,-19.74],[-44.81,-19.66],[-44.75,-19.67],[-44.75,-19.61],[-44.67,-19.66],[-44.64,-19.73],[-44.7,-19.78],[-44.78,-19.77]]]}},{"type":"Feature","properties":{"codarea":"3145851"},"geometry":{"type":"Polygon","coordinates":[[[-42.76,-20.46],[-42.84,-20.49],[-42.8,-20.36],[-42.75,-20.4],[-42.76,-20.46]]]}},{"type":"Feature","properties":{"codarea":"3145877"},"geometry":{"type":"Polygon","coordinates":[[[-42.28,-20.55],[-42.19,-20.43],[-42.16,-20.47],[-42.21,-20.59],[-42.28,-20.55]]]}},{"type":"Feature","properties":{"codarea":"3145901"},"geometry":{"type":"Polygon","coordinates":[[[-43.6,-20.58],[-43.68,-20.62],[-43.8,-20.54],[-43.71,-20.56],[-43.77,-20.5],[-43.75,-20.46],[-43.66,-20.43],[-43.58,-20.51],[-43.6,-20.58]]]}},{"type":"Feature","properties":{"codarea":"3146008"},"geometry":{"type":"Polygon","coordinates":[[[-46.26,-22.15],[-46.24,-22.18],[-46.26,-22.22],[-46.24,-22.27],[-46.34,-22.31],[-46.33,-22.39],[-46.42,-22.4],[-46.44,-22.35],[-46.51,-22.34],[-46.53,-22.3],[-46.48,-22.26],[-46.49,-22.18],[-46.43,-22.15],[-46.26,-22.15]]]}},{"type":"Feature","properties":{"codarea":"3146107"},"geometry":{"type":"Polygon","coordinates":[[[-43.56,-20.61],[-43.6,-20.58],[-43.58,-20.51],[-43.66,-20.43],[-43.8,-20.5],[-43.8,-20.46],[-43.92,-20.43],[-43.93,-20.38],[-43.84,-20.39],[-43.75,-20.27],[-43.62,-20.19],[-43.55,-20.21],[-43.53,-20.16],[-43.5,-20.17],[-43.45,-20.3],[-43.5,-20.44],[-43.43,-20.49],[-43.4,-20.55],[-43.46,-20.63],[-43.56,-20.61]]]}},{"type":"Feature","properties":{"codarea":"3146206"},"geometry":{"type":"Polygon","coordinates":[[[-41.25,-17.95],[-41.22,-18.08],[-41.26,-18.11],[-41.37,-18.1],[-41.37,-18.03],[-41.25,-17.95]]]}},{"type":"Feature","properties":{"codarea":"3146255"},"geometry":{"type":"Polygon","coordinates":[[[-42.63,-16.42],[-42.66,-16.4],[-42.61,-16.29],[-42.64,-16.26],[-42.7,-16.28],[-42.72,-16.22],[-42.7,-16.17],[-42.63,-16.16],[-42.51,-16.27],[-42.47,-16.42],[-42.51,-16.46],[-42.61,-16.38],[-42.63,-16.42]]]}},{"type":"Feature","properties":{"codarea":"3146305"},"geometry":{"type":"Polygon","coordinates":[[[-41.38,-17.05],[-41.42,-17.13],[-41.49,-17.08],[-41.65,-17.19],[-41.67,-16.99],[-41.6,-16.92],[-41.53,-16.95],[-41.49,-16.92],[-41.45,-16.95],[-41.44,-17.03],[-41.38,-17.05]]]}},{"type":"Feature","properties":{"codarea":"3146404"},"geometry":{"type":"Polygon","coordinates":[[[-45.66,-19.01],[-45.7,-18.98],[-45.64,-18.79],[-45.53,-18.85],[-45.49,-18.84],[-45.32,-18.91],[-45.18,-18.88],[-45.21,-18.93],[-45.24,-18.91],[-45.41,-19.01],[-45.55,-18.99],[-45.62,-18.94],[-45.66,-19.01]]]}},{"type":"Feature","properties":{"codarea":"3146503"},"geometry":{"type":"Polygon","coordinates":[[[-45.59,-20.47],[-45.67,-20.44],[-45.72,-20.51],[-45.83,-20.36],[-45.8,-20.31],[-45.82,-20.29],[-45.69,-20.29],[-45.6,-20.33],[-45.56,-20.39],[-45.59,-20.47]]]}},{"type":"Feature","properties":{"codarea":"3146552"},"geometry":{"type":"Polygon","coordinates":[[[-43.31,-15.33],[-43.31,-15.08],[-43.21,-15.32],[-43.08,-15.45],[-43.06,-15.41],[-43.02,-15.4],[-42.95,-15.43],[-42.91,-15.51],[-43.02,-15.54],[-43.07,-15.61],[-43.13,-15.61],[-43.23,-15.5],[-43.26,-15.33],[-43.31,-15.33]]]}},{"type":"Feature","properties":{"codarea":"3146602"},"geometry":{"type":"Polygon","coordinates":[[[-43.37,-21.28],[-43.42,-21.34],[-43.48,-21.28],[-43.44,-21.25],[-43.37,-21.28]]]}},{"type":"Feature","properties":{"codarea":"3146701"},"geometry":{"type":"Polygon","coordinates":[[[-42.24,-21.34],[-42.29,-21.46],[-42.26,-21.48],[-42.35,-21.58],[-42.35,-21.5],[-42.39,-21.45],[-42.38,-21.38],[-42.42,-21.35],[-42.4,-21.3],[-42.24,-21.34]]]}},{"type":"Feature","properties":{"codarea":"3146750"},"geometry":{"type":"Polygon","coordinates":[[[-40.46,-16.69],[-40.33,-16.65],[-40.31,-16.7],[-40.32,-16.8],[-40.27,-16.8],[-40.25,-16.83],[-40.28,-16.9],[-40.43,-16.89],[-40.48,-16.78],[-40.44,-16.74],[-40.46,-16.69]]]}},{"type":"Feature","properties":{"codarea":"3146909"},"geometry":{"type":"Polygon","coordinates":[[[-44.69,-19.21],[-44.63,-19.24],[-44.53,-19.37],[-44.55,-19.43],[-44.71,-19.43],[-44.74,-19.5],[-44.78,-19.5],[-44.78,-19.54],[-44.81,-19.54],[-44.88,-19.48],[-44.75,-19.35],[-44.69,-19.21]]]}},{"type":"Feature","properties":{"codarea":"3147006"},"geometry":{"type":"Polygon","coordinates":[[[-47.31,-17.54],[-47.4,-17.51],[-47.47,-17.53],[-47.51,-17.5],[-47.54,-17.46],[-47.51,-17.33],[-47.49,-17.35],[-47.44,-17.32],[-47.35,-17.18],[-47.15,-17.03],[-47.13,-16.98],[-47.21,-16.87],[-47.24,-16.76],[-47.23,-16.72],[-47.21,-16.74],[-47.02,-16.6],[-46.93,-16.7],[-46.92,-16.84],[-46.85,-16.9],[-46.65,-16.79],[-46.56,-16.88],[-46.42,-16.89],[-46.2,-17.01],[-46.28,-17.08],[-46.29,-17.2],[-46.34,-17.19],[-46.49,-17.29],[-46.49,-17.4],[-46.54,-17.42],[-46.55,-17.49],[-46.66,-17.54],[-46.74,-17.62],[-46.88,-17.6],[-46.9,-17.54],[-46.87,-17.5],[-46.9,-17.46],[-46.94,-17.47],[-47.01,-17.57],[-47.06,-17.58],[-47.13,-17.55],[-47.15,-17.5],[-47.24,-17.51],[-47.26,-17.48],[-47.31,-17.54]]]}},{"type":"Feature","properties":{"codarea":"3147105"},"geometry":{"type":"Polygon","coordinates":[[[-44.62,-19.94],[-44.69,-19.88],[-44.74,-19.9],[-44.78,-19.87],[-44.78,-19.77],[-44.7,-19.78],[-44.64,-19.73],[-44.6,-19.79],[-44.5,-19.7],[-44.43,-19.74],[-44.51,-19.86],[-44.53,-19.95],[-44.57,-19.98],[-44.62,-19.94]]]}},{"type":"Feature","properties":{"codarea":"3147204"},"geometry":{"type":"Polygon","coordinates":[[[-45.71,-21.68],[-45.78,-21.7],[-45.85,-21.59],[-45.86,-21.52],[-45.81,-21.53],[-45.76,-21.42],[-45.66,-21.46],[-45.66,-21.59],[-45.71,-21.68]]]}},{"type":"Feature","properties":{"codarea":"3147303"},"geometry":{"type":"Polygon","coordinates":[[[-45.7,-22.5],[-45.68,-22.57],[-45.73,-22.59],[-45.73,-22.62],[-45.88,-22.62],[-45.89,-22.68],[-45.96,-22.69],[-45.95,-22.59],[-45.9,-22.6],[-45.88,-22.5],[-45.83,-22.51],[-45.78,-22.47],[-45.7,-22.5]]]}},{"type":"Feature","properties":{"codarea":"3147402"},"geometry":{"type":"Polygon","coordinates":[[[-44.27,-19.34],[-44.3,-19.35],[-44.3,-19.4],[-44.36,-19.31],[-44.44,-19.27],[-44.48,-19.3],[-44.49,-19.34],[-44.44,-19.34],[-44.43,-19.4],[-44.55,-19.43],[-44.53,-19.37],[-44.65,-19.23],[-44.41,-19.13],[-44.37,-19.23],[-44.24,-19.27],[-44.27,-19.34]]]}},{"type":"Feature","properties":{"codarea":"3147501"},"geometry":{"type":"Polygon","coordinates":[[[-43.19,-19.39],[-43.24,-19.33],[-43.11,-19.34],[-43.1,-19.38],[-43.19,-19.39]]]}},{"type":"Feature","properties":{"codarea":"3147600"},"geometry":{"type":"Polygon","coordinates":[[[-45.02,-22.34],[-44.91,-22.33],[-44.92,-22.36],[-44.81,-22.41],[-44.97,-22.48],[-45.1,-22.49],[-45.02,-22.34]]]}},{"type":"Feature","properties":{"codarea":"3147709"},"geometry":{"type":"Polygon","coordinates":[[[-44.59,-20.65],[-44.6,-20.59],[-44.54,-20.52],[-44.47,-20.59],[-44.41,-20.57],[-44.36,-20.61],[-44.45,-20.79],[-44.57,-20.73],[-44.59,-20.65]]]}},{"type":"Feature","properties":{"codarea":"3147808"},"geometry":{"type":"Polygon","coordinates":[[[-44.18,-22.23],[-44.26,-22.27],[-44.29,-22.24],[-44.36,-22.25],[-44.35,-22.19],[-44.29,-22.11],[-44.21,-22.07],[-44.22,-22.13],[-44.18,-22.23]]]}},{"type":"Feature","properties":{"codarea":"3147907"},"geometry":{"type":"Polygon","coordinates":[[[-46.61,-20.97],[-46.71,-20.84],[-46.73,-20.73],[-46.83,-20.63],[-46.81,-20.54],[-46.85,-20.53],[-46.86,-20.47],[-46.69,-20.5],[-46.59,-20.57],[-46.59,-20.64],[-46.38,-20.69],[-46.41,-20.81],[-46.53,-20.97],[-46.61,-20.97]]]}},{"type":"Feature","properties":{"codarea":"3147956"},"geometry":{"type":"Polygon","coordinates":[[[-44.24,-16.09],[-44.21,-16.02],[-44.24,-15.98],[-44.21,-15.97],[-44.13,-15.97],[-43.97,-16.09],[-43.99,-16.16],[-44.06,-16.2],[-44.24,-16.09]]]}},{"type":"Feature","properties":{"codarea":"3148004"},"geometry":{"type":"Polygon","coordinates":[[[-46.4,-18.88],[-46.44,-18.92],[-46.51,-18.92],[-46.59,-19.01],[-46.64,-18.87],[-46.62,-18.86],[-46.74,-18.78],[-46.82,-18.63],[-46.8,-18.53],[-46.89,-18.49],[-46.93,-18.4],[-46.96,-18.41],[-46.99,-18.29],[-46.92,-18.26],[-46.82,-18.32],[-46.76,-18.31],[-46.65,-18.41],[-46.36,-18.53],[-46.34,-18.6],[-46.31,-18.56],[-46.14,-18.51],[-46.01,-18.55],[-45.97,-18.53],[-45.94,-18.57],[-45.83,-18.59],[-45.93,-18.67],[-46.1,-18.71],[-46.15,-18.74],[-46.28,-18.72],[-46.31,-18.65],[-46.4,-18.63],[-46.43,-18.68],[-46.54,-18.73],[-46.5,-18.85],[-46.4,-18.88]]]}},{"type":"Feature","properties":{"codarea":"3148103"},"geometry":{"type":"Polygon","coordinates":[[[-47.39,-19.13],[-47.34,-18.96],[-47.28,-18.93],[-47.31,-18.78],[-47.28,-18.73],[-47.16,-18.76],[-47.07,-18.7],[-47.01,-18.7],[-46.96,-18.75],[-46.83,-18.73],[-46.79,-18.82],[-46.82,-18.86],[-46.75,-18.94],[-46.77,-18.96],[-46.75,-19.0],[-46.79,-19.04],[-46.78,-19.11],[-46.96,-19.27],[-47.09,-19.18],[-47.39,-19.13]]]}},{"type":"Feature","properties":{"codarea":"3148202"},"geometry":{"type":"Polygon","coordinates":[[[-42.17,-21.13],[-42.2,-21.22],[-42.3,-21.19],[-42.33,-21.21],[-42.3,-21.12],[-42.17,-21.13]]]}},{"type":"Feature","properties":{"codarea":"3148301"},"geometry":{"type":"Polygon","coordinates":[[[-43.04,-20.93],[-43.08,-20.82],[-43.04,-20.77],[-43.0,-20.76],[-42.89,-20.82],[-42.94,-20.98],[-42.99,-20.93],[-43.04,-20.93]]]}},{"type":"Feature","properties":{"codarea":"3148400"},"geometry":{"type":"Polygon","coordinates":[[[-42.9,-18.56],[-42.93,-18.44],[-42.92,-18.39],[-42.83,-18.36],[-42.8,-18.38],[-42.83,-18.53],[-42.9,-18.56]]]}},{"type":"Feature","properties":{"codarea":"3148509"},"geometry":{"type":"Polygon","coordinates":[[[-41.23,-17.43],[-41.16,-17.43],[-41.08,-17.38],[-41.07,-17.35],[-41.0,-17.36],[-40.95,-17.33],[-40.95,-17.41],[-40.97,-17.43],[-40.92,-17.49],[-40.96,-17.54],[-40.94,-17.58],[-41.05,-17.6],[-41.06,-17.57],[-41.26,-17.48],[-41.23,-17.43]]]}},{"type":"Feature","properties":{"codarea":"3148608"},"geometry":{"type":"Polygon","coordinates":[[[-42.72,-18.65],[-42.69,-18.59],[-42.6,-18.57],[-42.61,-18.42],[-42.58,-18.43],[-42.54,-18.34],[-42.4,-18.35],[-42.41,-18.48],[-42.37,-18.52],[-42.45,-18.53],[-42.42,-18.61],[-42.36,-18.65],[-42.35,-18.74],[-42.53,-18.72],[-42.62,-18.7],[-42.63,-18.66],[-42.72,-18.65]]]}},{"type":"Feature","properties":{"codarea":"3148707"},"geometry":{"type":"Polygon","coordinates":[[[-41.46,-16.05],[-41.4,-15.96],[-41.3,-15.93],[-41.28,-15.86],[-41.38,-15.81],[-41.34,-15.8],[-41.33,-15.74],[-41.22,-15.74],[-41.14,-15.77],[-41.15,-15.8],[-41.03,-15.8],[-40.96,-15.88],[-40.98,-15.94],[-40.92,-15.97],[-40.91,-16.05],[-40.94,-16.1],[-41.16,-16.06],[-41.22,-16.07],[-41.3,-16.17],[-41.33,-16.13],[-41.37,-16.15],[-41.44,-16.1],[-41.43,-16.05],[-41.46,-16.05]]]}},{"type":"Feature","properties":{"codarea":"3148756"},"geometry":{"type":"Polygon","coordinates":[[[-42.32,-20.55],[-42.38,-20.59],[-42.41,-20.58],[-42.39,-20.5],[-42.43,-20.44],[-42.42,-20.35],[-42.35,-20.39],[-42.32,-20.55]]]}},{"type":"Feature","properties":{"codarea":"3148806"},"geometry":{"type":"Polygon","coordinates":[[[-42.72,-20.52],[-42.64,-20.58],[-42.7,-20.66],[-42.77,-20.67],[-42.77,-20.63],[-42.8,-20.61],[-42.72,-20.52]]]}},{"type":"Feature","properties":{"codarea":"3148905"},"geometry":{"type":"Polygon","coordinates":[[[-45.13,-20.33],[-45.25,-20.39],[-45.34,-20.33],[-45.35,-20.27],[-45.25,-20.2],[-45.19,-20.24],[-45.15,-20.18],[-45.12,-20.26],[-45.13,-20.33]]]}},{"type":"Feature","properties":{"codarea":"3149002"},"geometry":{"type":"Polygon","coordinates":[[[-42.17,-20.79],[-42.1,-20.8],[-42.1,-20.84],[-42.21,-20.85],[-42.17,-20.79]]]}},{"type":"Feature","properties":{"codarea":"3149101"},"geometry":{"type":"Polygon","coordinates":[[[-45.45,-22.33],[-45.52,-22.3],[-45.56,-22.25],[-45.51,-22.19],[-45.39,-22.17],[-45.37,-22.27],[-45.45,-22.33]]]}},{"type":"Feature","properties":{"codarea":"3149150"},"geometry":{"type":"Polygon","coordinates":[[[-44.14,-15.26],[-44.14,-15.39],[-44.03,-15.49],[-44.05,-15.47],[-44.09,-15.55],[-44.12,-15.67],[-44.17,-15.65],[-44.19,-15.68],[-44.23,-15.68],[-44.3,-15.79],[-44.29,-15.83],[-44.37,-15.79],[-44.43,-15.81],[-44.44,-15.85],[-44.54,-15.79],[-44.58,-15.88],[-44.65,-15.83],[-44.68,-15.78],[-44.39,-15.59],[-44.35,-15.49],[-44.19,-15.4],[-44.14,-15.26]]]}},{"type":"Feature","properties":{"codarea":"3149200"},"geometry":{"type":"Polygon","coordinates":[[[-47.44,-19.14],[-47.39,-19.24],[-47.41,-19.27],[-47.53,-19.27],[-47.64,-19.2],[-47.64,-19.16],[-47.56,-19.1],[-47.44,-19.14]]]}},{"type":"Feature","properties":{"codarea":"3149309"},"geometry":{"type":"Polygon","coordinates":[[[-44.13,-19.71],[-44.19,-19.66],[-43.99,-19.54],[-43.95,-19.49],[-43.92,-19.51],[-44.04,-19.68],[-44.01,-19.74],[-44.04,-19.77],[-44.13,-19.71]]]}},{"type":"Feature","properties":{"codarea":"3149408"},"geometry":{"type":"Polygon","coordinates":[[[-43.79,-21.71],[-43.77,-21.67],[-43.72,-21.67],[-43.67,-21.75],[-43.71,-21.8],[-43.79,-21.71]]]}},{"type":"Feature","properties":{"codarea":"3149507"},"geometry":{"type":"Polygon","coordinates":[[[-43.08,-21.8],[-43.06,-21.82],[-43.13,-21.88],[-43.19,-21.85],[-43.16,-21.83],[-43.17,-21.76],[-43.08,-21.8]]]}},{"type":"Feature","properties":{"codarea":"3149606"},"geometry":{"type":"Polygon","coordinates":[[[-44.73,-19.61],[-44.72,-19.57],[-44.56,-19.54],[-44.55,-19.59],[-44.64,-19.71],[-44.73,-19.61]]]}},{"type":"Feature","properties":{"codarea":"3149705"},"geometry":{"type":"Polygon","coordinates":[[[-45.05,-20.01],[-45.14,-19.98],[-45.1,-19.85],[-45.12,-19.83],[-45.08,-19.83],[-44.96,-19.93],[-44.99,-20.01],[-45.05,-20.01]]]}},{"type":"Feature","properties":{"codarea":"3149804"},"geometry":{"type":"Polygon","coordinates":[[[-46.96,-19.27],[-46.84,-19.3],[-46.86,-19.47],[-46.91,-19.48],[-46.94,-19.44],[-47.02,-19.44],[-47.01,-19.49],[-47.08,-19.56],[-47.17,-19.55],[-47.28,-19.69],[-47.35,-19.74],[-47.4,-19.73],[-47.47,-19.56],[-47.43,-19.55],[-47.36,-19.42],[-47.41,-19.35],[-47.39,-19.24],[-47.44,-19.14],[-47.22,-19.14],[-47.14,-19.19],[-47.09,-19.18],[-46.96,-19.27]]]}},{"type":"Feature","properties":{"codarea":"3149903"},"geometry":{"type":"Polygon","coordinates":[[[-44.98,-21.03],[-44.94,-21.07],[-44.99,-21.13],[-45.04,-21.15],[-45.04,-21.1],[-45.13,-21.17],[-45.19,-21.09],[-45.1,-21.03],[-45.08,-20.94],[-45.05,-21.04],[-44.98,-21.03]]]}},{"type":"Feature","properties":{"codarea":"3149952"},"geometry":{"type":"Polygon","coordinates":[[[-42.23,-19.16],[-42.25,-19.19],[-42.35,-19.09],[-42.3,-19.08],[-42.21,-18.98],[-42.13,-19.06],[-42.23,-19.16]]]}},{"type":"Feature","properties":{"codarea":"3150000"},"geometry":{"type":"Polygon","coordinates":[[[-41.58,-18.26],[-41.42,-18.28],[-41.63,-18.43],[-41.69,-18.36],[-41.58,-18.26]]]}},{"type":"Feature","properties":{"codarea":"3150109"},"geometry":{"type":"Polygon","coordinates":[[[-43.3,-21.43],[-43.2,-21.47],[-43.26,-21.54],[-43.36,-21.59],[-43.42,-21.53],[-43.3,-21.43]]]}},{"type":"Feature","properties":{"codarea":"3150158"},"geometry":{"type":"Polygon","coordinates":[[[-42.02,-19.71],[-42.0,-19.78],[-42.05,-19.84],[-42.1,-19.74],[-42.07,-19.69],[-42.02,-19.71]]]}},{"type":"Feature","properties":{"codarea":"3150208"},"geometry":{"type":"Polygon","coordinates":[[[-42.76,-20.27],[-42.78,-20.23],[-42.72,-20.19],[-42.68,-20.21],[-42.68,-20.29],[-42.76,-20.27]]]}},{"type":"Feature","properties":{"codarea":"3150307"},"geometry":{"type":"Polygon","coordinates":[[[-44.22,-21.57],[-44.28,-21.45],[-44.21,-21.43],[-44.2,-21.39],[-44.14,-21.39],[-44.05,-21.45],[-44.05,-21.52],[-44.1,-21.58],[-44.22,-21.57]]]}},{"type":"Feature","properties":{"codarea":"3150406"},"geometry":{"type":"Polygon","coordinates":[[[-44.16,-20.51],[-44.3,-20.55],[-44.32,-20.59],[-44.35,-20.5],[-44.25,-20.39],[-44.18,-20.39],[-44.15,-20.42],[-44.16,-20.51]]]}},{"type":"Feature","properties":{"codarea":"3150505"},"geometry":{"type":"Polygon","coordinates":[[[-45.83,-20.67],[-45.97,-20.59],[-45.89,-20.54],[-45.89,-20.45],[-45.84,-20.42],[-45.83,-20.36],[-45.72,-20.51],[-45.83,-20.67]]]}},{"type":"Feature","properties":{"codarea":"3150539"},"geometry":{"type":"Polygon","coordinates":[[[-42.47,-19.77],[-42.48,-19.73],[-42.44,-19.71],[-42.36,-19.72],[-42.38,-19.78],[-42.47,-19.77]]]}},{"type":"Feature","properties":{"codarea":"3150570"},"geometry":{"type":"Polygon","coordinates":[[[-45.08,-16.12],[-45.18,-16.17],[-45.17,-16.2],[-45.23,-16.27],[-45.32,-16.27],[-45.39,-16.12],[-45.37,-16.09],[-45.44,-15.98],[-45.42,-15.93],[-45.19,-15.85],[-45.09,-15.98],[-45.05,-15.99],[-45.08,-16.12]]]}},{"type":"Feature","properties":{"codarea":"3150604"},"geometry":{"type":"Polygon","coordinates":[[[-44.54,-20.52],[-44.54,-20.48],[-44.41,-20.43],[-44.32,-20.59],[-44.33,-20.61],[-44.41,-20.57],[-44.47,-20.59],[-44.54,-20.52]]]}},{"type":"Feature","properties":{"codarea":"3150703"},"geometry":{"type":"Polygon","coordinates":[[[-48.74,-20.01],[-48.77,-19.85],[-48.72,-19.88],[-48.6,-19.86],[-48.54,-19.89],[-48.56,-20.0],[-48.6,-20.04],[-48.67,-20.03],[-48.69,-19.97],[-48.74,-20.01]]]}},{"type":"Feature","properties":{"codarea":"3150802"},"geometry":{"type":"Polygon","coordinates":[[[-43.16,-20.72],[-43.41,-20.75],[-43.46,-20.63],[-43.4,-20.55],[-43.29,-20.5],[-43.25,-20.55],[-43.16,-20.51],[-43.14,-20.56],[-43.19,-20.59],[-43.16,-20.72]]]}},{"type":"Feature","properties":{"codarea":"3150901"},"geometry":{"type":"Polygon","coordinates":[[[-45.43,-22.54],[-45.49,-22.63],[-45.58,-22.65],[-45.56,-22.63],[-45.58,-22.53],[-45.52,-22.46],[-45.43,-22.54]]]}},{"type":"Feature","properties":{"codarea":"3151008"},"geometry":{"type":"Polygon","coordinates":[[[-45.67,-22.34],[-45.66,-22.28],[-45.6,-22.3],[-45.51,-22.37],[-45.52,-22.46],[-45.55,-22.48],[-45.57,-22.39],[-45.67,-22.34]]]}},{"type":"Feature","properties":{"codarea":"3151107"},"geometry":{"type":"Polygon","coordinates":[[[-42.27,-21.71],[-42.33,-21.75],[-42.42,-21.74],[-42.44,-21.65],[-42.41,-21.58],[-42.35,-21.59],[-42.37,-21.65],[-42.3,-21.66],[-42.27,-21.71]]]}},{"type":"Feature","properties":{"codarea":"3151206"},"geometry":{"type":"Polygon","coordinates":[[[-44.83,-17.2],[-44.77,-17.29],[-44.79,-17.32],[-44.75,-17.47],[-44.88,-17.52],[-44.9,-17.55],[-44.96,-17.55],[-44.99,-17.52],[-44.94,-17.39],[-44.96,-17.35],[-44.92,-17.27],[-44.83,-17.2]]]}},{"type":"Feature","properties":{"codarea":"3151305"},"geometry":{"type":"Polygon","coordinates":[[[-43.07,-21.29],[-43.1,-21.26],[-43.1,-21.2],[-43.02,-21.21],[-42.93,-21.3],[-43.05,-21.32],[-43.07,-21.29]]]}},{"type":"Feature","properties":{"codarea":"3151404"},"geometry":{"type":"Polygon","coordinates":[[[-44.95,-19.69],[-45.01,-19.56],[-44.99,-19.44],[-44.84,-19.49],[-44.75,-19.57],[-44.75,-19.67],[-44.81,-19.66],[-44.84,-19.74],[-44.95,-19.69]]]}},{"type":"Feature","properties":{"codarea":"3151503"},"geometry":{"type":"Polygon","coordinates":[[[-45.97,-20.59],[-46.1,-20.53],[-46.15,-20.57],[-46.2,-20.54],[-46.21,-20.45],[-46.26,-20.46],[-46.29,-20.43],[-46.27,-20.38],[-46.21,-20.34],[-46.04,-20.36],[-45.9,-20.33],[-45.83,-20.35],[-45.84,-20.42],[-45.89,-20.45],[-45.89,-20.54],[-45.97,-20.59]]]}},{"type":"Feature","properties":{"codarea":"3151602"},"geometry":{"type":"Polygon","coordinates":[[[-48.74,-20.01],[-48.69,-19.97],[-48.67,-20.03],[-48.6,-20.04],[-48.56,-20.0],[-48.54,-20.13],[-48.65,-20.17],[-48.73,-20.15],[-48.74,-20.01]]]}},{"type":"Feature","properties":{"codarea":"3151701"},"geometry":{"type":"Polygon","coordinates":[[[-46.03,-21.89],[-46.12,-21.82],[-46.14,-21.77],[-46.1,-21.74],[-46.11,-21.71],[-46.06,-21.72],[-45.99,-21.7],[-45.85,-21.81],[-45.88,-21.85],[-45.86,-21.89],[-45.96,-21.92],[-46.03,-21.89]]]}},{"type":"Feature","properties":{"codarea":"3151800"},"geometry":{"type":"Polygon","coordinates":[[[-46.42,-21.73],[-46.4,-21.76],[-46.53,-21.88],[-46.52,-21.92],[-46.62,-22.0],[-46.64,-21.98],[-46.67,-21.91],[-46.65,-21.88],[-46.69,-21.84],[-46.63,-21.77],[-46.61,-21.68],[-46.53,-21.65],[-46.53,-21.69],[-46.46,-21.71],[-46.46,-21.76],[-46.42,-21.73]]]}},{"type":"Feature","properties":{"codarea":"3151909"},"geometry":{"type":"Polygon","coordinates":[[[-41.68,-19.69],[-41.75,-19.59],[-41.65,-19.53],[-41.66,-19.45],[-41.64,-19.42],[-41.46,-19.51],[-41.36,-19.63],[-41.43,-19.69],[-41.64,-19.67],[-41.68,-19.69]]]}},{"type":"Feature","properties":{"codarea":"3152006"},"geometry":{"type":"Polygon","coordinates":[[[-45.14,-19.21],[-45.08,-19.09],[-45.12,-19.06],[-45.12,-18.89],[-45.18,-18.88],[-45.16,-18.86],[-45.19,-18.81],[-44.78,-18.87],[-44.79,-18.99],[-44.75,-18.99],[-44.68,-19.06],[-44.71,-19.11],[-44.67,-19.17],[-44.82,-19.43],[-44.88,-19.48],[-44.98,-19.46],[-45.06,-19.37],[-45.06,-19.31],[-45.13,-19.28],[-45.14,-19.21]]]}},{"type":"Feature","properties":{"codarea":"3152105"},"geometry":{"type":"Polygon","coordinates":[[[-42.84,-20.49],[-42.88,-20.57],[-43.04,-20.45],[-43.03,-20.34],[-42.97,-20.34],[-42.95,-20.27],[-42.89,-20.3],[-42.9,-20.33],[-42.81,-20.32],[-42.79,-20.37],[-42.84,-20.49]]]}},{"type":"Feature","properties":{"codarea":"3152131"},"geometry":{"type":"Polygon","coordinates":[[[-45.1,-16.57],[-45.12,-16.48],[-45.03,-16.45],[-44.96,-16.49],[-44.97,-16.55],[-44.89,-16.6],[-44.8,-16.53],[-44.8,-16.59],[-44.83,-16.61],[-44.81,-16.65],[-44.89,-16.72],[-44.98,-16.75],[-45.02,-16.75],[-45.01,-16.7],[-45.08,-16.67],[-45.1,-16.57]]]}},{"type":"Feature","properties":{"codarea":"3152170"},"geometry":{"type":"Polygon","coordinates":[[[-41.63,-16.94],[-41.71,-16.89],[-41.74,-16.9],[-41.76,-16.86],[-41.65,-16.8],[-41.6,-16.7],[-41.56,-16.73],[-41.47,-16.72],[-41.45,-16.68],[-41.32,-16.63],[-41.29,-16.67],[-41.29,-16.75],[-41.33,-16.78],[-41.3,-16.82],[-41.37,-16.88],[-41.28,-17.03],[-41.32,-17.06],[-41.44,-17.03],[-41.45,-16.95],[-41.49,-16.92],[-41.53,-16.95],[-41.6,-16.92],[-41.63,-16.94]]]}},{"type":"Feature","properties":{"codarea":"3152204"},"geometry":{"type":"Polygon","coordinates":[[[-42.91,-15.5],[-42.81,-15.56],[-42.78,-15.73],[-42.83,-15.74],[-42.88,-15.69],[-42.94,-15.82],[-43.02,-15.81],[-43.06,-15.86],[-43.11,-15.85],[-43.09,-15.93],[-43.15,-16.04],[-43.13,-16.13],[-43.15,-16.14],[-43.19,-16.11],[-43.2,-16.05],[-43.23,-16.04],[-43.2,-15.87],[-43.22,-15.83],[-43.26,-15.83],[-43.23,-15.74],[-43.28,-15.61],[-43.25,-15.48],[-43.31,-15.33],[-43.26,-15.33],[-43.23,-15.5],[-43.13,-15.61],[-43.07,-15.61],[-43.02,-15.54],[-42.91,-15.5]]]}},{"type":"Feature","properties":{"codarea":"3152303"},"geometry":{"type":"Polygon","coordinates":[[[-43.16,-20.72],[-43.19,-20.59],[-43.14,-20.56],[-43.12,-20.6],[-43.02,-20.6],[-43.02,-20.66],[-42.97,-20.68],[-43.0,-20.71],[-43.0,-20.76],[-43.04,-20.77],[-43.1,-20.71],[-43.16,-20.72]]]}},{"type":"Feature","properties":{"codarea":"3152402"},"geometry":{"type":"Polygon","coordinates":[[[-41.92,-17.85],[-41.92,-17.77],[-41.99,-17.76],[-41.84,-17.75],[-41.63,-17.68],[-41.67,-17.74],[-41.65,-17.79],[-41.6,-17.8],[-41.67,-17.91],[-41.84,-17.93],[-41.87,-17.86],[-41.92,-17.85]]]}},{"type":"Feature","properties":{"codarea":"3152501"},"geometry":{"type":"Polygon","coordinates":[[[-45.92,-22.41],[-46.01,-22.41],[-46.06,-22.28],[-45.96,-22.13],[-45.82,-22.12],[-45.88,-22.21],[-45.84,-22.28],[-45.85,-22.35],[-45.92,-22.41]]]}},{"type":"Feature","properties":{"codarea":"3152600"},"geometry":{"type":"Polygon","coordinates":[[[-45.04,-22.15],[-45.0,-22.15],[-44.99,-22.09],[-44.94,-22.08],[-44.82,-22.19],[-44.89,-22.26],[-44.98,-22.28],[-44.97,-22.22],[-45.04,-22.15]]]}},{"type":"Feature","properties":{"codarea":"3152709"},"geometry":{"type":"Polygon","coordinates":[[[-44.14,-21.07],[-44.13,-21.02],[-43.99,-20.99],[-43.96,-21.04],[-44.02,-21.05],[-44.04,-21.09],[-44.04,-21.16],[-44.01,-21.16],[-44.0,-21.22],[-44.02,-21.24],[-44.12,-21.18],[-44.09,-21.16],[-44.1,-21.12],[-44.14,-21.07]]]}},{"type":"Feature","properties":{"codarea":"3152808"},"geometry":{"type":"Polygon","coordinates":[[[-48.4,-19.41],[-48.44,-19.52],[-48.59,-19.55],[-48.69,-19.53],[-48.75,-19.56],[-48.74,-19.6],[-48.84,-19.59],[-48.86,-19.62],[-48.96,-19.57],[-49.16,-19.6],[-49.3,-19.54],[-49.37,-19.54],[-49.31,-19.42],[-49.35,-19.4],[-49.35,-19.32],[-49.42,-19.26],[-49.38,-19.12],[-49.23,-19.12],[-49.2,-19.06],[-49.23,-18.94],[-49.15,-18.94],[-49.0,-19.05],[-48.57,-19.23],[-48.4,-19.41]]]}},{"type":"Feature","properties":{"codarea":"3152907"},"geometry":{"type":"Polygon","coordinates":[[[-46.84,-20.68],[-46.8,-20.78],[-46.75,-20.83],[-46.84,-20.82],[-46.87,-20.89],[-46.96,-20.79],[-46.84,-20.68]]]}},{"type":"Feature","properties":{"codarea":"3153004"},"geometry":{"type":"Polygon","coordinates":[[[-46.23,-19.8],[-46.32,-19.82],[-46.31,-19.86],[-46.46,-19.88],[-46.52,-19.86],[-46.49,-19.82],[-46.55,-19.77],[-46.57,-19.68],[-46.48,-19.66],[-46.42,-19.7],[-46.33,-19.64],[-46.24,-19.71],[-46.23,-19.8]]]}},{"type":"Feature","properties":{"codarea":"3153103"},"geometry":{"type":"Polygon","coordinates":[[[-43.27,-20.8],[-43.28,-20.75],[-43.22,-20.71],[-43.1,-20.71],[-43.04,-20.77],[-43.15,-20.85],[-43.15,-20.82],[-43.27,-20.8]]]}},{"type":"Feature","properties":{"codarea":"3153202"},"geometry":{"type":"Polygon","coordinates":[[[-44.16,-18.77],[-44.22,-18.58],[-44.18,-18.57],[-44.18,-18.51],[-44.13,-18.51],[-44.14,-18.54],[-44.08,-18.56],[-44.05,-18.65],[-44.0,-18.67],[-43.95,-18.82],[-43.96,-18.87],[-43.99,-18.91],[-44.06,-18.89],[-44.07,-18.91],[-44.11,-18.91],[-44.16,-18.77]]]}},{"type":"Feature","properties":{"codarea":"3153301"},"geometry":{"type":"Polygon","coordinates":[[[-43.68,-18.65],[-43.6,-18.53],[-43.52,-18.6],[-43.49,-18.72],[-43.68,-18.65]]]}},{"type":"Feature","properties":{"codarea":"3153400"},"geometry":{"type":"Polygon","coordinates":[[[-46.76,-18.31],[-46.64,-18.3],[-46.6,-18.27],[-46.58,-18.18],[-46.55,-18.18],[-46.55,-18.07],[-46.59,-18.01],[-46.57,-18.01],[-46.57,-17.97],[-46.51,-17.99],[-46.42,-17.95],[-46.39,-17.91],[-46.4,-17.84],[-46.36,-17.84],[-46.33,-17.74],[-46.26,-17.89],[-46.27,-18.02],[-46.24,-18.06],[-46.08,-18.1],[-46.0,-18.21],[-46.01,-18.32],[-46.09,-18.42],[-46.11,-18.52],[-46.23,-18.52],[-46.34,-18.6],[-46.36,-18.53],[-46.65,-18.41],[-46.76,-18.31]]]}},{"type":"Feature","properties":{"codarea":"3153509"},"geometry":{"type":"Polygon","coordinates":[[[-42.06,-20.5],[-42.01,-20.41],[-41.86,-20.37],[-41.84,-20.41],[-41.96,-20.5],[-41.99,-20.48],[-42.06,-20.5]]]}},{"type":"Feature","properties":{"codarea":"3153608"},"geometry":{"type":"Polygon","coordinates":[[[-44.13,-19.43],[-44.04,-19.4],[-44.04,-19.46],[-44.17,-19.54],[-44.17,-19.47],[-44.13,-19.43]]]}},{"type":"Feature","properties":{"codarea":"3153707"},"geometry":{"type":"Polygon","coordinates":[[[-45.33,-19.32],[-45.37,-19.35],[-45.47,-19.32],[-45.5,-19.36],[-45.62,-19.36],[-45.66,-19.31],[-45.73,-19.31],[-45.78,-19.27],[-45.82,-19.34],[-45.85,-19.33],[-45.78,-19.16],[-45.78,-19.22],[-45.65,-19.2],[-45.63,-19.23],[-45.53,-19.2],[-45.5,-19.22],[-45.52,-19.25],[-45.4,-19.27],[-45.33,-19.32]]]}},{"type":"Feature","properties":{"codarea":"3153806"},"geometry":{"type":"Polygon","coordinates":[[[-43.96,-20.76],[-43.97,-20.73],[-43.92,-20.66],[-43.88,-20.68],[-43.82,-20.77],[-43.89,-20.8],[-43.9,-20.77],[-43.96,-20.76]]]}},{"type":"Feature","properties":{"codarea":"3153905"},"geometry":{"type":"Polygon","coordinates":[[[-43.83,-19.93],[-43.72,-19.97],[-43.73,-20.0],[-43.8,-20.02],[-43.83,-19.93]]]}},{"type":"Feature","properties":{"codarea":"3154002"},"geometry":{"type":"Polygon","coordinates":[[[-42.55,-19.89],[-42.46,-19.9],[-42.43,-19.85],[-42.37,-19.86],[-42.35,-19.93],[-42.19,-19.92],[-42.16,-19.99],[-42.31,-20.01],[-42.32,-20.05],[-42.25,-20.08],[-42.31,-20.14],[-42.38,-20.12],[-42.44,-20.19],[-42.5,-20.19],[-42.48,-20.16],[-42.52,-20.14],[-42.53,-20.08],[-42.5,-19.97],[-42.54,-19.95],[-42.55,-19.89]]]}},{"type":"Feature","properties":{"codarea":"3154101"},"geometry":{"type":"Polygon","coordinates":[[[-42.45,-21.44],[-42.39,-21.45],[-42.35,-21.5],[-42.35,-21.59],[-42.41,-21.58],[-42.41,-21.6],[-42.51,-21.56],[-42.53,-21.51],[-42.45,-21.44]]]}},{"type":"Feature","properties":{"codarea":"3154150"},"geometry":{"type":"Polygon","coordinates":[[[-42.0,-20.31],[-42.01,-20.24],[-41.96,-20.16],[-41.89,-20.17],[-41.89,-20.31],[-42.0,-20.31]]]}},{"type":"Feature","properties":{"codarea":"3154200"},"geometry":{"type":"Polygon","coordinates":[[[-44.45,-20.9],[-44.42,-20.71],[-44.38,-20.76],[-44.36,-20.71],[-44.15,-20.77],[-44.19,-20.8],[-44.2,-20.86],[-44.15,-20.9],[-44.15,-20.95],[-44.19,-20.98],[-44.28,-21.02],[-44.29,-20.92],[-44.4,-20.86],[-44.45,-20.9]]]}},{"type":"Feature","properties":{"codarea":"3154309"},"geometry":{"type":"Polygon","coordinates":[[[-41.28,-19.37],[-41.38,-19.2],[-41.23,-19.09],[-41.11,-19.06],[-41.06,-19.06],[-40.96,-19.12],[-40.93,-19.25],[-41.0,-19.3],[-41.12,-19.29],[-41.21,-19.37],[-41.28,-19.37]]]}},{"type":"Feature","properties":{"codarea":"3154408"},"geometry":{"type":"Polygon","coordinates":[[[-43.83,-21.15],[-43.91,-21.12],[-43.77,-21.06],[-43.76,-21.03],[-43.66,-21.03],[-43.63,-21.1],[-43.72,-21.13],[-43.81,-21.11],[-43.83,-21.15]]]}},{"type":"Feature","properties":{"codarea":"3154457"},"geometry":{"type":"Polygon","coordinates":[[[-46.28,-16.32],[-46.23,-16.24],[-46.13,-16.25],[-46.08,-16.21],[-46.04,-16.05],[-45.99,-16.02],[-45.86,-16.17],[-45.8,-16.17],[-45.75,-16.13],[-45.66,-16.18],[-45.71,-16.3],[-45.71,-16.41],[-45.83,-16.51],[-45.91,-16.53],[-45.89,-16.45],[-45.92,-16.37],[-45.95,-16.4],[-46.15,-16.38],[-46.28,-16.32]]]}},{"type":"Feature","properties":{"codarea":"3154507"},"geometry":{"type":"Polygon","coordinates":[[[-43.02,-15.81],[-42.9,-15.96],[-42.76,-16.01],[-42.75,-16.05],[-42.73,-16.04],[-42.71,-16.16],[-42.77,-16.13],[-42.92,-16.15],[-43.11,-16.23],[-43.16,-16.29],[-43.13,-16.23],[-43.24,-16.16],[-43.27,-16.08],[-43.2,-16.05],[-43.19,-16.11],[-43.13,-16.13],[-43.15,-16.04],[-43.09,-15.89],[-43.11,-15.85],[-43.06,-15.86],[-43.02,-15.81]]]}},{"type":"Feature","properties":{"codarea":"3154606"},"geometry":{"type":"Polygon","coordinates":[[[-44.14,-19.8],[-44.16,-19.75],[-44.13,-19.71],[-44.04,-19.77],[-44.01,-19.74],[-43.98,-19.78],[-44.02,-19.83],[-44.08,-19.84],[-44.14,-19.8]]]}},{"type":"Feature","properties":{"codarea":"3154705"},"geometry":{"type":"Polygon","coordinates":[[[-45.13,-21.17],[-45.04,-21.1],[-45.05,-21.18],[-45.13,-21.17]]]}},{"type":"Feature","properties":{"codarea":"3154804"},"geometry":{"type":"Polygon","coordinates":[[[-43.78,-20.03],[-43.73,-20.0],[-43.73,-20.06],[-43.66,-20.12],[-43.85,-20.2],[-43.87,-20.16],[-43.85,-20.1],[-43.78,-20.03]]]}},{"type":"Feature","properties":{"codarea":"3154903"},"geometry":{"type":"Polygon","coordinates":[[[-42.72,-20.19],[-42.71,-20.15],[-42.76,-20.12],[-42.78,-20.07],[-42.74,-20.05],[-42.76,-20.02],[-42.65,-19.99],[-42.62,-20.16],[-42.53,-20.22],[-42.56,-20.27],[-42.65,-20.28],[-42.69,-20.23],[-42.68,-20.21],[-42.72,-20.19]]]}},{"type":"Feature","properties":{"codarea":"3155009"},"geometry":{"type":"Polygon","coordinates":[[[-42.91,-20.28],[-42.98,-20.26],[-42.97,-20.22],[-42.88,-20.18],[-42.87,-20.14],[-42.81,-20.15],[-42.91,-20.28]]]}},{"type":"Feature","properties":{"codarea":"3155108"},"geometry":{"type":"Polygon","coordinates":[[[-40.65,-16.56],[-40.64,-16.53],[-40.59,-16.54],[-40.49,-16.6],[-40.49,-16.66],[-40.44,-16.74],[-40.48,-16.78],[-40.47,-16.84],[-40.59,-16.8],[-40.58,-16.75],[-40.64,-16.73],[-40.63,-16.61],[-40.68,-16.57],[-40.65,-16.56]]]}},{"type":"Feature","properties":{"codarea":"3155207"},"geometry":{"type":"Polygon","coordinates":[[[-43.52,-20.94],[-43.62,-20.86],[-43.55,-20.78],[-43.51,-20.83],[-43.43,-20.82],[-43.37,-20.87],[-43.42,-20.92],[-43.52,-20.94]]]}},{"type":"Feature","properties":{"codarea":"3155306"},"geometry":{"type":"Polygon","coordinates":[[[-44.27,-20.25],[-44.28,-20.31],[-44.44,-20.35],[-44.42,-20.25],[-44.36,-20.24],[-44.35,-20.16],[-44.29,-20.18],[-44.27,-20.25]]]}},{"type":"Feature","properties":{"codarea":"3155405"},"geometry":{"type":"Polygon","coordinates":[[[-43.24,-21.49],[-43.2,-21.47],[-43.26,-21.44],[-43.25,-21.42],[-43.16,-21.42],[-43.16,-21.39],[-43.06,-21.43],[-43.05,-21.48],[-43.12,-21.57],[-43.13,-21.52],[-43.24,-21.49]]]}},{"type":"Feature","properties":{"codarea":"3155504"},"geometry":{"type":"Polygon","coordinates":[[[-46.16,-19.41],[-46.27,-19.43],[-46.32,-19.38],[-46.39,-19.4],[-46.42,-19.33],[-46.5,-19.31],[-46.54,-19.19],[-46.53,-19.16],[-46.41,-19.07],[-46.37,-19.12],[-46.28,-19.1],[-46.26,-19.06],[-46.09,-19.11],[-46.13,-19.37],[-46.16,-19.41]]]}},{"type":"Feature","properties":{"codarea":"3155603"},"geometry":{"type":"Polygon","coordinates":[[[-42.4,-15.9],[-42.47,-15.96],[-42.62,-15.95],[-42.66,-16.12],[-42.71,-16.16],[-42.76,-15.93],[-42.81,-15.9],[-42.76,-15.78],[-42.8,-15.61],[-42.78,-15.48],[-42.74,-15.46],[-42.76,-15.4],[-42.6,-15.43],[-42.55,-15.49],[-42.52,-15.43],[-42.41,-15.39],[-42.42,-15.45],[-42.32,-15.47],[-42.32,-15.57],[-42.28,-15.66],[-42.2,-15.7],[-42.19,-15.75],[-42.4,-15.9]]]}},{"type":"Feature","properties":{"codarea":"3155702"},"geometry":{"type":"Polygon","coordinates":[[[-43.09,-19.86],[-43.06,-19.98],[-43.02,-20.01],[-43.04,-20.03],[-43.29,-20.05],[-43.27,-20.0],[-43.21,-19.97],[-43.22,-19.89],[-43.19,-19.87],[-43.15,-19.9],[-43.09,-19.86]]]}},{"type":"Feature","properties":{"codarea":"3155801"},"geometry":{"type":"Polygon","coordinates":[[[-43.1,-21.2],[-43.1,-21.26],[-43.07,-21.29],[-43.16,-21.31],[-43.18,-21.35],[-43.21,-21.32],[-43.27,-21.32],[-43.24,-21.21],[-43.2,-21.22],[-43.13,-21.12],[-43.1,-21.2]]]}},{"type":"Feature","properties":{"codarea":"3155900"},"geometry":{"type":"Polygon","coordinates":[[[-43.71,-22.08],[-43.73,-22.1],[-43.78,-22.07],[-43.98,-22.15],[-43.97,-22.04],[-44.0,-22.0],[-43.98,-21.96],[-43.83,-21.97],[-43.71,-22.08]]]}},{"type":"Feature","properties":{"codarea":"3156007"},"geometry":{"type":"Polygon","coordinates":[[[-43.11,-18.43],[-43.17,-18.34],[-43.26,-18.31],[-43.27,-18.25],[-43.24,-18.27],[-43.23,-18.22],[-43.19,-18.2],[-43.14,-18.11],[-43.08,-18.07],[-42.99,-18.15],[-42.94,-18.11],[-42.87,-18.12],[-42.95,-18.24],[-42.91,-18.29],[-42.87,-18.29],[-42.87,-18.36],[-43.11,-18.43]]]}},{"type":"Feature","properties":{"codarea":"3156106"},"geometry":{"type":"Polygon","coordinates":[[[-44.27,-21.06],[-44.41,-21.09],[-44.48,-21.04],[-44.48,-20.96],[-44.4,-20.86],[-44.29,-20.92],[-44.27,-21.06]]]}},{"type":"Feature","properties":{"codarea":"3156205"},"geometry":{"type":"Polygon","coordinates":[[[-42.98,-21.65],[-43.06,-21.69],[-43.09,-21.66],[-43.02,-21.58],[-42.99,-21.6],[-42.98,-21.65]]]}},{"type":"Feature","properties":{"codarea":"3156304"},"geometry":{"type":"Polygon","coordinates":[[[-42.86,-21.16],[-42.8,-21.18],[-42.81,-21.26],[-42.85,-21.27],[-42.88,-21.2],[-42.86,-21.16]]]}},{"type":"Feature","properties":{"codarea":"3156403"},"geometry":{"type":"Polygon","coordinates":[[[-47.61,-18.8],[-47.45,-18.83],[-47.43,-18.9],[-47.48,-18.91],[-47.5,-18.99],[-47.53,-19.01],[-47.61,-19.02],[-47.67,-18.94],[-47.66,-18.8],[-47.61,-18.8]]]}},{"type":"Feature","properties":{"codarea":"3156452"},"geometry":{"type":"Polygon","coordinates":[[[-42.55,-21.04],[-42.58,-21.0],[-42.57,-20.92],[-42.43,-20.96],[-42.46,-21.01],[-42.52,-21.0],[-42.55,-21.04]]]}},{"type":"Feature","properties":{"codarea":"3156502"},"geometry":{"type":"Polygon","coordinates":[[[-41.91,-16.32],[-41.9,-16.36],[-41.95,-16.4],[-42.09,-16.39],[-42.12,-16.46],[-42.18,-16.48],[-42.45,-16.5],[-42.49,-16.31],[-42.47,-16.26],[-42.43,-16.25],[-42.32,-16.31],[-42.2,-16.3],[-42.09,-16.23],[-42.07,-16.27],[-42.03,-16.26],[-41.91,-16.32]]]}},{"type":"Feature","properties":{"codarea":"3156601"},"geometry":{"type":"Polygon","coordinates":[[[-40.65,-16.56],[-40.67,-16.45],[-40.64,-16.44],[-40.55,-16.27],[-40.47,-16.2],[-40.42,-16.33],[-40.42,-16.43],[-40.35,-16.5],[-40.36,-16.65],[-40.46,-16.69],[-40.52,-16.56],[-40.64,-16.53],[-40.65,-16.56]]]}},{"type":"Feature","properties":{"codarea":"3156700"},"geometry":{"type":"Polygon","coordinates":[[[-43.86,-19.83],[-43.81,-19.84],[-43.81,-19.76],[-43.77,-19.73],[-43.71,-19.75],[-43.7,-19.82],[-43.75,-19.9],[-43.72,-19.97],[-43.87,-19.93],[-43.89,-19.89],[-43.86,-19.83]]]}},{"type":"Feature","properties":{"codarea":"3156809"},"geometry":{"type":"Polygon","coordinates":[[[-43.06,-18.79],[-43.2,-18.86],[-43.21,-18.77],[-43.25,-18.77],[-43.2,-18.72],[-43.22,-18.6],[-43.15,-18.55],[-43.08,-18.57],[-43.0,-18.46],[-42.93,-18.44],[-42.91,-18.58],[-42.85,-18.68],[-42.97,-18.65],[-43.01,-18.69],[-42.98,-18.74],[-43.06,-18.79]]]}},{"type":"Feature","properties":{"codarea":"3156908"},"geometry":{"type":"Polygon","coordinates":[[[-46.83,-20.05],[-46.85,-20.13],[-46.93,-20.16],[-46.91,-20.18],[-47.11,-20.2],[-47.11,-20.26],[-47.08,-20.28],[-47.13,-20.28],[-47.15,-20.23],[-47.23,-20.22],[-47.26,-20.16],[-47.41,-20.08],[-47.44,-20.05],[-47.42,-20.02],[-47.55,-19.89],[-47.52,-19.78],[-47.57,-19.76],[-47.6,-19.67],[-47.59,-19.62],[-47.61,-19.6],[-47.62,-19.43],[-47.47,-19.56],[-47.4,-19.73],[-47.35,-19.74],[-47.23,-19.64],[-47.07,-19.69],[-47.11,-19.77],[-47.07,-19.84],[-47.17,-19.87],[-47.02,-20.01],[-46.83,-20.05]]]}},{"type":"Feature","properties":{"codarea":"3157005"},"geometry":{"type":"Polygon","coordinates":[[[-42.34,-16.3],[-42.35,-16.2],[-42.42,-16.08],[-42.35,-16.06],[-42.3,-16.1],[-42.29,-16.04],[-42.33,-15.99],[-42.37,-15.99],[-42.37,-15.92],[-42.4,-15.9],[-42.33,-15.85],[-42.22,-15.95],[-42.16,-15.97],[-42.1,-15.91],[-42.07,-15.97],[-41.94,-16.0],[-41.91,-16.02],[-41.93,-16.13],[-41.84,-16.13],[-41.93,-16.28],[-41.91,-16.32],[-42.03,-16.26],[-42.07,-16.27],[-42.09,-16.23],[-42.2,-16.3],[-42.34,-16.3]]]}},{"type":"Feature","properties":{"codarea":"3157104"},"geometry":{"type":"Polygon","coordinates":[[[-39.91,-16.0],[-39.86,-16.11],[-39.94,-16.24],[-39.92,-16.28],[-40.02,-16.35],[-40.07,-16.21],[-40.14,-16.13],[-40.19,-16.1],[-40.19,-16.01],[-40.23,-15.97],[-40.11,-15.96],[-40.13,-15.91],[-40.07,-15.92],[-40.0,-16.0],[-39.91,-16.0]]]}},{"type":"Feature","properties":{"codarea":"3157203"},"geometry":{"type":"Polygon","coordinates":[[[-43.42,-19.91],[-43.22,-19.89],[-43.21,-19.97],[-43.27,-20.0],[-43.32,-20.08],[-43.35,-19.99],[-43.47,-20.03],[-43.51,-20.08],[-43.55,-20.21],[-43.58,-20.22],[-43.7,-20.06],[-43.66,-19.99],[-43.64,-19.97],[-43.55,-20.03],[-43.42,-19.91]]]}},{"type":"Feature","properties":{"codarea":"3157252"},"geometry":{"type":"Polygon","coordinates":[[[-42.16,-19.99],[-42.16,-19.91],[-42.1,-19.92],[-42.08,-19.89],[-42.02,-19.92],[-42.1,-19.96],[-42.13,-20.02],[-42.16,-19.99]]]}},{"type":"Feature","properties":{"codarea":"3157278"},"geometry":{"type":"Polygon","coordinates":[[[-43.86,-21.96],[-43.78,-21.94],[-43.78,-21.87],[-43.67,-21.85],[-43.58,-21.96],[-43.64,-22.02],[-43.59,-22.06],[-43.62,-22.08],[-43.71,-22.08],[-43.86,-21.96]]]}},{"type":"Feature","properties":{"codarea":"3157302"},"geometry":{"type":"Polygon","coordinates":[[[-43.58,-21.32],[-43.6,-21.17],[-43.52,-21.2],[-43.45,-21.19],[-43.44,-21.25],[-43.58,-21.32]]]}},{"type":"Feature","properties":{"codarea":"3157336"},"geometry":{"type":"Polygon","coordinates":[[[-44.2,-21.12],[-44.2,-21.12],[-44.23,-21.13],[-44.22,-21.11],[-44.2,-21.12]]]}},{"type":"Feature","properties":{"codarea":"3157377"},"geometry":{"type":"Polygon","coordinates":[[[-41.87,-16.18],[-41.84,-16.13],[-41.93,-16.13],[-41.92,-15.91],[-41.83,-15.98],[-41.62,-15.94],[-41.7,-16.04],[-41.7,-16.16],[-41.87,-16.18]]]}},{"type":"Feature","properties":{"codarea":"3157401"},"geometry":{"type":"Polygon","coordinates":[[[-42.81,-20.15],[-42.76,-20.12],[-42.71,-20.15],[-42.81,-20.32],[-42.9,-20.33],[-42.91,-20.28],[-42.81,-20.15]]]}},{"type":"Feature","properties":{"codarea":"3157500"},"geometry":{"type":"Polygon","coordinates":[[[-42.46,-18.81],[-42.33,-18.82],[-42.36,-18.93],[-42.46,-18.89],[-42.46,-18.81]]]}},{"type":"Feature","properties":{"codarea":"3157609"},"geometry":{"type":"Polygon","coordinates":[[[-45.12,-16.51],[-45.1,-16.57],[-45.31,-16.79],[-45.31,-16.88],[-45.43,-16.92],[-45.46,-16.96],[-45.56,-16.94],[-45.62,-16.88],[-45.72,-16.9],[-45.78,-16.83],[-45.86,-16.81],[-45.89,-16.7],[-45.94,-16.72],[-46.02,-16.64],[-45.95,-16.55],[-45.85,-16.5],[-45.64,-16.61],[-45.46,-16.5],[-45.3,-16.56],[-45.12,-16.51]]]}},{"type":"Feature","properties":{"codarea":"3157658"},"geometry":{"type":"Polygon","coordinates":[[[-40.72,-16.96],[-40.74,-16.9],[-40.71,-16.84],[-40.6,-16.79],[-40.57,-16.87],[-40.66,-17.04],[-40.72,-16.96]]]}},{"type":"Feature","properties":{"codarea":"3157708"},"geometry":{"type":"Polygon","coordinates":[[[-47.62,-19.43],[-47.65,-19.38],[-47.64,-19.2],[-47.53,-19.27],[-47.41,-19.27],[-47.41,-19.35],[-47.36,-19.42],[-47.43,-19.55],[-47.47,-19.56],[-47.62,-19.43]]]}},{"type":"Feature","properties":{"codarea":"3157807"},"geometry":{"type":"Polygon","coordinates":[[[-43.95,-19.78],[-43.89,-19.72],[-43.9,-19.7],[-43.82,-19.72],[-43.8,-19.61],[-43.76,-19.63],[-43.81,-19.84],[-43.95,-19.78]]]}},{"type":"Feature","properties":{"codarea":"3157906"},"geometry":{"type":"Polygon","coordinates":[[[-42.19,-20.43],[-42.28,-20.55],[-42.32,-20.55],[-42.35,-20.39],[-42.32,-20.37],[-42.21,-20.32],[-42.19,-20.43]]]}},{"type":"Feature","properties":{"codarea":"3158003"},"geometry":{"type":"Polygon","coordinates":[[[-43.2,-19.42],[-43.19,-19.39],[-43.14,-19.4],[-43.08,-19.37],[-43.04,-19.31],[-42.96,-19.31],[-42.88,-19.43],[-42.91,-19.51],[-42.97,-19.53],[-43.05,-19.42],[-43.06,-19.58],[-43.19,-19.53],[-43.23,-19.46],[-43.2,-19.42]]]}},{"type":"Feature","properties":{"codarea":"3158102"},"geometry":{"type":"Polygon","coordinates":[[[-40.14,-16.13],[-40.02,-16.35],[-40.07,-16.46],[-40.15,-16.42],[-40.22,-16.31],[-40.14,-16.13]]]}},{"type":"Feature","properties":{"codarea":"3158201"},"geometry":{"type":"Polygon","coordinates":[[[-42.38,-18.37],[-42.47,-18.15],[-42.42,-18.01],[-42.42,-18.1],[-42.36,-18.17],[-42.3,-18.17],[-42.19,-18.26],[-42.19,-18.31],[-42.12,-18.39],[-42.2,-18.41],[-42.21,-18.38],[-42.34,-18.36],[-42.38,-18.37]]]}},{"type":"Feature","properties":{"codarea":"3158300"},"geometry":{"type":"Polygon","coordinates":[[[-45.39,-21.29],[-45.38,-21.31],[-45.6,-21.32],[-45.6,-21.23],[-45.57,-21.25],[-45.52,-21.22],[-45.42,-21.25],[-45.39,-21.29]]]}},{"type":"Feature","properties":{"codarea":"3158409"},"geometry":{"type":"Polygon","coordinates":[[[-42.46,-21.27],[-42.59,-21.35],[-42.63,-21.35],[-42.59,-21.22],[-42.53,-21.2],[-42.53,-21.23],[-42.46,-21.27]]]}},{"type":"Feature","properties":{"codarea":"3158508"},"geometry":{"type":"Polygon","coordinates":[[[-44.04,-19.08],[-44.12,-18.95],[-44.06,-18.89],[-43.99,-18.91],[-43.96,-18.87],[-43.95,-18.82],[-44.0,-18.67],[-43.92,-18.63],[-43.87,-18.67],[-43.82,-18.79],[-43.8,-18.77],[-43.72,-18.96],[-43.77,-19.06],[-43.84,-19.07],[-43.85,-19.14],[-43.92,-19.12],[-43.97,-19.15],[-44.04,-19.08]]]}},{"type":"Feature","properties":{"codarea":"3158607"},"geometry":{"type":"Polygon","coordinates":[[[-43.23,-22.03],[-43.25,-21.93],[-43.21,-21.84],[-43.13,-21.88],[-43.15,-21.92],[-43.11,-21.95],[-43.13,-22.03],[-43.23,-22.03]]]}},{"type":"Feature","properties":{"codarea":"3158706"},"geometry":{"type":"Polygon","coordinates":[[[-44.16,-21.59],[-44.1,-21.58],[-44.09,-21.54],[-43.96,-21.64],[-44.07,-21.73],[-44.08,-21.66],[-44.14,-21.66],[-44.16,-21.59]]]}},{"type":"Feature","properties":{"codarea":"3158805"},"geometry":{"type":"Polygon","coordinates":[[[-45.07,-20.84],[-45.04,-20.81],[-45.01,-20.9],[-45.09,-20.95],[-45.14,-20.93],[-45.07,-20.84]]]}},{"type":"Feature","properties":{"codarea":"3158904"},"geometry":{"type":"Polygon","coordinates":[[[-41.84,-19.93],[-41.81,-19.99],[-41.83,-20.11],[-41.92,-20.17],[-41.98,-20.12],[-41.96,-20.09],[-41.98,-19.99],[-41.9,-20.0],[-41.89,-19.96],[-41.84,-19.93]]]}},{"type":"Feature","properties":{"codarea":"3158953"},"geometry":{"type":"Polygon","coordinates":[[[-42.68,-19.38],[-42.55,-19.3],[-42.45,-19.36],[-42.42,-19.34],[-42.41,-19.39],[-42.5,-19.49],[-42.59,-19.38],[-42.68,-19.38]]]}},{"type":"Feature","properties":{"codarea":"3159001"},"geometry":{"type":"Polygon","coordinates":[[[-43.75,-19.24],[-43.77,-19.19],[-43.75,-19.12],[-43.78,-19.04],[-43.74,-19.02],[-43.66,-19.03],[-43.55,-19.16],[-43.51,-19.17],[-43.5,-19.22],[-43.54,-19.26],[-43.52,-19.33],[-43.67,-19.33],[-43.68,-19.28],[-43.75,-19.24]]]}},{"type":"Feature","properties":{"codarea":"3159100"},"geometry":{"type":"Polygon","coordinates":[[[-43.73,-20.84],[-43.77,-20.8],[-43.76,-20.76],[-43.69,-20.72],[-43.65,-20.77],[-43.56,-20.75],[-43.62,-20.86],[-43.73,-20.84]]]}},{"type":"Feature","properties":{"codarea":"3159209"},"geometry":{"type":"Polygon","coordinates":[[[-46.39,-22.01],[-46.34,-21.95],[-46.09,-21.88],[-46.15,-22.0],[-46.24,-22.07],[-46.26,-22.15],[-46.43,-22.15],[-46.35,-22.05],[-46.4,-22.04],[-46.39,-22.01]]]}},{"type":"Feature","properties":{"codarea":"3159308"},"geometry":{"type":"Polygon","coordinates":[[[-44.0,-22.02],[-43.97,-22.04],[-43.98,-22.15],[-44.1,-22.17],[-44.18,-22.23],[-44.22,-22.13],[-44.21,-22.07],[-44.12,-22.0],[-44.08,-22.0],[-44.05,-22.03],[-44.0,-22.02]]]}},{"type":"Feature","properties":{"codarea":"3159357"},"geometry":{"type":"Polygon","coordinates":[[[-42.16,-19.91],[-42.17,-19.83],[-42.08,-19.85],[-42.1,-19.92],[-42.16,-19.91]]]}},{"type":"Feature","properties":{"codarea":"3159407"},"geometry":{"type":"Polygon","coordinates":[[[-43.96,-21.64],[-44.09,-21.54],[-44.05,-21.52],[-44.01,-21.54],[-43.82,-21.51],[-43.83,-21.61],[-43.87,-21.68],[-43.96,-21.64]]]}},{"type":"Feature","properties":{"codarea":"3159506"},"geometry":{"type":"Polygon","coordinates":[[[-41.28,-19.49],[-41.35,-19.49],[-41.43,-19.54],[-41.48,-19.52],[-41.51,-19.49],[-41.47,-19.42],[-41.5,-19.36],[-41.44,-19.32],[-41.42,-19.28],[-41.35,-19.27],[-41.28,-19.37],[-41.28,-19.49]]]}},{"type":"Feature","properties":{"codarea":"3159605"},"geometry":{"type":"Polygon","coordinates":[[[-45.84,-22.28],[-45.85,-22.21],[-45.66,-22.17],[-45.62,-22.16],[-45.52,-22.22],[-45.57,-22.32],[-45.66,-22.28],[-45.72,-22.3],[-45.84,-22.28]]]}},{"type":"Feature","properties":{"codarea":"3159704"},"geometry":{"type":"Polygon","coordinates":[[[-45.95,-19.61],[-46.01,-19.66],[-46.07,-19.65],[-46.13,-19.54],[-46.04,-19.55],[-45.98,-19.46],[-45.9,-19.47],[-45.9,-19.54],[-45.95,-19.61]]]}},{"type":"Feature","properties":{"codarea":"3159803"},"geometry":{"type":"Polygon","coordinates":[[[-50.12,-19.2],[-50.2,-19.29],[-50.32,-19.23],[-50.46,-19.23],[-50.51,-19.27],[-50.58,-19.23],[-50.74,-19.21],[-50.67,-19.14],[-50.59,-19.14],[-50.54,-19.1],[-50.5,-19.01],[-50.51,-18.95],[-50.37,-18.8],[-50.31,-18.7],[-50.16,-18.66],[-50.06,-18.68],[-50.05,-18.73],[-49.97,-18.79],[-50.01,-18.86],[-49.97,-18.96],[-50.08,-19.08],[-50.12,-19.2]]]}},{"type":"Feature","properties":{"codarea":"3159902"},"geometry":{"type":"Polygon","coordinates":[[[-44.8,-20.9],[-44.82,-20.96],[-44.87,-20.95],[-44.89,-21.01],[-44.94,-20.99],[-45.0,-21.04],[-45.05,-21.04],[-45.08,-20.94],[-45.01,-20.9],[-45.04,-20.81],[-44.91,-20.79],[-44.8,-20.9]]]}},{"type":"Feature","properties":{"codarea":"3160009"},"geometry":{"type":"Polygon","coordinates":[[[-42.88,-21.83],[-42.87,-21.7],[-42.82,-21.7],[-42.81,-21.66],[-42.73,-21.66],[-42.78,-21.84],[-42.88,-21.83]]]}},{"type":"Feature","properties":{"codarea":"3160108"},"geometry":{"type":"Polygon","coordinates":[[[-42.69,-20.34],[-42.64,-20.27],[-42.56,-20.27],[-42.54,-20.3],[-42.56,-20.38],[-42.69,-20.34]]]}},{"type":"Feature","properties":{"codarea":"3160207"},"geometry":{"type":"Polygon","coordinates":[[[-43.34,-18.39],[-43.25,-18.4],[-43.2,-18.43],[-43.15,-18.55],[-43.22,-18.6],[-43.2,-18.57],[-43.25,-18.53],[-43.37,-18.53],[-43.38,-18.45],[-43.34,-18.39]]]}},{"type":"Feature","properties":{"codarea":"3160306"},"geometry":{"type":"Polygon","coordinates":[[[-40.31,-16.68],[-40.36,-16.65],[-40.35,-16.5],[-40.42,-16.43],[-40.36,-16.38],[-40.28,-16.4],[-40.26,-16.45],[-40.15,-16.42],[-40.11,-16.45],[-40.17,-16.52],[-40.17,-16.58],[-40.28,-16.57],[-40.31,-16.68]]]}},{"type":"Feature","properties":{"codarea":"3160405"},"geometry":{"type":"Polygon","coordinates":[[[-45.1,-20.12],[-45.19,-20.24],[-45.25,-20.2],[-45.31,-20.23],[-45.35,-20.27],[-45.34,-20.33],[-45.39,-20.32],[-45.46,-20.21],[-45.46,-20.13],[-45.41,-20.15],[-45.37,-20.12],[-45.38,-20.03],[-45.5,-19.85],[-45.31,-19.94],[-45.27,-19.91],[-45.22,-19.97],[-45.05,-20.01],[-45.12,-20.08],[-45.1,-20.12]]]}},{"type":"Feature","properties":{"codarea":"3160454"},"geometry":{"type":"Polygon","coordinates":[[[-42.52,-15.43],[-42.55,-15.49],[-42.6,-15.43],[-42.76,-15.4],[-42.8,-15.19],[-42.68,-15.1],[-42.66,-15.04],[-42.66,-15.17],[-42.62,-15.19],[-42.62,-15.24],[-42.57,-15.24],[-42.52,-15.32],[-42.52,-15.43]]]}},{"type":"Feature","properties":{"codarea":"3160504"},"geometry":{"type":"Polygon","coordinates":[[[-43.27,-19.17],[-43.19,-19.22],[-43.23,-19.3],[-43.3,-19.29],[-43.31,-19.23],[-43.27,-19.17]]]}},{"type":"Feature","properties":{"codarea":"3160603"},"geometry":{"type":"Polygon","coordinates":[[[-44.31,-18.28],[-44.31,-18.23],[-44.22,-18.23],[-44.16,-18.3],[-44.16,-18.38],[-44.1,-18.44],[-44.02,-18.44],[-44.01,-18.47],[-44.08,-18.56],[-44.14,-18.54],[-44.13,-18.51],[-44.18,-18.51],[-44.19,-18.42],[-44.27,-18.36],[-44.26,-18.33],[-44.31,-18.28]]]}},{"type":"Feature","properties":{"codarea":"3160702"},"geometry":{"type":"Polygon","coordinates":[[[-43.35,-21.36],[-43.3,-21.43],[-43.42,-21.53],[-43.55,-21.52],[-43.64,-21.61],[-43.71,-21.59],[-43.65,-21.5],[-43.71,-21.41],[-43.69,-21.38],[-43.56,-21.36],[-43.47,-21.37],[-43.47,-21.41],[-43.35,-21.36]]]}},{"type":"Feature","properties":{"codarea":"3160801"},"geometry":{"type":"Polygon","coordinates":[[[-45.11,-21.54],[-45.06,-21.5],[-45.04,-21.63],[-45.09,-21.61],[-45.11,-21.54]]]}},{"type":"Feature","properties":{"codarea":"3160900"},"geometry":{"type":"Polygon","coordinates":[[[-43.91,-20.58],[-43.94,-20.68],[-43.98,-20.69],[-44.04,-20.63],[-44.01,-20.57],[-43.97,-20.6],[-43.91,-20.58]]]}},{"type":"Feature","properties":{"codarea":"3160959"},"geometry":{"type":"Polygon","coordinates":[[[-42.0,-19.46],[-41.99,-19.54],[-42.05,-19.57],[-42.06,-19.5],[-42.0,-19.46]]]}},{"type":"Feature","properties":{"codarea":"3161007"},"geometry":{"type":"Polygon","coordinates":[[[-43.02,-20.01],[-43.06,-19.98],[-43.06,-19.86],[-42.92,-19.81],[-42.91,-19.75],[-42.8,-19.71],[-42.81,-19.78],[-42.78,-19.79],[-42.86,-19.89],[-42.83,-19.91],[-42.78,-19.87],[-42.75,-19.9],[-42.78,-19.96],[-42.73,-20.01],[-42.87,-20.04],[-43.02,-20.01]]]}},{"type":"Feature","properties":{"codarea":"3161056"},"geometry":{"type":"Polygon","coordinates":[[[-41.49,-18.64],[-41.54,-18.58],[-41.51,-18.53],[-41.4,-18.53],[-41.36,-18.5],[-41.38,-18.59],[-41.49,-18.64]]]}},{"type":"Feature","properties":{"codarea":"3161106"},"geometry":{"type":"Polygon","coordinates":[[[-44.68,-15.78],[-44.58,-15.88],[-44.56,-15.8],[-44.49,-15.8],[-44.42,-15.86],[-44.43,-15.97],[-44.48,-15.99],[-44.51,-16.07],[-44.66,-16.13],[-44.67,-16.09],[-44.77,-16.16],[-44.86,-16.13],[-44.98,-16.16],[-45.08,-16.12],[-45.05,-15.99],[-45.09,-15.98],[-45.23,-15.84],[-45.26,-15.75],[-45.04,-15.55],[-44.78,-15.81],[-44.68,-15.78]]]}},{"type":"Feature","properties":{"codarea":"3161205"},"geometry":{"type":"Polygon","coordinates":[[[-45.04,-20.81],[-45.09,-20.74],[-45.01,-20.57],[-44.94,-20.63],[-44.91,-20.79],[-45.04,-20.81]]]}},{"type":"Feature","properties":{"codarea":"3161304"},"geometry":{"type":"Polygon","coordinates":[[[-49.63,-19.68],[-49.67,-19.76],[-49.65,-19.83],[-49.73,-19.88],[-49.75,-19.92],[-49.85,-19.95],[-50.0,-19.93],[-50.11,-19.87],[-50.09,-19.77],[-50.03,-19.76],[-49.98,-19.69],[-49.92,-19.73],[-49.83,-19.6],[-49.77,-19.65],[-49.63,-19.68]]]}},{"type":"Feature","properties":{"codarea":"3161403"},"geometry":{"type":"Polygon","coordinates":[[[-42.2,-20.82],[-42.3,-20.86],[-42.36,-20.78],[-42.25,-20.74],[-42.21,-20.76],[-42.2,-20.82]]]}},{"type":"Feature","properties":{"codarea":"3161502"},"geometry":{"type":"Polygon","coordinates":[[[-42.76,-20.97],[-42.81,-20.94],[-42.93,-20.95],[-42.93,-20.91],[-42.89,-20.85],[-42.85,-20.88],[-42.73,-20.86],[-42.76,-20.97]]]}},{"type":"Feature","properties":{"codarea":"3161601"},"geometry":{"type":"Polygon","coordinates":[[[-42.28,-18.97],[-42.35,-18.96],[-42.36,-18.93],[-42.35,-18.84],[-42.3,-18.81],[-42.26,-18.9],[-42.28,-18.97]]]}},{"type":"Feature","properties":{"codarea":"3161650"},"geometry":{"type":"Polygon","coordinates":[[[-41.36,-18.83],[-41.3,-18.83],[-41.26,-18.87],[-41.36,-19.02],[-41.4,-19.02],[-41.46,-18.95],[-41.43,-18.91],[-41.46,-18.88],[-41.36,-18.83]]]}},{"type":"Feature","properties":{"codarea":"3161700"},"geometry":{"type":"Polygon","coordinates":[[[-45.46,-17.85],[-45.47,-17.91],[-45.35,-17.91],[-45.26,-17.99],[-45.2,-17.99],[-45.19,-18.12],[-45.23,-18.11],[-45.27,-18.22],[-45.32,-18.22],[-45.41,-18.32],[-45.51,-18.32],[-45.57,-18.36],[-45.64,-18.48],[-45.72,-18.51],[-45.78,-18.46],[-45.75,-18.41],[-45.92,-18.39],[-46.01,-18.33],[-45.91,-18.31],[-45.81,-18.18],[-45.69,-18.14],[-45.58,-17.94],[-45.51,-17.86],[-45.46,-17.85]]]}},{"type":"Feature","properties":{"codarea":"3161809"},"geometry":{"type":"Polygon","coordinates":[[[-44.89,-19.92],[-44.89,-19.86],[-44.85,-19.86],[-44.79,-19.95],[-44.74,-19.96],[-44.75,-20.05],[-44.86,-20.09],[-44.91,-19.97],[-44.89,-19.92]]]}},{"type":"Feature","properties":{"codarea":"3161908"},"geometry":{"type":"Polygon","coordinates":[[[-43.42,-19.91],[-43.43,-19.88],[-43.39,-19.86],[-43.4,-19.67],[-43.33,-19.68],[-43.33,-19.74],[-43.22,-19.78],[-43.19,-19.87],[-43.36,-19.92],[-43.42,-19.91]]]}},{"type":"Feature","properties":{"codarea":"3162005"},"geometry":{"type":"Polygon","coordinates":[[[-45.72,-21.99],[-45.75,-21.92],[-45.7,-21.83],[-45.61,-21.85],[-45.6,-21.8],[-45.56,-21.79],[-45.49,-21.81],[-45.49,-21.9],[-45.44,-21.98],[-45.62,-22.02],[-45.64,-21.99],[-45.72,-21.99]]]}},{"type":"Feature","properties":{"codarea":"3162104"},"geometry":{"type":"Polygon","coordinates":[[[-46.11,-19.2],[-45.93,-19.29],[-45.92,-19.22],[-45.83,-19.18],[-45.8,-19.2],[-45.9,-19.47],[-45.98,-19.46],[-46.04,-19.55],[-46.13,-19.54],[-46.16,-19.41],[-46.13,-19.37],[-46.11,-19.2]]]}},{"type":"Feature","properties":{"codarea":"3162203"},"geometry":{"type":"Polygon","coordinates":[[[-46.59,-20.57],[-46.54,-20.55],[-46.46,-20.44],[-46.5,-20.38],[-46.42,-20.41],[-46.42,-20.48],[-46.3,-20.57],[-46.28,-20.66],[-46.44,-20.69],[-46.59,-20.64],[-46.59,-20.57]]]}},{"type":"Feature","properties":{"codarea":"3162252"},"geometry":{"type":"Polygon","coordinates":[[[-44.15,-16.73],[-44.07,-16.8],[-44.35,-16.95],[-44.46,-17.07],[-44.57,-17.08],[-44.57,-17.05],[-44.48,-16.99],[-44.57,-16.86],[-44.29,-16.77],[-44.31,-16.69],[-44.22,-16.63],[-44.21,-16.69],[-44.15,-16.73]]]}},{"type":"Feature","properties":{"codarea":"3162302"},"geometry":{"type":"Polygon","coordinates":[[[-46.03,-21.89],[-45.96,-21.92],[-45.86,-21.89],[-45.85,-21.96],[-45.91,-22.02],[-46.03,-21.89]]]}},{"type":"Feature","properties":{"codarea":"3162401"},"geometry":{"type":"Polygon","coordinates":[[[-44.24,-15.98],[-44.17,-15.9],[-44.2,-15.83],[-44.12,-15.78],[-43.88,-15.75],[-43.79,-15.79],[-43.7,-15.73],[-43.6,-15.72],[-43.59,-15.75],[-43.66,-15.84],[-43.64,-15.86],[-43.64,-15.94],[-43.77,-16.09],[-43.89,-16.11],[-44.07,-16.0],[-44.09,-16.02],[-44.13,-15.97],[-44.24,-15.98]]]}},{"type":"Feature","properties":{"codarea":"3162450"},"geometry":{"type":"Polygon","coordinates":[[[-44.01,-14.98],[-44.06,-14.99],[-44.11,-14.96],[-44.28,-14.99],[-44.48,-14.91],[-44.21,-14.77],[-44.16,-14.77],[-44.09,-14.83],[-44.06,-14.95],[-44.01,-14.98]]]}},{"type":"Feature","properties":{"codarea":"3162500"},"geometry":{"type":"Polygon","coordinates":[[[-44.48,-21.41],[-44.57,-21.31],[-44.51,-21.28],[-44.43,-21.18],[-44.41,-21.09],[-44.29,-21.04],[-44.26,-21.08],[-44.22,-21.07],[-44.2,-21.12],[-44.23,-21.13],[-44.02,-21.24],[-44.01,-21.29],[-44.01,-21.36],[-44.09,-21.44],[-44.14,-21.39],[-44.26,-21.37],[-44.36,-21.41],[-44.48,-21.41]]]}},{"type":"Feature","properties":{"codarea":"3162559"},"geometry":{"type":"Polygon","coordinates":[[[-42.19,-20.43],[-42.2,-20.29],[-42.11,-20.31],[-42.12,-20.34],[-42.09,-20.36],[-42.14,-20.47],[-42.19,-20.43]]]}},{"type":"Feature","properties":{"codarea":"3162575"},"geometry":{"type":"Polygon","coordinates":[[[-41.15,-18.8],[-41.23,-18.8],[-41.2,-18.68],[-41.07,-18.78],[-41.15,-18.8]]]}},{"type":"Feature","properties":{"codarea":"3162609"},"geometry":{"type":"Polygon","coordinates":[[[-42.12,-19.35],[-42.15,-19.44],[-42.23,-19.37],[-42.18,-19.26],[-42.12,-19.35]]]}},{"type":"Feature","properties":{"codarea":"3162658"},"geometry":{"type":"Polygon","coordinates":[[[-44.68,-16.55],[-44.47,-16.44],[-44.43,-16.47],[-44.41,-16.57],[-44.44,-16.62],[-44.52,-16.66],[-44.68,-16.55]]]}},{"type":"Feature","properties":{"codarea":"3162708"},"geometry":{"type":"Polygon","coordinates":[[[-42.23,-15.42],[-42.2,-15.26],[-42.27,-15.19],[-42.27,-15.12],[-42.16,-15.1],[-42.1,-15.18],[-41.95,-15.18],[-41.8,-15.1],[-41.78,-15.25],[-41.83,-15.25],[-41.88,-15.36],[-41.84,-15.41],[-41.74,-15.44],[-41.74,-15.48],[-41.69,-15.52],[-41.71,-15.58],[-41.9,-15.63],[-41.94,-15.62],[-42.08,-15.39],[-42.11,-15.42],[-42.23,-15.42]]]}},{"type":"Feature","properties":{"codarea":"3162807"},"geometry":{"type":"Polygon","coordinates":[[[-42.69,-18.59],[-42.72,-18.65],[-42.8,-18.62],[-42.82,-18.67],[-42.85,-18.68],[-42.91,-18.58],[-42.83,-18.53],[-42.82,-18.41],[-42.73,-18.32],[-42.69,-18.59]]]}},{"type":"Feature","properties":{"codarea":"3162906"},"geometry":{"type":"Polygon","coordinates":[[[-42.91,-21.52],[-42.85,-21.53],[-42.91,-21.66],[-42.96,-21.67],[-43.02,-21.58],[-43.13,-21.69],[-43.18,-21.65],[-43.05,-21.48],[-42.91,-21.52]]]}},{"type":"Feature","properties":{"codarea":"3162922"},"geometry":{"type":"Polygon","coordinates":[[[-44.2,-20.05],[-44.21,-20.1],[-44.28,-20.11],[-44.27,-20.0],[-44.2,-20.05]]]}},{"type":"Feature","properties":{"codarea":"3162948"},"geometry":{"type":"Polygon","coordinates":[[[-46.36,-20.69],[-46.28,-20.66],[-46.15,-20.69],[-46.14,-20.77],[-46.27,-20.87],[-46.36,-20.69]]]}},{"type":"Feature","properties":{"codarea":"3162955"},"geometry":{"type":"Polygon","coordinates":[[[-44.01,-19.72],[-44.04,-19.68],[-44.01,-19.66],[-43.94,-19.7],[-44.01,-19.72]]]}},{"type":"Feature","properties":{"codarea":"3163003"},"geometry":{"type":"Polygon","coordinates":[[[-42.21,-18.24],[-42.2,-18.22],[-42.07,-18.26],[-42.08,-18.35],[-42.05,-18.42],[-42.1,-18.43],[-42.17,-18.36],[-42.21,-18.24]]]}},{"type":"Feature","properties":{"codarea":"3163102"},"geometry":{"type":"Polygon","coordinates":[[[-44.64,-19.73],[-44.57,-19.6],[-44.5,-19.64],[-44.5,-19.7],[-44.57,-19.79],[-44.6,-19.79],[-44.64,-19.73]]]}},{"type":"Feature","properties":{"codarea":"3163201"},"geometry":{"type":"Polygon","coordinates":[[[-45.57,-22.32],[-45.55,-22.26],[-45.45,-22.35],[-45.55,-22.37],[-45.57,-22.32]]]}},{"type":"Feature","properties":{"codarea":"3163300"},"geometry":{"type":"Polygon","coordinates":[[[-41.46,-18.51],[-41.43,-18.44],[-41.43,-18.3],[-41.33,-18.28],[-41.29,-18.33],[-41.32,-18.34],[-41.32,-18.51],[-41.4,-18.53],[-41.46,-18.51]]]}},{"type":"Feature","properties":{"codarea":"3163409"},"geometry":{"type":"Polygon","coordinates":[[[-42.55,-19.89],[-42.64,-19.93],[-42.65,-19.99],[-42.73,-20.01],[-42.78,-19.96],[-42.75,-19.9],[-42.78,-19.87],[-42.68,-19.87],[-42.64,-19.91],[-42.55,-19.89]]]}},{"type":"Feature","properties":{"codarea":"3163508"},"geometry":{"type":"Polygon","coordinates":[[[-42.71,-18.37],[-42.73,-18.28],[-42.77,-18.25],[-42.76,-18.21],[-42.7,-18.19],[-42.68,-18.1],[-42.55,-18.23],[-42.56,-18.29],[-42.64,-18.28],[-42.69,-18.38],[-42.71,-18.37]]]}},{"type":"Feature","properties":{"codarea":"3163607"},"geometry":{"type":"Polygon","coordinates":[[[-41.81,-19.99],[-41.72,-20.0],[-41.74,-20.06],[-41.81,-20.04],[-41.81,-19.99]]]}},{"type":"Feature","properties":{"codarea":"3163706"},"geometry":{"type":"Polygon","coordinates":[[[-45.06,-22.14],[-45.09,-22.11],[-45.05,-22.07],[-45.01,-22.08],[-45.0,-22.15],[-45.06,-22.14]]]}},{"type":"Feature","properties":{"codarea":"3163805"},"geometry":{"type":"Polygon","coordinates":[[[-42.75,-20.75],[-42.79,-20.7],[-42.78,-20.67],[-42.67,-20.67],[-42.65,-20.76],[-42.71,-20.84],[-42.75,-20.75]]]}},{"type":"Feature","properties":{"codarea":"3163904"},"geometry":{"type":"Polygon","coordinates":[[[-46.73,-21.19],[-46.78,-21.16],[-46.76,-21.12],[-46.65,-21.09],[-46.64,-21.01],[-46.56,-21.06],[-46.54,-21.14],[-46.57,-21.2],[-46.73,-21.19]]]}},{"type":"Feature","properties":{"codarea":"3164001"},"geometry":{"type":"Polygon","coordinates":[[[-42.65,-19.99],[-42.64,-19.93],[-42.55,-19.89],[-42.54,-19.95],[-42.5,-19.97],[-42.52,-20.14],[-42.48,-20.16],[-42.55,-20.26],[-42.53,-20.22],[-42.62,-20.16],[-42.65,-19.99]]]}},{"type":"Feature","properties":{"codarea":"3164100"},"geometry":{"type":"Polygon","coordinates":[[[-42.55,-18.23],[-42.48,-18.27],[-42.45,-18.33],[-42.54,-18.34],[-42.58,-18.43],[-42.66,-18.43],[-42.7,-18.51],[-42.71,-18.37],[-42.69,-18.38],[-42.64,-18.28],[-42.56,-18.29],[-42.55,-18.23]]]}},{"type":"Feature","properties":{"codarea":"3164209"},"geometry":{"type":"Polygon","coordinates":[[[-45.3,-16.27],[-45.23,-16.27],[-45.17,-16.2],[-45.18,-16.17],[-45.08,-16.12],[-45.05,-16.24],[-45.07,-16.41],[-45.04,-16.42],[-45.07,-16.47],[-45.3,-16.56],[-45.46,-16.5],[-45.64,-16.61],[-45.83,-16.51],[-45.71,-16.41],[-45.71,-16.3],[-45.66,-16.18],[-45.61,-16.18],[-45.48,-16.3],[-45.42,-16.28],[-45.37,-16.32],[-45.3,-16.27]]]}},{"type":"Feature","properties":{"codarea":"3164308"},"geometry":{"type":"Polygon","coordinates":[[[-46.08,-20.34],[-46.33,-20.36],[-46.39,-20.32],[-46.47,-20.39],[-46.7,-20.28],[-46.78,-20.27],[-46.82,-20.2],[-46.93,-20.16],[-46.85,-20.13],[-46.8,-20.03],[-46.63,-20.04],[-46.63,-19.99],[-46.5,-20.0],[-46.45,-19.97],[-46.08,-20.34]]]}},{"type":"Feature","properties":{"codarea":"3164407"},"geometry":{"type":"Polygon","coordinates":[[[-45.66,-22.17],[-45.85,-22.21],[-45.85,-22.24],[-45.88,-22.21],[-45.81,-22.1],[-45.74,-22.1],[-45.66,-22.17]]]}},{"type":"Feature","properties":{"codarea":"3164431"},"geometry":{"type":"Polygon","coordinates":[[[-42.66,-21.08],[-42.58,-20.95],[-42.55,-21.04],[-42.66,-21.08]]]}},{"type":"Feature","properties":{"codarea":"3164472"},"geometry":{"type":"Polygon","coordinates":[[[-41.9,-19.57],[-41.99,-19.54],[-42.0,-19.46],[-41.96,-19.45],[-41.9,-19.57]]]}},{"type":"Feature","properties":{"codarea":"3164506"},"geometry":{"type":"Polygon","coordinates":[[[-42.58,-18.18],[-42.7,-18.09],[-42.69,-18.07],[-42.57,-17.99],[-42.56,-17.95],[-42.46,-17.92],[-42.42,-18.01],[-42.46,-18.07],[-42.46,-18.18],[-42.54,-18.16],[-42.58,-18.18]]]}},{"type":"Feature","properties":{"codarea":"3164605"},"geometry":{"type":"Polygon","coordinates":[[[-44.9,-20.26],[-44.98,-20.33],[-45.13,-20.36],[-45.12,-20.26],[-45.15,-20.18],[-45.1,-20.12],[-44.9,-20.26]]]}},{"type":"Feature","properties":{"codarea":"3164704"},"geometry":{"type":"Polygon","coordinates":[[[-47.15,-21.04],[-47.14,-20.98],[-47.24,-20.89],[-47.23,-20.86],[-47.15,-20.88],[-47.04,-20.84],[-47.03,-20.73],[-46.8,-20.93],[-46.8,-20.98],[-46.87,-21.01],[-46.89,-21.07],[-47.02,-21.01],[-47.15,-21.04]]]}},{"type":"Feature","properties":{"codarea":"3164803"},"geometry":{"type":"Polygon","coordinates":[[[-43.19,-19.24],[-43.13,-19.24],[-43.14,-19.33],[-43.27,-19.31],[-43.32,-19.35],[-43.35,-19.33],[-43.28,-19.28],[-43.23,-19.3],[-43.19,-19.24]]]}},{"type":"Feature","properties":{"codarea":"3164902"},"geometry":{"type":"Polygon","coordinates":[[[-44.98,-22.28],[-45.07,-22.24],[-45.06,-22.14],[-44.97,-22.22],[-44.98,-22.28]]]}},{"type":"Feature","properties":{"codarea":"3165008"},"geometry":{"type":"Polygon","coordinates":[[[-44.45,-20.79],[-44.48,-21.04],[-44.58,-21.1],[-44.62,-21.1],[-44.66,-20.9],[-44.71,-20.85],[-44.64,-20.86],[-44.57,-20.8],[-44.52,-20.83],[-44.45,-20.79]]]}},{"type":"Feature","properties":{"codarea":"3165107"},"geometry":{"type":"Polygon","coordinates":[[[-47.03,-20.73],[-47.04,-20.84],[-47.15,-20.88],[-47.23,-20.86],[-47.17,-20.7],[-47.1,-20.68],[-47.03,-20.73]]]}},{"type":"Feature","properties":{"codarea":"3165206"},"geometry":{"type":"Polygon","coordinates":[[[-44.88,-21.84],[-44.98,-21.85],[-45.03,-21.82],[-45.07,-21.74],[-45.04,-21.63],[-44.88,-21.63],[-44.88,-21.84]]]}},{"type":"Feature","properties":{"codarea":"3165305"},"geometry":{"type":"Polygon","coordinates":[[[-44.5,-21.58],[-44.46,-21.52],[-44.42,-21.53],[-44.35,-21.69],[-44.46,-21.73],[-44.49,-21.79],[-44.58,-21.75],[-44.57,-21.65],[-44.5,-21.58]]]}},{"type":"Feature","properties":{"codarea":"3165404"},"geometry":{"type":"Polygon","coordinates":[[[-45.71,-22.77],[-45.77,-22.81],[-45.77,-22.84],[-45.85,-22.84],[-45.87,-22.87],[-45.91,-22.83],[-45.96,-22.85],[-45.96,-22.75],[-45.92,-22.72],[-45.84,-22.76],[-45.73,-22.72],[-45.71,-22.77]]]}},{"type":"Feature","properties":{"codarea":"3165503"},"geometry":{"type":"Polygon","coordinates":[[[-42.46,-18.81],[-42.5,-18.79],[-42.47,-18.74],[-42.3,-18.74],[-42.34,-18.79],[-42.33,-18.82],[-42.46,-18.81]]]}},{"type":"Feature","properties":{"codarea":"3165537"},"geometry":{"type":"Polygon","coordinates":[[[-44.18,-20.05],[-44.09,-20.03],[-44.06,-20.08],[-44.12,-20.1],[-44.18,-20.05]]]}},{"type":"Feature","properties":{"codarea":"3165552"},"geometry":{"type":"Polygon","coordinates":[[[-41.98,-17.66],[-42.04,-17.72],[-42.14,-17.7],[-42.14,-17.77],[-42.21,-17.77],[-42.25,-17.62],[-42.29,-17.6],[-42.19,-17.44],[-42.12,-17.59],[-42.02,-17.62],[-41.98,-17.66]]]}},{"type":"Feature","properties":{"codarea":"3165560"},"geometry":{"type":"Polygon","coordinates":[[[-42.87,-20.04],[-42.76,-20.02],[-42.76,-20.12],[-42.87,-20.14],[-42.9,-20.12],[-42.87,-20.04]]]}},{"type":"Feature","properties":{"codarea":"3165578"},"geometry":{"type":"Polygon","coordinates":[[[-46.3,-22.58],[-46.28,-22.52],[-46.15,-22.52],[-46.16,-22.62],[-46.3,-22.58]]]}},{"type":"Feature","properties":{"codarea":"3165602"},"geometry":{"type":"Polygon","coordinates":[[[-42.96,-21.73],[-42.87,-21.7],[-42.86,-21.8],[-42.97,-21.82],[-42.96,-21.73]]]}},{"type":"Feature","properties":{"codarea":"3165701"},"geometry":{"type":"Polygon","coordinates":[[[-43.04,-20.93],[-43.13,-20.98],[-43.16,-20.96],[-43.15,-20.85],[-43.06,-20.83],[-43.08,-20.86],[-43.04,-20.88],[-43.04,-20.93]]]}},{"type":"Feature","properties":{"codarea":"3165800"},"geometry":{"type":"Polygon","coordinates":[[[-46.2,-22.14],[-46.1,-22.1],[-46.12,-22.21],[-46.15,-22.21],[-46.2,-22.14]]]}},{"type":"Feature","properties":{"codarea":"3165909"},"geometry":{"type":"Polygon","coordinates":[[[-43.28,-18.02],[-43.29,-18.0],[-43.33,-18.01],[-43.32,-17.95],[-43.41,-17.95],[-43.38,-17.8],[-43.29,-17.71],[-43.3,-17.66],[-43.25,-17.64],[-43.23,-17.56],[-43.14,-17.81],[-43.11,-18.0],[-43.14,-18.04],[-43.11,-18.06],[-43.14,-18.11],[-43.17,-18.04],[-43.28,-18.02]]]}},{"type":"Feature","properties":{"codarea":"3166006"},"geometry":{"type":"Polygon","coordinates":[[[-43.43,-20.82],[-43.41,-20.75],[-43.28,-20.75],[-43.3,-20.85],[-43.37,-20.87],[-43.43,-20.82]]]}},{"type":"Feature","properties":{"codarea":"3166105"},"geometry":{"type":"Polygon","coordinates":[[[-43.16,-18.97],[-43.2,-18.86],[-43.06,-18.79],[-43.01,-18.82],[-42.99,-18.96],[-43.04,-19.03],[-43.16,-18.97]]]}},{"type":"Feature","properties":{"codarea":"3166204"},"geometry":{"type":"Polygon","coordinates":[[[-43.63,-21.1],[-43.66,-21.03],[-43.71,-21.02],[-43.65,-20.95],[-43.58,-20.95],[-43.51,-21.06],[-43.56,-21.13],[-43.63,-21.1]]]}},{"type":"Feature","properties":{"codarea":"3166303"},"geometry":{"type":"Polygon","coordinates":[[[-42.41,-20.58],[-42.49,-20.56],[-42.53,-20.43],[-42.43,-20.44],[-42.39,-20.5],[-42.41,-20.58]]]}},{"type":"Feature","properties":{"codarea":"3166402"},"geometry":{"type":"Polygon","coordinates":[[[-44.44,-21.87],[-44.4,-21.87],[-44.4,-21.96],[-44.51,-21.93],[-44.56,-21.97],[-44.56,-21.9],[-44.44,-21.87]]]}},{"type":"Feature","properties":{"codarea":"3166501"},"geometry":{"type":"Polygon","coordinates":[[[-43.34,-18.39],[-43.23,-18.3],[-43.14,-18.37],[-43.1,-18.47],[-43.17,-18.48],[-43.25,-18.4],[-43.34,-18.39]]]}},{"type":"Feature","properties":{"codarea":"3166600"},"geometry":{"type":"Polygon","coordinates":[[[-45.9,-19.44],[-45.85,-19.33],[-45.82,-19.34],[-45.78,-19.27],[-45.68,-19.34],[-45.68,-19.4],[-45.74,-19.49],[-45.9,-19.44]]]}},{"type":"Feature","properties":{"codarea":"3166709"},"geometry":{"type":"Polygon","coordinates":[[[-40.21,-17.89],[-40.29,-17.85],[-40.34,-17.62],[-40.27,-17.73],[-40.22,-17.73],[-40.17,-17.85],[-40.21,-17.89]]]}},{"type":"Feature","properties":{"codarea":"3166808"},"geometry":{"type":"Polygon","coordinates":[[[-46.84,-19.3],[-46.96,-19.27],[-46.85,-19.15],[-46.81,-19.16],[-46.75,-19.0],[-46.68,-19.01],[-46.65,-19.05],[-46.51,-18.92],[-46.41,-19.07],[-46.54,-19.19],[-46.5,-19.31],[-46.55,-19.34],[-46.72,-19.3],[-46.84,-19.3]]]}},{"type":"Feature","properties":{"codarea":"3166907"},"geometry":{"type":"Polygon","coordinates":[[[-45.98,-21.53],[-46.0,-21.58],[-46.11,-21.61],[-46.08,-21.65],[-46.17,-21.58],[-46.18,-21.52],[-46.06,-21.49],[-45.98,-21.53]]]}},{"type":"Feature","properties":{"codarea":"3166956"},"geometry":{"type":"Polygon","coordinates":[[[-43.02,-15.81],[-42.94,-15.82],[-42.88,-15.69],[-42.83,-15.74],[-42.78,-15.73],[-42.76,-15.78],[-42.81,-15.9],[-42.76,-15.93],[-42.73,-16.04],[-42.75,-16.05],[-42.76,-16.01],[-42.9,-15.96],[-43.02,-15.81]]]}},{"type":"Feature","properties":{"codarea":"3167004"},"geometry":{"type":"Polygon","coordinates":[[[-44.65,-21.77],[-44.58,-21.75],[-44.46,-21.8],[-44.44,-21.87],[-44.56,-21.9],[-44.65,-21.77]]]}},{"type":"Feature","properties":{"codarea":"3167103"},"geometry":{"type":"Polygon","coordinates":[[[-43.22,-18.6],[-43.2,-18.72],[-43.23,-18.74],[-43.34,-18.67],[-43.43,-18.76],[-43.49,-18.75],[-43.52,-18.6],[-43.61,-18.52],[-43.46,-18.31],[-43.32,-18.32],[-43.28,-18.28],[-43.26,-18.31],[-43.38,-18.45],[-43.37,-18.53],[-43.25,-18.53],[-43.2,-18.57],[-43.22,-18.6]]]}},{"type":"Feature","properties":{"codarea":"3167202"},"geometry":{"type":"Polygon","coordinates":[[[-44.18,-19.52],[-44.22,-19.6],[-44.24,-19.58],[-44.31,-19.59],[-44.31,-19.51],[-44.46,-19.41],[-44.3,-19.4],[-44.3,-19.35],[-44.16,-19.29],[-44.13,-19.43],[-44.18,-19.52]]]}},{"type":"Feature","properties":{"codarea":"3167301"},"geometry":{"type":"Polygon","coordinates":[[[-43.24,-21.21],[-43.28,-21.19],[-43.25,-21.11],[-43.15,-21.07],[-43.13,-21.12],[-43.17,-21.19],[-43.2,-21.22],[-43.24,-21.21]]]}},{"type":"Feature","properties":{"codarea":"3167400"},"geometry":{"type":"Polygon","coordinates":[[[-45.9,-22.11],[-45.93,-22.09],[-45.9,-22.0],[-45.85,-21.96],[-45.73,-21.95],[-45.68,-22.03],[-45.74,-22.1],[-45.9,-22.11]]]}},{"type":"Feature","properties":{"codarea":"3167509"},"geometry":{"type":"Polygon","coordinates":[[[-43.35,-21.92],[-43.27,-21.9],[-43.22,-21.98],[-43.23,-22.03],[-43.33,-22.01],[-43.37,-21.95],[-43.35,-21.92]]]}},{"type":"Feature","properties":{"codarea":"3167608"},"geometry":{"type":"Polygon","coordinates":[[[-41.8,-19.83],[-41.9,-20.0],[-41.98,-19.99],[-41.96,-20.16],[-42.08,-20.15],[-42.08,-20.07],[-42.13,-20.02],[-42.1,-19.96],[-41.98,-19.92],[-41.97,-19.88],[-41.89,-19.88],[-41.8,-19.83]]]}},{"type":"Feature","properties":{"codarea":"3167707"},"geometry":{"type":"Polygon","coordinates":[[[-42.09,-19.24],[-42.15,-19.33],[-42.23,-19.16],[-42.18,-19.12],[-42.13,-19.13],[-42.12,-19.19],[-42.07,-19.21],[-42.09,-19.24]]]}},{"type":"Feature","properties":{"codarea":"3167806"},"geometry":{"type":"Polygon","coordinates":[[[-45.07,-22.1],[-45.13,-21.98],[-45.07,-22.01],[-45.0,-21.95],[-44.97,-21.96],[-44.94,-22.08],[-45.01,-22.11],[-45.01,-22.08],[-45.07,-22.1]]]}},{"type":"Feature","properties":{"codarea":"3167905"},"geometry":{"type":"Polygon","coordinates":[[[-43.35,-21.36],[-43.32,-21.3],[-43.27,-21.28],[-43.27,-21.32],[-43.21,-21.32],[-43.16,-21.42],[-43.3,-21.43],[-43.35,-21.36]]]}},{"type":"Feature","properties":{"codarea":"3168002"},"geometry":{"type":"Polygon","coordinates":[[[-42.33,-15.85],[-42.16,-15.72],[-42.12,-15.73],[-42.11,-15.68],[-41.9,-15.63],[-41.86,-15.8],[-41.92,-15.91],[-41.91,-16.02],[-42.07,-15.97],[-42.1,-15.91],[-42.16,-15.97],[-42.22,-15.95],[-42.33,-15.85]]]}},{"type":"Feature","properties":{"codarea":"3168051"},"geometry":{"type":"Polygon","coordinates":[[[-41.59,-19.81],[-41.66,-19.83],[-41.67,-19.8],[-41.68,-19.69],[-41.64,-19.67],[-41.5,-19.7],[-41.56,-19.73],[-41.59,-19.81]]]}},{"type":"Feature","properties":{"codarea":"3168101"},"geometry":{"type":"Polygon","coordinates":[[[-46.83,-20.05],[-47.02,-20.01],[-47.17,-19.87],[-46.98,-19.78],[-46.83,-19.77],[-46.68,-19.9],[-46.67,-19.87],[-46.61,-19.91],[-46.63,-20.04],[-46.8,-20.03],[-46.83,-20.05]]]}},{"type":"Feature","properties":{"codarea":"3168200"},"geometry":{"type":"Polygon","coordinates":[[[-46.31,-19.86],[-46.32,-19.82],[-46.24,-19.78],[-46.13,-19.8],[-46.03,-19.87],[-45.99,-19.95],[-46.14,-19.96],[-46.22,-19.9],[-46.28,-19.91],[-46.31,-19.86]]]}},{"type":"Feature","properties":{"codarea":"3168309"},"geometry":{"type":"Polygon","coordinates":[[[-43.63,-19.69],[-43.71,-19.75],[-43.77,-19.73],[-43.77,-19.57],[-43.64,-19.56],[-43.58,-19.51],[-43.63,-19.69]]]}},{"type":"Feature","properties":{"codarea":"3168408"},"geometry":{"type":"Polygon","coordinates":[[[-42.03,-19.38],[-42.1,-19.36],[-42.12,-19.32],[-42.09,-19.24],[-42.01,-19.23],[-42.01,-19.17],[-41.97,-19.14],[-41.93,-19.18],[-41.96,-19.23],[-41.78,-19.22],[-41.68,-19.31],[-41.77,-19.41],[-41.82,-19.43],[-41.96,-19.35],[-42.03,-19.38]]]}},{"type":"Feature","properties":{"codarea":"3168507"},"geometry":{"type":"Polygon","coordinates":[[[-42.93,-20.66],[-42.95,-20.62],[-42.87,-20.56],[-42.77,-20.63],[-42.78,-20.67],[-42.88,-20.7],[-42.93,-20.66]]]}},{"type":"Feature","properties":{"codarea":"3168606"},"geometry":{"type":"Polygon","coordinates":[[[-41.14,-17.95],[-41.22,-17.93],[-41.34,-18.02],[-41.46,-18.01],[-41.5,-18.04],[-41.59,-18.01],[-41.59,-17.97],[-41.67,-17.91],[-41.6,-17.8],[-41.65,-17.79],[-41.67,-17.74],[-41.63,-17.68],[-41.65,-17.6],[-41.62,-17.55],[-41.43,-17.4],[-41.36,-17.41],[-41.35,-17.35],[-41.32,-17.34],[-41.26,-17.35],[-41.24,-17.39],[-41.26,-17.48],[-41.06,-17.57],[-41.05,-17.6],[-41.14,-17.65],[-41.19,-17.64],[-41.13,-17.71],[-41.15,-17.78],[-41.09,-17.84],[-41.15,-17.9],[-41.14,-17.95]]]}},{"type":"Feature","properties":{"codarea":"3168705"},"geometry":{"type":"Polygon","coordinates":[[[-42.69,-19.54],[-42.58,-19.54],[-42.51,-19.49],[-42.5,-19.51],[-42.57,-19.61],[-42.71,-19.6],[-42.69,-19.54]]]}},{"type":"Feature","properties":{"codarea":"3168804"},"geometry":{"type":"Polygon","coordinates":[[[-44.2,-21.12],[-44.22,-21.07],[-44.14,-21.07],[-44.09,-21.16],[-44.12,-21.18],[-44.2,-21.12]]]}},{"type":"Feature","properties":{"codarea":"3168903"},"geometry":{"type":"Polygon","coordinates":[[[-45.78,-19.16],[-45.8,-19.2],[-45.88,-19.15],[-45.98,-19.19],[-46.06,-19.08],[-45.95,-18.76],[-45.9,-18.74],[-45.77,-18.47],[-45.72,-18.51],[-45.64,-18.48],[-45.62,-18.57],[-45.7,-18.76],[-45.64,-18.79],[-45.65,-18.84],[-45.78,-19.16]]]}},{"type":"Feature","properties":{"codarea":"3169000"},"geometry":{"type":"Polygon","coordinates":[[[-43.1,-21.2],[-43.1,-21.11],[-43.0,-21.14],[-42.92,-21.21],[-42.97,-21.26],[-43.02,-21.21],[-43.1,-21.2]]]}},{"type":"Feature","properties":{"codarea":"3169059"},"geometry":{"type":"Polygon","coordinates":[[[-46.05,-22.37],[-46.07,-22.41],[-46.24,-22.36],[-46.22,-22.31],[-46.17,-22.31],[-46.05,-22.37]]]}},{"type":"Feature","properties":{"codarea":"3169109"},"geometry":{"type":"Polygon","coordinates":[[[-46.47,-22.7],[-46.47,-22.67],[-46.39,-22.66],[-46.31,-22.69],[-46.3,-22.72],[-46.33,-22.77],[-46.47,-22.7]]]}},{"type":"Feature","properties":{"codarea":"3169208"},"geometry":{"type":"Polygon","coordinates":[[[-42.1,-20.8],[-41.93,-20.84],[-41.98,-20.93],[-42.16,-20.97],[-42.19,-20.87],[-42.1,-20.84],[-42.1,-20.8]]]}},{"type":"Feature","properties":{"codarea":"3169307"},"geometry":{"type":"Polygon","coordinates":[[[-45.33,-21.8],[-45.34,-21.72],[-45.42,-21.67],[-45.39,-21.63],[-45.35,-21.63],[-45.33,-21.58],[-45.28,-21.6],[-45.25,-21.55],[-45.11,-21.54],[-45.09,-21.61],[-45.04,-21.63],[-45.07,-21.74],[-45.04,-21.78],[-45.12,-21.78],[-45.14,-21.87],[-45.21,-21.78],[-45.3,-21.82],[-45.33,-21.8]]]}},{"type":"Feature","properties":{"codarea":"3169356"},"geometry":{"type":"Polygon","coordinates":[[[-44.73,-18.14],[-44.75,-18.17],[-44.81,-18.17],[-44.83,-18.23],[-44.81,-18.3],[-44.87,-18.44],[-44.85,-18.55],[-44.92,-18.5],[-45.04,-18.5],[-45.16,-18.6],[-45.16,-18.67],[-45.21,-18.64],[-45.24,-18.59],[-45.22,-18.54],[-45.35,-18.47],[-45.28,-18.35],[-45.32,-18.31],[-45.26,-18.26],[-45.23,-18.11],[-45.19,-18.12],[-45.21,-18.06],[-45.18,-17.96],[-45.12,-17.93],[-45.02,-18.01],[-45.01,-18.06],[-44.85,-18.13],[-44.73,-18.14]]]}},{"type":"Feature","properties":{"codarea":"3169406"},"geometry":{"type":"Polygon","coordinates":[[[-45.55,-21.5],[-45.7,-21.44],[-45.69,-21.34],[-45.48,-21.3],[-45.27,-21.36],[-45.36,-21.48],[-45.44,-21.46],[-45.49,-21.48],[-45.49,-21.51],[-45.55,-21.5]]]}},{"type":"Feature","properties":{"codarea":"3169505"},"geometry":{"type":"Polygon","coordinates":[[[-41.71,-19.09],[-41.7,-19.05],[-41.74,-19.05],[-41.77,-18.97],[-41.89,-19.02],[-41.94,-18.98],[-41.89,-18.93],[-41.76,-18.9],[-41.54,-19.01],[-41.56,-19.1],[-41.62,-19.12],[-41.63,-19.18],[-41.71,-19.09]]]}},{"type":"Feature","properties":{"codarea":"3169604"},"geometry":{"type":"Polygon","coordinates":[[[-49.0,-18.54],[-49.04,-18.51],[-49.03,-18.43],[-49.05,-18.4],[-48.96,-18.32],[-48.92,-18.31],[-48.83,-18.35],[-48.83,-18.38],[-48.65,-18.34],[-48.59,-18.41],[-48.6,-18.48],[-48.52,-18.59],[-48.53,-18.63],[-48.5,-18.76],[-48.6,-18.84],[-48.58,-18.8],[-48.63,-18.76],[-48.83,-18.69],[-48.83,-18.61],[-49.0,-18.54]]]}},{"type":"Feature","properties":{"codarea":"3169703"},"geometry":{"type":"Polygon","coordinates":[[[-42.87,-17.4],[-42.94,-17.32],[-43.0,-17.36],[-43.08,-17.25],[-42.9,-17.04],[-42.8,-17.02],[-42.83,-17.18],[-42.69,-17.13],[-42.66,-17.16],[-42.69,-17.2],[-42.7,-17.32],[-42.61,-17.38],[-42.6,-17.34],[-42.57,-17.35],[-42.56,-17.48],[-42.6,-17.5],[-42.63,-17.42],[-42.68,-17.4],[-42.73,-17.33],[-42.87,-17.4]]]}},{"type":"Feature","properties":{"codarea":"3169802"},"geometry":{"type":"Polygon","coordinates":[[[-45.85,-21.96],[-45.88,-21.85],[-45.85,-21.81],[-45.73,-21.81],[-45.73,-21.95],[-45.85,-21.96]]]}},{"type":"Feature","properties":{"codarea":"3169901"},"geometry":{"type":"Polygon","coordinates":[[[-43.1,-21.11],[-43.1,-20.96],[-43.01,-21.04],[-42.92,-21.01],[-42.85,-21.11],[-42.88,-21.2],[-42.86,-21.24],[-42.97,-21.26],[-42.92,-21.21],[-42.96,-21.16],[-43.1,-21.11]]]}},{"type":"Feature","properties":{"codarea":"3170008"},"geometry":{"type":"Polygon","coordinates":[[[-44.72,-16.18],[-44.67,-16.21],[-44.67,-16.34],[-44.7,-16.38],[-44.97,-16.55],[-44.96,-16.49],[-45.03,-16.45],[-45.07,-16.47],[-45.04,-16.42],[-45.07,-16.41],[-45.06,-16.36],[-44.96,-16.35],[-44.72,-16.18]]]}},{"type":"Feature","properties":{"codarea":"3170057"},"geometry":{"type":"Polygon","coordinates":[[[-42.16,-19.62],[-42.05,-19.6],[-42.04,-19.63],[-42.0,-19.62],[-41.97,-19.66],[-42.02,-19.71],[-42.07,-19.69],[-42.11,-19.74],[-42.16,-19.62]]]}},{"type":"Feature","properties":{"codarea":"3170107"},"geometry":{"type":"Polygon","coordinates":[[[-48.15,-19.88],[-48.33,-19.74],[-48.18,-19.69],[-48.15,-19.58],[-48.27,-19.44],[-48.36,-19.41],[-48.35,-19.37],[-48.23,-19.19],[-48.15,-19.16],[-48.09,-19.24],[-48.0,-19.25],[-47.96,-19.34],[-47.9,-19.26],[-47.91,-19.1],[-47.85,-19.09],[-47.79,-19.25],[-47.77,-19.52],[-47.69,-19.57],[-47.62,-19.57],[-47.59,-19.62],[-47.64,-19.68],[-47.69,-19.86],[-47.76,-19.9],[-47.84,-19.87],[-47.9,-20.13],[-48.04,-19.95],[-48.01,-19.9],[-48.11,-19.84],[-48.15,-19.88]]]}},{"type":"Feature","properties":{"codarea":"3170206"},"geometry":{"type":"Polygon","coordinates":[[[-48.06,-18.89],[-47.91,-19.1],[-47.9,-19.26],[-47.96,-19.34],[-48.0,-19.25],[-48.09,-19.24],[-48.15,-19.16],[-48.23,-19.19],[-48.23,-19.22],[-48.31,-19.28],[-48.36,-19.41],[-48.4,-19.41],[-48.57,-19.23],[-48.72,-19.18],[-48.82,-19.1],[-48.71,-19.07],[-48.63,-18.95],[-48.57,-18.99],[-48.54,-18.97],[-48.52,-18.9],[-48.6,-18.84],[-48.5,-18.76],[-48.53,-18.63],[-48.52,-18.59],[-48.44,-18.66],[-48.33,-18.64],[-48.31,-18.73],[-48.26,-18.74],[-48.26,-18.78],[-48.17,-18.78],[-48.06,-18.89]]]}},{"type":"Feature","properties":{"codarea":"3170305"},"geometry":{"type":"Polygon","coordinates":[[[-40.55,-17.28],[-40.64,-17.39],[-40.69,-17.39],[-40.75,-17.35],[-40.78,-17.26],[-40.76,-17.16],[-40.7,-17.21],[-40.63,-17.2],[-40.58,-17.15],[-40.55,-17.28]]]}},{"type":"Feature","properties":{"codarea":"3170404"},"geometry":{"type":"Polygon","coordinates":[[[-47.23,-16.72],[-47.25,-16.66],[-47.46,-16.5],[-47.32,-16.21],[-47.01,-16.19],[-46.99,-16.1],[-46.93,-16.13],[-46.89,-16.12],[-46.95,-16.0],[-46.95,-15.92],[-46.82,-15.89],[-46.73,-15.81],[-46.64,-15.79],[-46.46,-15.85],[-46.46,-15.9],[-46.39,-15.98],[-46.43,-16.04],[-46.38,-16.09],[-46.38,-16.17],[-46.31,-16.3],[-46.38,-16.26],[-46.46,-16.29],[-46.51,-16.38],[-46.56,-16.37],[-46.53,-16.45],[-46.56,-16.63],[-46.44,-16.72],[-46.39,-16.82],[-46.21,-16.96],[-46.24,-16.98],[-46.42,-16.89],[-46.56,-16.88],[-46.65,-16.79],[-46.85,-16.9],[-46.92,-16.84],[-46.93,-16.7],[-47.02,-16.6],[-47.21,-16.74],[-47.23,-16.72]]]}},{"type":"Feature","properties":{"codarea":"3170438"},"geometry":{"type":"Polygon","coordinates":[[[-50.45,-19.58],[-50.52,-19.43],[-50.47,-19.32],[-50.52,-19.26],[-50.4,-19.22],[-50.17,-19.3],[-50.19,-19.51],[-50.23,-19.58],[-50.34,-19.55],[-50.36,-19.58],[-50.45,-19.58]]]}},{"type":"Feature","properties":{"codarea":"3170479"},"geometry":{"type":"Polygon","coordinates":[[[-46.23,-16.24],[-46.28,-16.32],[-46.34,-16.25],[-46.38,-16.09],[-46.43,-16.04],[-46.39,-15.98],[-46.46,-15.9],[-46.45,-15.88],[-46.19,-16.03],[-46.23,-16.13],[-46.29,-16.17],[-46.23,-16.24]]]}},{"type":"Feature","properties":{"codarea":"3170503"},"geometry":{"type":"Polygon","coordinates":[[[-42.67,-20.27],[-42.66,-20.33],[-42.72,-20.38],[-42.79,-20.37],[-42.81,-20.32],[-42.76,-20.27],[-42.68,-20.29],[-42.67,-20.27]]]}},{"type":"Feature","properties":{"codarea":"3170529"},"geometry":{"type":"Polygon","coordinates":[[[-45.66,-16.18],[-45.75,-16.13],[-45.8,-16.17],[-45.86,-16.17],[-45.91,-16.11],[-45.81,-16.06],[-45.78,-15.95],[-45.59,-15.72],[-45.47,-15.78],[-45.37,-15.89],[-45.44,-15.98],[-45.37,-16.09],[-45.39,-16.12],[-45.36,-16.15],[-45.36,-16.22],[-45.3,-16.27],[-45.37,-16.32],[-45.42,-16.28],[-45.48,-16.3],[-45.61,-16.18],[-45.66,-16.18]]]}},{"type":"Feature","properties":{"codarea":"3170578"},"geometry":{"type":"Polygon","coordinates":[[[-42.26,-19.58],[-42.28,-19.65],[-42.36,-19.65],[-42.4,-19.6],[-42.3,-19.54],[-42.26,-19.58]]]}},{"type":"Feature","properties":{"codarea":"3170602"},"geometry":{"type":"Polygon","coordinates":[[[-46.47,-20.39],[-46.39,-20.32],[-46.33,-20.36],[-46.21,-20.34],[-46.29,-20.43],[-46.26,-20.46],[-46.21,-20.45],[-46.22,-20.51],[-46.29,-20.56],[-46.34,-20.55],[-46.42,-20.48],[-46.42,-20.41],[-46.47,-20.39]]]}},{"type":"Feature","properties":{"codarea":"3170651"},"geometry":{"type":"Polygon","coordinates":[[[-42.23,-15.42],[-42.25,-15.46],[-42.32,-15.47],[-42.42,-15.45],[-42.35,-15.31],[-42.34,-15.2],[-42.21,-15.22],[-42.23,-15.42]]]}},{"type":"Feature","properties":{"codarea":"3170701"},"geometry":{"type":"Polygon","coordinates":[[[-45.42,-21.67],[-45.52,-21.6],[-45.55,-21.5],[-45.49,-21.51],[-45.49,-21.48],[-45.44,-21.46],[-45.25,-21.55],[-45.28,-21.6],[-45.33,-21.58],[-45.35,-21.63],[-45.39,-21.63],[-45.42,-21.67]]]}},{"type":"Feature","properties":{"codarea":"3170750"},"geometry":{"type":"Polygon","coordinates":[[[-46.01,-18.33],[-45.92,-18.39],[-45.75,-18.41],[-45.83,-18.59],[-46.11,-18.52],[-46.09,-18.42],[-46.01,-18.33]]]}},{"type":"Feature","properties":{"codarea":"3170800"},"geometry":{"type":"Polygon","coordinates":[[[-45.01,-17.72],[-45.05,-17.61],[-44.98,-17.55],[-44.99,-17.52],[-44.9,-17.55],[-44.88,-17.52],[-44.75,-17.47],[-44.79,-17.32],[-44.77,-17.29],[-44.86,-17.17],[-44.79,-17.1],[-44.81,-17.05],[-44.77,-17.05],[-44.65,-17.17],[-44.69,-17.22],[-44.61,-17.33],[-44.63,-17.36],[-44.43,-17.46],[-44.47,-17.6],[-44.56,-17.62],[-44.61,-17.78],[-44.65,-17.76],[-44.65,-17.69],[-44.74,-17.71],[-44.75,-17.76],[-45.01,-17.72]]]}},{"type":"Feature","properties":{"codarea":"3170909"},"geometry":{"type":"Polygon","coordinates":[[[-44.06,-15.77],[-44.08,-15.65],[-44.03,-15.49],[-43.97,-15.53],[-43.88,-15.49],[-43.78,-15.54],[-43.84,-15.65],[-43.76,-15.78],[-43.88,-15.75],[-44.06,-15.77]]]}},{"type":"Feature","properties":{"codarea":"3171006"},"geometry":{"type":"Polygon","coordinates":[[[-46.95,-18.21],[-46.99,-18.23],[-47.0,-18.19],[-47.09,-18.2],[-47.09,-18.12],[-47.17,-18.0],[-47.16,-17.96],[-46.97,-17.9],[-46.92,-17.72],[-46.86,-17.61],[-46.8,-17.59],[-46.74,-17.62],[-46.66,-17.54],[-46.59,-17.52],[-46.61,-17.65],[-46.57,-17.75],[-46.67,-17.77],[-46.77,-17.95],[-46.89,-18.07],[-46.92,-18.07],[-46.95,-18.21]]]}},{"type":"Feature","properties":{"codarea":"3171030"},"geometry":{"type":"Polygon","coordinates":[[[-43.44,-15.36],[-43.36,-15.47],[-43.39,-15.53],[-43.51,-15.66],[-43.76,-15.78],[-43.84,-15.65],[-43.78,-15.54],[-43.91,-15.49],[-43.73,-15.38],[-43.65,-15.4],[-43.44,-15.36]]]}},{"type":"Feature","properties":{"codarea":"3171071"},"geometry":{"type":"Polygon","coordinates":[[[-42.6,-17.5],[-42.54,-17.62],[-42.59,-17.63],[-42.66,-17.59],[-42.65,-17.55],[-42.72,-17.55],[-42.76,-17.63],[-42.88,-17.5],[-42.86,-17.48],[-42.88,-17.45],[-42.87,-17.4],[-42.73,-17.33],[-42.68,-17.4],[-42.63,-17.42],[-42.6,-17.5]]]}},{"type":"Feature","properties":{"codarea":"3171105"},"geometry":{"type":"Polygon","coordinates":[[[-48.33,-19.74],[-48.35,-19.82],[-48.45,-19.78],[-48.46,-19.65],[-48.55,-19.54],[-48.44,-19.52],[-48.4,-19.41],[-48.27,-19.44],[-48.15,-19.58],[-48.18,-19.69],[-48.33,-19.74]]]}},{"type":"Feature","properties":{"codarea":"3171154"},"geometry":{"type":"Polygon","coordinates":[[[-42.2,-20.0],[-42.21,-20.09],[-42.32,-20.05],[-42.31,-20.01],[-42.25,-19.98],[-42.2,-20.0]]]}},{"type":"Feature","properties":{"codarea":"3171204"},"geometry":{"type":"Polygon","coordinates":[[[-43.95,-19.78],[-43.98,-19.78],[-44.01,-19.74],[-43.94,-19.7],[-43.96,-19.67],[-43.89,-19.72],[-43.95,-19.78]]]}},{"type":"Feature","properties":{"codarea":"3171303"},"geometry":{"type":"Polygon","coordinates":[[[-43.0,-20.76],[-43.0,-20.71],[-42.93,-20.66],[-42.88,-20.7],[-42.78,-20.67],[-42.79,-20.7],[-42.75,-20.75],[-42.83,-20.76],[-42.85,-20.84],[-43.0,-20.76]]]}},{"type":"Feature","properties":{"codarea":"3171402"},"geometry":{"type":"Polygon","coordinates":[[[-42.3,-21.0],[-42.35,-20.96],[-42.32,-20.9],[-42.21,-20.82],[-42.3,-21.0]]]}},{"type":"Feature","properties":{"codarea":"3171501"},"geometry":{"type":"Polygon","coordinates":[[[-41.83,-18.66],[-42.02,-18.64],[-42.01,-18.55],[-41.97,-18.53],[-41.93,-18.58],[-41.89,-18.57],[-41.83,-18.66]]]}},{"type":"Feature","properties":{"codarea":"3171600"},"geometry":{"type":"Polygon","coordinates":[[[-42.17,-16.77],[-42.14,-16.82],[-42.19,-16.86],[-42.34,-16.86],[-42.39,-16.91],[-42.42,-16.86],[-42.4,-16.77],[-42.47,-16.78],[-42.48,-16.73],[-42.42,-16.63],[-42.47,-16.49],[-42.38,-16.47],[-42.37,-16.51],[-42.32,-16.51],[-42.29,-16.55],[-42.31,-16.66],[-42.25,-16.73],[-42.21,-16.71],[-42.21,-16.76],[-42.17,-16.77]]]}},{"type":"Feature","properties":{"codarea":"3171709"},"geometry":{"type":"Polygon","coordinates":[[[-45.01,-22.28],[-45.05,-22.41],[-45.1,-22.46],[-45.22,-22.37],[-45.16,-22.27],[-45.08,-22.23],[-45.01,-22.28]]]}},{"type":"Feature","properties":{"codarea":"3171808"},"geometry":{"type":"Polygon","coordinates":[[[-42.72,-18.65],[-42.63,-18.66],[-42.62,-18.7],[-42.53,-18.72],[-42.64,-18.77],[-42.62,-18.87],[-42.58,-18.84],[-42.54,-18.87],[-42.56,-18.94],[-42.73,-18.89],[-42.78,-18.71],[-42.72,-18.69],[-42.72,-18.65]]]}},{"type":"Feature","properties":{"codarea":"3171907"},"geometry":{"type":"Polygon","coordinates":[[[-42.37,-18.52],[-42.41,-18.48],[-42.38,-18.37],[-42.21,-18.38],[-42.2,-18.41],[-42.27,-18.43],[-42.28,-18.49],[-42.23,-18.54],[-42.28,-18.56],[-42.37,-18.52]]]}},{"type":"Feature","properties":{"codarea":"3172004"},"geometry":{"type":"Polygon","coordinates":[[[-42.92,-21.01],[-42.94,-20.98],[-42.91,-20.94],[-42.76,-20.97],[-42.79,-21.1],[-42.85,-21.11],[-42.92,-21.01]]]}},{"type":"Feature","properties":{"codarea":"3172103"},"geometry":{"type":"Polygon","coordinates":[[[-42.62,-21.7],[-42.56,-21.68],[-42.48,-21.72],[-42.46,-21.79],[-42.61,-21.85],[-42.64,-21.76],[-42.62,-21.7]]]}},{"type":"Feature","properties":{"codarea":"3172202"},"geometry":{"type":"Polygon","coordinates":[[[-45.36,-22.47],[-45.34,-22.52],[-45.4,-22.61],[-45.48,-22.59],[-45.36,-22.47]]]}}]}