{"type":"FeatureCollection","features":[{"type":"Feature","properties":{"codarea":"3100104"},"geometry":{"type":"Polygon","coordinates":[[[-47.453,-18.467],[-47.481,-18.456],[-47.489,-18.419],[-47.512,-18.398],[-47.578,-18.408],[-47.647,-18.352],[-47.68,-18.356],[-47.61,-18.316],[-47.633,-18.292],[-47.607,-18.246],[-47.568,-18.211],[-47.539,-18.217],[-47.497,-18.199],[-47.451,-18.16],[-47.43,-18.165],[-47.411,-18.221],[-47.371,-18.224],[-47.381,-18.262],[-47.347,-18.317],[-47.36,-18.346],[-47.313,-18.423],[-47.315,-18.462],[-47.333,-18.505],[-47.33,-18.535],[-47.297,-18.553],[-47.332,-18.588],[-47.341,-18.561],[-47.372,-18.536],[-47.415,-18.532],[-47.45,-18.512],[-47.453,-18.467]]]}},{"type":"Feature","properties":{"codarea":"3100203"},"geometry":{"type":"Polygon","coordinates":[[[-45.65,-19.201],[-45.625,-19.154],[-45.656,-19.105],[-45.641,-19.042],[-45.66,-19.011],[-45.645,-18.958],[-45.62,-18.945],[-45.568,-18.961],[-45.55,-18.99],[-45.465,-19.014],[-45.415,-19.014],[-45.365,-18.981],[-45.343,-18.985],[-45.239,-18.913],[-45.207,-18.933],[-45.184,-18.876],[-45.168,-18.891],[-45.123,-18.893],[-45.125,-18.938],[-45.109,-18.965],[-45.119,-19.057],[-45.081,-19.09],[-45.106,-19.111],[-45.096,-19.151],[-45.139,-19.21],[-45.188,-19.238],[-45.211,-19.221],[-45.236,-19.269],[-45.295,-19.281],[-45.312,-19.314],[-45.335,-19.317],[-45.393,-19.295],[-45.403,-19.269],[-45.453,-19.256],[-45.517,-19.255],[-45.502,-19.22],[-45.533,-19.198],[-45.581,-19.223],[-45.628,-19.228],[-45.65,-19.201]]]}},{"type":"Feature","properties":{"codarea":"3100302"},"geometry":{"type":"Polygon","coordinates":[[[-42.434,-20.435],[-42.504,-20.419],[-42.527,-20.425],[-42.514,-20.37],[-42.543,-20.36],[-42.558,-20.344],[-42.542,-20.297],[-42.555,-20.268],[-42.531,-20.252],[-42.518,-20.213],[-42.496,-20.195],[-42.44,-20.186],[-42.42,-20.144],[-42.381,-20.122],[-42.356,-20.14],[-42.311,-20.143],[-42.315,-20.202],[-42.321,-20.233],[-42.367,-20.252],[-42.411,-20.319],[-42.419,-20.414],[-42.434,-20.435]]]}},{"type":"Feature","properties":{"codarea":"3100401"},"geometry":{"type":"Polygon","coordinates":[[[-43.133,-20.341],[-43.079,-20.364],[-43.052,-20.403],[-43.024,-20.41],[-43.036,-20.449],[-43.053,-20.456],[-43.077,-20.432],[-43.125,-20.449],[-43.123,-20.43],[-43.168,-20.4],[-43.164,-20.363],[-43.133,-20.341]]]}},{"type":"Feature","properties":{"codarea":"3100500"},"geometry":{"type":"Polygon","coordinates":[[[-42.519,-19.157],[-42.57,-19.168],[-42.623,-19.119],[-42.661,-19.125],[-42.664,-19.098],[-42.589,-19.023],[-42.616,-18.991],[-42.595,-18.962],[-42.556,-18.94],[-42.485,-18.963],[-42.445,-18.939],[-42.362,-18.926],[-42.355,-18.961],[-42.277,-18.972],[-42.246,-18.993],[-42.208,-18.984],[-42.295,-19.084],[-42.35,-19.092],[-42.353,-19.147],[-42.4,-19.187],[-42.353,-19.224],[-42.383,-19.221],[-42.41,-19.191],[-42.483,-19.155],[-42.519,-19.157]]]}},{"type":"Feature","properties":{"codarea":"3100609"},"geometry":{"type":"Polygon","coordinates":[[[-42.42,-18.006],[-42.462,-17.923],[-42.487,-17.927],[-42.488,-17.882],[-42.465,-17.836],[-42.411,-17.795],[-42.376,-17.8],[-42.373,-17.767],[-42.323,-17.784],[-42.267,-17.788],[-42.282,-17.85],[-42.246,-17.91],[-42.196,-17.955],[-42.184,-17.993],[-42.148,-18.016],[-42.094,-18.083],[-42.06,-18.104],[-42.05,-18.146],[-42.048,-18.195],[-42.089,-18.212],[-42.066,-18.261],[-42.088,-18.261],[-42.149,-18.227],[-42.199,-18.22],[-42.209,-18.244],[-42.251,-18.233],[-42.301,-18.174],[-42.362,-18.174],[-42.387,-18.122],[-42.415,-18.1],[-42.409,-18.026],[-42.42,-18.006]]]}},{"type":"Feature","properties":{"codarea":"3100708"},"geometry":{"type":"Polygon","coordinates":[[[-48.154,-19.883],[-48.106,-19.844],[-48.068,-19.853],[-48.015,-19.895],[-48.009,-19.911],[-48.035,-19.954],[-47.994,-19.994],[-47.981,-20.036],[-48.001,-20.101],[-48.02,-20.124],[-48.077,-20.148],[-48.105,-20.146],[-48.179,-20.096],[-48.203,-20.046],[-48.137,-20.011],[-48.127,-19.984],[-48.168,-19.947],[-48.154,-19.883]]]}},{"type":"Feature","properties":{"codarea":"3100807"},"geometry":{"type":"Polygon","coordinates":[[[-45.537,-20.938],[-45.464,-20.925],[-45.431,-20.891],[-45.382,-20.896],[-45.364,-20.913],[-45.361,-20.957],[-45.342,-21.014],[-45.343,-21.069],[-45.394,-21.078],[-45.419,-21.023],[-45.469,-21.021],[-45.525,-20.973],[-45.537,-20.938]]]}},{"type":"Feature","properties":{"codarea":"3100906"},"geometry":{"type":"Polygon","coordinates":[[[-40.799,-17.137],[-40.842,-17.108],[-40.88,-17.12],[-40.972,-17.174],[-41.032,-17.131],[-41.055,-17.164],[-41.1,-17.129],[-41.126,-17.125],[-41.121,-17.114],[-41.16,-17.043],[-41.194,-17.038],[-41.157,-17.018],[-41.122,-16.965],[-41.094,-16.944],[-41.057,-16.96],[-41.039,-16.927],[-41.0,-16.93],[-40.966,-16.899],[-40.915,-16.918],[-40.88,-16.964],[-40.805,-16.975],[-40.808,-17.002],[-40.787,-17.046],[-40.774,-17.104],[-40.799,-17.137]]]}},{"type":"Feature","properties":{"codarea":"3101003"},"geometry":{"type":"Polygon","coordinates":[[[-41.364,-15.493],[-41.356,-15.5],[-41.342,-15.639],[-41.417,-15.636],[-41.413,-15.658],[-41.428,-15.712],[-41.381,-15.736],[-41.343,-15.801],[-41.384,-15.812],[-41.434,-15.87],[-41.463,-15.881],[-41.489,-15.858],[-41.519,-15.879],[-41.53,-15.912],[-41.587,-15.903],[-41.611,-15.956],[-41.634,-15.965],[-41.62,-15.937],[-41.651,-15.901],[-41.643,-15.881],[-41.591,-15.857],[-41.604,-15.793],[-41.657,-15.812],[-41.697,-15.801],[-41.667,-15.795],[-41.644,-15.747],[-41.64,-15.716],[-41.673,-15.668],[-41.616,-15.655],[-41.603,-15.635],[-41.647,-15.605],[-41.669,-15.617],[-41.713,-15.611],[-41.748,-15.589],[-41.713,-15.576],[-41.692,-15.524],[-41.704,-15.509],[-41.678,-15.505],[-41.588,-15.521],[-41.528,-15.518],[-41.503,-15.527],[-41.447,-15.487],[-41.421,-15.482],[-41.364,-15.493]]]}},{"type":"Feature","properties":{"codarea":"3101102"},"geometry":{"type":"Polygon","coordinates":[[[-40.966,-19.424],[-40.945,-19.461],[-40.988,-19.508],[-41.041,-19.516],[-41.037,-19.57],[-41.099,-19.604],[-41.109,-19.64],[-41.169,-19.672],[-41.174,-19.716],[-41.191,-19.746],[-41.175,-19.767],[-41.164,-19.806],[-41.184,-19.849],[-41.187,-19.892],[-41.23,-19.907],[-41.245,-19.937],[-41.298,-19.938],[-41.287,-19.863],[-41.337,-19.831],[-41.329,-19.817],[-41.359,-19.762],[-41.393,-19.749],[-41.381,-19.712],[-41.386,-19.658],[-41.364,-19.632],[-41.382,-19.588],[-41.432,-19.541],[-41.35,-19.49],[-41.296,-19.5],[-41.276,-19.492],[-41.257,-19.495],[-41.159,-19.454],[-41.084,-19.392],[-41.034,-19.377],[-40.966,-19.424]]]}},{"type":"Feature","properties":{"codarea":"3101201"},"geometry":{"type":"Polygon","coordinates":[[[-44.541,-22.129],[-44.56,-22.16],[-44.6,-22.157],[-44.655,-22.128],[-44.679,-22.135],[-44.674,-22.088],[-44.71,-22.004],[-44.755,-21.936],[-44.752,-21.824],[-44.724,-21.765],[-44.692,-21.743],[-44.646,-21.774],[-44.626,-21.812],[-44.582,-21.836],[-44.6,-21.868],[-44.558,-21.904],[-44.566,-21.94],[-44.556,-21.969],[-44.582,-22.029],[-44.547,-22.053],[-44.528,-22.083],[-44.541,-22.129]]]}},{"type":"Feature","properties":{"codarea":"3101300"},"geometry":{"type":"Polygon","coordinates":[[[-44.56,-22.16],[-44.572,-22.201],[-44.607,-22.226],[-44.761,-22.222],[-44.767,-22.201],[-44.72,-22.179],[-44.723,-22.149],[-44.655,-22.128],[-44.6,-22.157],[-44.56,-22.16]]]}},{"type":"Feature","properties":{"codarea":"3101409"},"geometry":{"type":"Polygon","coordinates":[[[-46.533,-22.186],[-46.575,-22.22],[-46.68,-22.216],[-46.672,-22.178],[-46.567,-22.176],[-46.533,-22.186]]]}},{"type":"Feature","properties":{"codarea":"3101508"},"geometry":{"type":"Polygon","coordinates":[[[-42.91,-21.991],[-42.92,-21.93],[-42.907,-21.908],[-42.887,-21.899],[-42.899,-21.891],[-42.88,-21.866],[-42.882,-21.832],[-42.831,-21.849],[-42.78,-21.838],[-42.758,-21.774],[-42.756,-21.701],[-42.729,-21.665],[-42.7,-21.686],[-42.623,-21.702],[-42.64,-21.761],[-42.603,-21.818],[-42.606,-21.846],[-42.788,-21.93],[-42.881,-21.959],[-42.91,-21.991]]]}},{"type":"Feature","properties":{"codarea":"3101607"},"geometry":{"type":"Polygon","coordinates":[[[-45.981,-21.532],[-46.016,-21.501],[-46.064,-21.489],[-46.141,-21.504],[-46.145,-21.481],[-46.188,-21.469],[-46.185,-21.441],[-46.143,-21.415],[-46.077,-21.41],[-46.037,-21.391],[-46.012,-21.323],[-46.056,-21.308],[-46.017,-21.249],[-46.045,-21.215],[-46.044,-21.192],[-45.973,-21.14],[-45.948,-21.165],[-45.954,-21.235],[-45.904,-21.271],[-45.857,-21.284],[-45.826,-21.322],[-45.831,-21.394],[-45.844,-21.417],[-45.834,-21.461],[-45.858,-21.478],[-45.853,-21.587],[-45.905,-21.552],[-45.951,-21.556],[-45.981,-21.532]]]}},{"type":"Feature","properties":{"codarea":"3101631"},"geometry":{"type":"Polygon","coordinates":[[[-43.831,-21.146],[-43.811,-21.113],[-43.761,-21.111],[-43.716,-21.128],[-43.687,-21.121],[-43.659,-21.092],[-43.631,-21.095],[-43.601,-21.112],[-43.607,-21.13],[-43.715,-21.189],[-43.831,-21.146]]]}},{"type":"Feature","properties":{"codarea":"3101706"},"geometry":{"type":"Polygon","coordinates":[[[-40.97,-16.085],[-40.938,-16.097],[-40.912,-16.045],[-40.921,-15.975],[-40.963,-15.957],[-40.981,-15.936],[-40.964,-15.884],[-41.004,-15.863],[-41.01,-15.828],[-40.992,-15.838],[-40.963,-15.807],[-40.902,-15.833],[-40.841,-15.817],[-40.795,-15.839],[-40.718,-15.904],[-40.71,-15.974],[-40.676,-16.011],[-40.646,-15.924],[-40.52,-15.95],[-40.498,-15.973],[-40.491,-16.015],[-40.461,-16.046],[-40.426,-16.053],[-40.416,-16.121],[-40.47,-16.182],[-40.469,-16.195],[-40.51,-16.254],[-40.55,-16.274],[-40.569,-16.324],[-40.614,-16.378],[-40.635,-16.442],[-40.672,-16.454],[-40.645,-16.371],[-40.67,-16.322],[-40.722,-16.303],[-40.708,-16.27],[-40.752,-16.232],[-40.773,-16.275],[-40.812,-16.247],[-40.865,-16.237],[-40.928,-16.262],[-40.962,-16.258],[-40.989,-16.213],[-40.962,-16.176],[-40.989,-16.144],[-40.964,-16.11],[-40.97,-16.085]]]}},{"type":"Feature","properties":{"codarea":"3101805"},"geometry":{"type":"Polygon","coordinates":[[[-41.892,-18.933],[-41.938,-18.987],[-41.962,-18.988],[-42.054,-19.044],[-42.09,-19.052],[-42.127,-19.025],[-42.096,-19.001],[-42.091,-18.974],[-42.021,-18.927],[-41.963,-18.935],[-41.892,-18.933]]]}},{"type":"Feature","properties":{"codarea":"3101904"},"geometry":{"type":"Polygon","coordinates":[[[-46.457,-20.974],[-46.473,-20.949],[-46.528,-20.931],[-46.504,-20.925],[-46.469,-20.886],[-46.439,-20.814],[-46.412,-20.806],[-46.406,-20.738],[-46.381,-20.693],[-46.399,-20.674],[-46.358,-20.686],[-46.335,-20.713],[-46.327,-20.758],[-46.296,-20.787],[-46.29,-20.837],[-46.268,-20.866],[-46.261,-20.912],[-46.358,-20.99],[-46.412,-20.962],[-46.457,-20.974]]]}},{"type":"Feature","properties":{"codarea":"3102001"},"geometry":{"type":"Polygon","coordinates":[[[-46.24,-21.257],[-46.26,-21.257],[-46.293,-21.218],[-46.334,-21.203],[-46.349,-21.179],[-46.32,-21.184],[-46.292,-21.153],[-46.177,-21.197],[-46.145,-21.154],[-46.07,-21.147],[-46.044,-21.192],[-46.045,-21.215],[-46.017,-21.249],[-46.056,-21.308],[-46.118,-21.321],[-46.15,-21.294],[-46.24,-21.257]]]}},{"type":"Feature","properties":{"codarea":"3102050"},"geometry":{"type":"Polygon","coordinates":[[[-41.837,-20.409],[-41.803,-20.422],[-41.8,-20.477],[-41.85,-20.498],[-41.914,-20.488],[-41.921,-20.514],[-41.962,-20.505],[-41.873,-20.418],[-41.837,-20.409]]]}},{"type":"Feature","properties":{"codarea":"3102100"},"geometry":{"type":"Polygon","coordinates":[[[-43.417,-21.158],[-43.498,-21.115],[-43.536,-20.996],[-43.581,-20.949],[-43.523,-20.938],[-43.471,-20.939],[-43.419,-20.978],[-43.375,-20.976],[-43.347,-20.95],[-43.325,-20.979],[-43.291,-20.955],[-43.239,-20.969],[-43.256,-21.011],[-43.233,-21.048],[-43.243,-21.084],[-43.272,-21.058],[-43.353,-21.093],[-43.364,-21.152],[-43.417,-21.158]]]}},{"type":"Feature","properties":{"codarea":"3102209"},"geometry":{"type":"Polygon","coordinates":[[[-41.823,-19.427],[-41.768,-19.407],[-41.746,-19.358],[-41.704,-19.332],[-41.678,-19.38],[-41.57,-19.344],[-41.561,-19.373],[-41.572,-19.434],[-41.586,-19.443],[-41.638,-19.418],[-41.7,-19.499],[-41.758,-19.508],[-41.808,-19.456],[-41.823,-19.427]]]}},{"type":"Feature","properties":{"codarea":"3102308"},"geometry":{"type":"Polygon","coordinates":[[[-43.023,-20.014],[-42.974,-20.018],[-42.951,-20.006],[-42.928,-20.035],[-42.96,-20.055],[-42.959,-20.082],[-43.027,-20.163],[-43.06,-20.189],[-43.096,-20.173],[-43.151,-20.166],[-43.163,-20.177],[-43.192,-20.174],[-43.227,-20.202],[-43.253,-20.189],[-43.292,-20.214],[-43.356,-20.197],[-43.345,-20.14],[-43.316,-20.078],[-43.288,-20.054],[-43.264,-20.064],[-43.236,-20.045],[-43.183,-20.041],[-43.132,-20.059],[-43.086,-20.035],[-43.038,-20.034],[-43.023,-20.014]]]}},{"type":"Feature","properties":{"codarea":"3102407"},"geometry":{"type":"Polygon","coordinates":[[[-43.494,-18.747],[-43.426,-18.757],[-43.377,-18.695],[-43.336,-18.672],[-43.294,-18.689],[-43.229,-18.742],[-43.266,-18.797],[-43.326,-18.814],[-43.308,-18.868],[-43.379,-18.857],[-43.427,-18.881],[-43.453,-18.863],[-43.464,-18.81],[-43.485,-18.81],[-43.518,-18.778],[-43.494,-18.747]]]}},{"type":"Feature","properties":{"codarea":"3102506"},"geometry":{"type":"Polygon","coordinates":[[[-42.757,-20.456],[-42.724,-20.52],[-42.728,-20.54],[-42.779,-20.562],[-42.801,-20.606],[-42.87,-20.561],[-42.869,-20.531],[-42.841,-20.488],[-42.774,-20.453],[-42.757,-20.456]]]}},{"type":"Feature","properties":{"codarea":"3102605"},"geometry":{"type":"Polygon","coordinates":[[[-46.646,-22.181],[-46.613,-22.15],[-46.624,-22.108],[-46.647,-22.092],[-46.7,-22.095],[-46.719,-22.083],[-46.665,-22.069],[-46.685,-22.037],[-46.618,-21.995],[-46.603,-21.959],[-46.565,-21.933],[-46.515,-21.965],[-46.5,-22.009],[-46.469,-22.033],[-46.436,-22.037],[-46.453,-22.095],[-46.432,-22.121],[-46.43,-22.148],[-46.489,-22.184],[-46.533,-22.186],[-46.567,-22.176],[-46.646,-22.181]]]}},{"type":"Feature","properties":{"codarea":"3102704"},"geometry":{"type":"Polygon","coordinates":[[[-41.457,-16.047],[-41.481,-16.062],[-41.477,-16.092],[-41.542,-16.108],[-41.546,-16.066],[-41.594,-16.084],[-41.618,-16.08],[-41.682,-16.111],[-41.706,-16.085],[-41.7,-16.037],[-41.663,-16.02],[-41.634,-15.965],[-41.611,-15.956],[-41.587,-15.903],[-41.53,-15.912],[-41.519,-15.879],[-41.489,-15.858],[-41.463,-15.881],[-41.434,-15.87],[-41.384,-15.812],[-41.327,-15.841],[-41.293,-15.845],[-41.275,-15.864],[-41.301,-15.925],[-41.401,-15.96],[-41.457,-16.047]]]}},{"type":"Feature","properties":{"codarea":"3102803"},"geometry":{"type":"Polygon","coordinates":[[[-44.221,-21.567],[-44.188,-21.564],[-44.164,-21.589],[-44.165,-21.612],[-44.137,-21.656],[-44.077,-21.663],[-44.071,-21.73],[-44.091,-21.797],[-44.121,-21.804],[-44.136,-21.828],[-44.174,-21.828],[-44.228,-21.844],[-44.232,-21.893],[-44.271,-21.894],[-44.286,-21.929],[-44.319,-21.925],[-44.327,-21.87],[-44.399,-21.866],[-44.441,-21.873],[-44.456,-21.796],[-44.492,-21.79],[-44.497,-21.773],[-44.459,-21.732],[-44.421,-21.712],[-44.385,-21.714],[-44.349,-21.688],[-44.356,-21.656],[-44.399,-21.621],[-44.386,-21.586],[-44.328,-21.597],[-44.271,-21.577],[-44.243,-21.613],[-44.221,-21.567]]]}},{"type":"Feature","properties":{"codarea":"3102852"},"geometry":{"type":"Polygon","coordinates":[[[-42.288,-17.596],[-42.251,-17.615],[-42.257,-17.651],[-42.234,-17.677],[-42.214,-17.74],[-42.214,-17.771],[-42.267,-17.788],[-42.323,-17.784],[-42.3,-17.73],[-42.369,-17.68],[-42.327,-17.637],[-42.283,-17.632],[-42.288,-17.596]]]}},{"type":"Feature","properties":{"codarea":"3102902"},"geometry":{"type":"Polygon","coordinates":[[[-43.823,-21.509],[-43.857,-21.413],[-43.891,-21.383],[-43.88,-21.353],[-43.886,-21.322],[-43.861,-21.29],[-43.791,-21.276],[-43.781,-21.296],[-43.71,-21.305],[-43.681,-21.346],[-43.631,-21.376],[-43.687,-21.385],[-43.71,-21.413],[-43.677,-21.432],[-43.673,-21.463],[-43.649,-21.497],[-43.685,-21.529],[-43.682,-21.57],[-43.706,-21.585],[-43.74,-21.532],[-43.815,-21.526],[-43.823,-21.509]]]}},{"type":"Feature","properties":{"codarea":"3103009"},"geometry":{"type":"Polygon","coordinates":[[[-42.877,-19.432],[-42.821,-19.409],[-42.77,-19.412],[-42.746,-19.47],[-42.742,-19.514],[-42.725,-19.531],[-42.667,-19.528],[-42.783,-19.62],[-42.808,-19.691],[-42.8,-19.712],[-42.857,-19.74],[-42.908,-19.75],[-42.917,-19.714],[-42.95,-19.714],[-42.984,-19.636],[-43.002,-19.629],[-43.006,-19.578],[-43.044,-19.565],[-43.044,-19.517],[-43.064,-19.467],[-43.046,-19.423],[-42.981,-19.499],[-42.967,-19.531],[-42.912,-19.514],[-42.911,-19.482],[-42.877,-19.432]]]}},{"type":"Feature","properties":{"codarea":"3103108"},"geometry":{"type":"Polygon","coordinates":[[[-42.085,-21.023],[-42.08,-21.03],[-42.118,-21.075],[-42.145,-21.072],[-42.173,-21.041],[-42.219,-21.025],[-42.218,-21.008],[-42.165,-20.974],[-42.151,-20.974],[-42.141,-20.993],[-42.085,-21.023]]]}},{"type":"Feature","properties":{"codarea":"3103207"},"geometry":{"type":"Polygon","coordinates":[[[-44.273,-19.34],[-44.24,-19.267],[-44.298,-19.243],[-44.297,-19.215],[-44.242,-19.164],[-44.205,-19.174],[-44.181,-19.161],[-44.161,-19.227],[-44.138,-19.244],[-44.16,-19.293],[-44.231,-19.307],[-44.273,-19.34]]]}},{"type":"Feature","properties":{"codarea":"3103306"},"geometry":{"type":"Polygon","coordinates":[[[-43.372,-21.285],[-43.324,-21.297],[-43.353,-21.358],[-43.398,-21.387],[-43.472,-21.412],[-43.47,-21.372],[-43.372,-21.285]]]}},{"type":"Feature","properties":{"codarea":"3103405"},"geometry":{"type":"Polygon","coordinates":[[[-42.043,-16.584],[-42.009,-16.579],[-41.989,-16.596],[-41.972,-16.643],[-41.902,-16.677],[-41.899,-16.728],[-41.912,-16.789],[-41.898,-16.811],[-41.853,-16.802],[-41.798,-16.811],[-41.757,-16.865],[-41.743,-16.899],[-41.711,-16.889],[-41.693,-16.911],[-41.648,-16.924],[-41.627,-16.945],[-41.674,-16.987],[-41.708,-16.97],[-41.751,-16.993],[-41.763,-17.02],[-41.797,-17.024],[-41.814,-17.056],[-41.843,-17.032],[-41.866,-17.056],[-41.853,-17.091],[-41.868,-17.109],[-41.965,-17.085],[-41.954,-17.122],[-41.951,-17.193],[-42.063,-17.183],[-42.08,-17.212],[-42.112,-17.204],[-42.151,-17.167],[-42.171,-17.165],[-42.224,-17.098],[-42.257,-16.992],[-42.231,-16.959],[-42.167,-16.927],[-42.163,-16.908],[-42.192,-16.852],[-42.142,-16.816],[-42.14,-16.785],[-42.174,-16.767],[-42.151,-16.743],[-42.095,-16.728],[-42.042,-16.631],[-42.043,-16.584]]]}},{"type":"Feature","properties":{"codarea":"3103504"},"geometry":{"type":"Polygon","coordinates":[[[-48.517,-18.595],[-48.533,-18.559],[-48.56,-18.554],[-48.57,-18.5],[-48.604,-18.478],[-48.593,-18.412],[-48.654,-18.343],[-48.561,-18.324],[-48.554,-18.347],[-48.516,-18.366],[-48.469,-18.371],[-48.442,-18.357],[-48.4,-18.373],[-48.342,-18.371],[-48.318,-18.367],[-48.272,-18.329],[-48.227,-18.346],[-48.221,-18.362],[-48.159,-18.375],[-48.147,-18.41],[-48.094,-18.431],[-48.047,-18.418],[-47.997,-18.453],[-47.955,-18.5],[-47.951,-18.539],[-47.981,-18.595],[-47.974,-18.639],[-47.893,-18.66],[-47.893,-18.676],[-47.873,-18.712],[-47.874,-18.829],[-47.955,-18.847],[-47.985,-18.877],[-48.019,-18.867],[-48.061,-18.886],[-48.114,-18.843],[-48.111,-18.817],[-48.15,-18.814],[-48.168,-18.776],[-48.222,-18.758],[-48.258,-18.775],[-48.261,-18.739],[-48.31,-18.725],[-48.329,-18.642],[-48.395,-18.634],[-48.438,-18.66],[-48.49,-18.599],[-48.517,-18.595]]]}},{"type":"Feature","properties":{"codarea":"3103603"},"geometry":{"type":"Polygon","coordinates":[[[-44.174,-21.828],[-44.171,-21.884],[-44.197,-21.891],[-44.225,-21.946],[-44.257,-21.975],[-44.286,-21.929],[-44.271,-21.894],[-44.232,-21.893],[-44.228,-21.844],[-44.174,-21.828]]]}},{"type":"Feature","properties":{"codarea":"3103702"},"geometry":{"type":"Polygon","coordinates":[[[-42.651,-20.759],[-42.589,-20.746],[-42.568,-20.693],[-42.558,-20.599],[-42.487,-20.578],[-42.486,-20.557],[-42.44,-20.559],[-42.379,-20.589],[-42.41,-20.635],[-42.409,-20.655],[-42.48,-20.721],[-42.471,-20.75],[-42.479,-20.76],[-42.514,-20.753],[-42.542,-20.777],[-42.575,-20.775],[-42.606,-20.753],[-42.651,-20.759]]]}},{"type":"Feature","properties":{"codarea":"3103751"},"geometry":{"type":"Polygon","coordinates":[[[-49.249,-18.523],[-49.228,-18.479],[-49.201,-18.461],[-49.211,-18.423],[-49.159,-18.417],[-49.126,-18.384],[-49.079,-18.417],[-49.054,-18.403],[-49.026,-18.431],[-49.045,-18.476],[-49.043,-18.507],[-49.005,-18.537],[-49.028,-18.525],[-49.079,-18.545],[-49.115,-18.531],[-49.173,-18.564],[-49.205,-18.529],[-49.249,-18.523]]]}},{"type":"Feature","properties":{"codarea":"3103801"},"geometry":{"type":"Polygon","coordinates":[[[-46.217,-19.063],[-46.163,-19.034],[-46.121,-18.949],[-46.084,-18.998],[-46.039,-18.994],[-46.056,-19.079],[-46.089,-19.108],[-46.132,-19.106],[-46.196,-19.081],[-46.217,-19.063]]]}},{"type":"Feature","properties":{"codarea":"3103900"},"geometry":{"type":"Polygon","coordinates":[[[-45.124,-19.831],[-45.101,-19.852],[-45.116,-19.893],[-45.152,-19.945],[-45.143,-19.978],[-45.194,-19.985],[-45.222,-19.971],[-45.267,-19.906],[-45.246,-19.849],[-45.224,-19.823],[-45.189,-19.823],[-45.169,-19.797],[-45.128,-19.781],[-45.11,-19.806],[-45.124,-19.831]]]}},{"type":"Feature","properties":{"codarea":"3104007"},"geometry":{"type":"Polygon","coordinates":[[[-46.826,-19.775],[-46.871,-19.787],[-46.977,-19.779],[-47.015,-19.807],[-47.043,-19.809],[-47.074,-19.837],[-47.082,-19.785],[-47.108,-19.767],[-47.085,-19.74],[-47.071,-19.688],[-47.234,-19.642],[-47.206,-19.589],[-47.168,-19.546],[-47.138,-19.536],[-47.119,-19.558],[-47.079,-19.562],[-47.01,-19.487],[-47.017,-19.444],[-46.991,-19.432],[-46.942,-19.445],[-46.931,-19.478],[-46.906,-19.482],[-46.862,-19.506],[-46.859,-19.541],[-46.817,-19.576],[-46.742,-19.619],[-46.762,-19.675],[-46.836,-19.745],[-46.826,-19.775]]]}},{"type":"Feature","properties":{"codarea":"3104106"},"geometry":{"type":"Polygon","coordinates":[[[-46.997,-21.357],[-46.967,-21.282],[-46.943,-21.291],[-46.879,-21.291],[-46.893,-21.382],[-46.885,-21.407],[-46.933,-21.425],[-47.013,-21.419],[-46.997,-21.357]]]}},{"type":"Feature","properties":{"codarea":"3104205"},"geometry":{"type":"Polygon","coordinates":[[[-45.556,-20.385],[-45.583,-20.375],[-45.597,-20.325],[-45.661,-20.297],[-45.666,-20.249],[-45.652,-20.194],[-45.653,-20.12],[-45.632,-20.073],[-45.624,-20.074],[-45.612,-20.135],[-45.589,-20.166],[-45.565,-20.159],[-45.456,-20.207],[-45.386,-20.319],[-45.419,-20.345],[-45.47,-20.326],[-45.505,-20.351],[-45.512,-20.396],[-45.556,-20.385]]]}},{"type":"Feature","properties":{"codarea":"3104304"},"geometry":{"type":"Polygon","coordinates":[[[-46.056,-21.308],[-46.012,-21.323],[-46.037,-21.391],[-46.077,-21.41],[-46.143,-21.415],[-46.185,-21.441],[-46.21,-21.447],[-46.24,-21.422],[-46.206,-21.356],[-46.242,-21.325],[-46.24,-21.257],[-46.15,-21.294],[-46.118,-21.321],[-46.056,-21.308]]]}},{"type":"Feature","properties":{"codarea":"3104403"},"geometry":{"type":"Polygon","coordinates":[[[-42.746,-21.651],[-42.807,-21.658],[-42.823,-21.699],[-42.868,-21.703],[-42.899,-21.693],[-42.913,-21.664],[-42.869,-21.616],[-42.866,-21.585],[-42.831,-21.544],[-42.791,-21.59],[-42.748,-21.624],[-42.746,-21.651]]]}},{"type":"Feature","properties":{"codarea":"3104452"},"geometry":{"type":"Polygon","coordinates":[[[-42.487,-17.927],[-42.522,-17.949],[-42.562,-17.948],[-42.571,-17.987],[-42.607,-17.992],[-42.644,-17.923],[-42.683,-17.882],[-42.651,-17.825],[-42.645,-17.778],[-42.6,-17.722],[-42.616,-17.769],[-42.548,-17.87],[-42.557,-17.898],[-42.511,-17.929],[-42.487,-17.927]]]}},{"type":"Feature","properties":{"codarea":"3104502"},"geometry":{"type":"Polygon","coordinates":[[[-46.231,-16.238],[-46.263,-16.225],[-46.294,-16.172],[-46.235,-16.13],[-46.232,-16.089],[-46.188,-16.031],[-46.248,-15.983],[-46.288,-15.969],[-46.316,-15.975],[-46.374,-15.938],[-46.447,-15.875],[-46.458,-15.851],[-46.408,-15.835],[-46.378,-15.837],[-46.255,-15.796],[-46.266,-15.727],[-46.264,-15.681],[-46.248,-15.607],[-46.27,-15.56],[-46.283,-15.505],[-46.279,-15.454],[-46.288,-15.412],[-46.255,-15.398],[-46.211,-15.425],[-46.195,-15.407],[-46.151,-15.413],[-46.112,-15.403],[-46.062,-15.422],[-46.033,-15.406],[-46.022,-15.367],[-45.99,-15.381],[-45.934,-15.383],[-45.901,-15.423],[-45.844,-15.425],[-45.818,-15.405],[-45.793,-15.431],[-45.756,-15.411],[-45.727,-15.438],[-45.66,-15.417],[-45.6,-15.441],[-45.584,-15.512],[-45.601,-15.549],[-45.584,-15.58],[-45.588,-15.655],[-45.56,-15.69],[-45.722,-15.866],[-45.737,-15.91],[-45.777,-15.951],[-45.806,-16.062],[-45.842,-16.088],[-45.906,-16.107],[-45.948,-16.075],[-45.936,-16.053],[-45.988,-16.015],[-46.04,-16.053],[-46.056,-16.132],[-46.079,-16.17],[-46.083,-16.211],[-46.135,-16.245],[-46.231,-16.238]]]}},{"type":"Feature","properties":{"codarea":"3104601"},"geometry":{"type":"Polygon","coordinates":[[[-42.894,-21.372],[-42.938,-21.368],[-42.926,-21.303],[-42.955,-21.265],[-42.909,-21.247],[-42.884,-21.261],[-42.861,-21.242],[-42.853,-21.27],[-42.814,-21.261],[-42.818,-21.322],[-42.839,-21.364],[-42.83,-21.388],[-42.859,-21.403],[-42.894,-21.372]]]}},{"type":"Feature","properties":{"codarea":"3104700"},"geometry":{"type":"Polygon","coordinates":[[[-41.252,-17.954],[-41.215,-17.932],[-41.142,-17.949],[-41.103,-17.951],[-41.084,-18.0],[-41.048,-17.992],[-40.969,-17.951],[-40.902,-17.986],[-40.773,-18.108],[-40.772,-18.156],[-40.845,-18.15],[-40.879,-18.12],[-40.909,-18.115],[-41.015,-18.158],[-41.052,-18.165],[-41.104,-18.212],[-41.096,-18.256],[-41.159,-18.308],[-41.144,-18.405],[-41.239,-18.489],[-41.282,-18.502],[-41.312,-18.477],[-41.334,-18.432],[-41.307,-18.376],[-41.323,-18.337],[-41.288,-18.328],[-41.328,-18.275],[-41.364,-18.272],[-41.37,-18.248],[-41.425,-18.202],[-41.423,-18.169],[-41.441,-18.138],[-41.414,-18.104],[-41.409,-18.075],[-41.372,-18.062],[-41.373,-18.103],[-41.33,-18.092],[-41.3,-18.114],[-41.263,-18.11],[-41.217,-18.077],[-41.219,-18.053],[-41.254,-17.998],[-41.252,-17.954]]]}},{"type":"Feature","properties":{"codarea":"3104809"},"geometry":{"type":"Polygon","coordinates":[[[-44.484,-18.075],[-44.427,-18.076],[-44.405,-18.02],[-44.355,-18.032],[-44.288,-18.007],[-44.247,-18.021],[-44.209,-18.019],[-44.152,-17.976],[-44.119,-17.968],[-44.098,-17.994],[-44.056,-17.952],[-44.038,-17.976],[-43.979,-17.992],[-43.945,-18.015],[-43.96,-18.04],[-43.949,-18.08],[-43.968,-18.111],[-43.954,-18.158],[-44.015,-18.213],[-44.044,-18.2],[-44.088,-18.22],[-44.12,-18.22],[-44.164,-18.247],[-44.195,-18.246],[-44.221,-18.226],[-44.276,-18.237],[-44.314,-18.232],[-44.391,-18.188],[-44.432,-18.21],[-44.461,-18.197],[-44.448,-18.168],[-44.475,-18.116],[-44.484,-18.075]]]}},{"type":"Feature","properties":{"codarea":"3104908"},"geometry":{"type":"Polygon","coordinates":[[[-44.998,-21.904],[-44.995,-21.863],[-44.94,-21.829],[-44.885,-21.837],[-44.862,-21.85],[-44.858,-21.885],[-44.833,-21.909],[-44.789,-21.869],[-44.754,-21.857],[-44.755,-21.936],[-44.71,-22.004],[-44.674,-22.088],[-44.679,-22.135],[-44.723,-22.149],[-44.72,-22.179],[-44.767,-22.201],[-44.817,-22.192],[-44.871,-22.149],[-44.871,-22.13],[-44.927,-22.082],[-44.914,-21.972],[-44.946,-21.908],[-44.998,-21.904]]]}},{"type":"Feature","properties":{"codarea":"3105004"},"geometry":{"type":"Polygon","coordinates":[[[-43.99,-19.404],[-44.006,-19.333],[-43.99,-19.337],[-43.992,-19.264],[-43.939,-19.248],[-43.904,-19.225],[-43.843,-19.212],[-43.839,-19.159],[-43.863,-19.106],[-43.841,-19.072],[-43.773,-19.061],[-43.771,-19.091],[-43.745,-19.124],[-43.748,-19.167],[-43.769,-19.194],[-43.749,-19.236],[-43.778,-19.285],[-43.797,-19.291],[-43.81,-19.335],[-43.792,-19.346],[-43.821,-19.388],[-43.892,-19.383],[-43.947,-19.431],[-43.99,-19.404]]]}},{"type":"Feature","properties":{"codarea":"3105103"},"geometry":{"type":"Polygon","coordinates":[[[-45.89,-20.217],[-45.95,-20.255],[-45.956,-20.296],[-45.94,-20.314],[-45.976,-20.338],[-46.012,-20.337],[-46.037,-20.356],[-46.08,-20.339],[-46.122,-20.285],[-46.154,-20.289],[-46.168,-20.255],[-46.223,-20.221],[-46.226,-20.185],[-46.216,-20.134],[-46.16,-20.112],[-46.113,-20.062],[-46.155,-19.997],[-46.117,-19.96],[-46.028,-19.948],[-45.99,-19.951],[-45.989,-19.913],[-45.885,-19.909],[-45.847,-19.898],[-45.798,-19.915],[-45.76,-19.973],[-45.796,-20.001],[-45.776,-20.054],[-45.809,-20.056],[-45.843,-20.087],[-45.854,-20.145],[-45.886,-20.19],[-45.89,-20.217]]]}},{"type":"Feature","properties":{"codarea":"3105202"},"geometry":{"type":"Polygon","coordinates":[[[-40.52,-15.798],[-40.496,-15.812],[-40.475,-15.852],[-40.435,-15.877],[-40.419,-15.932],[-40.498,-15.973],[-40.52,-15.95],[-40.646,-15.924],[-40.676,-16.011],[-40.71,-15.974],[-40.718,-15.904],[-40.728,-15.895],[-40.718,-15.861],[-40.733,-15.829],[-40.724,-15.806],[-40.72,-15.829],[-40.636,-15.867],[-40.645,-15.729],[-40.626,-15.718],[-40.561,-15.804],[-40.52,-15.798]]]}},{"type":"Feature","properties":{"codarea":"3105301"},"geometry":{"type":"Polygon","coordinates":[[[-46.422,-21.733],[-46.425,-21.695],[-46.374,-21.693],[-46.329,-21.744],[-46.397,-21.76],[-46.422,-21.733]]]}},{"type":"Feature","properties":{"codarea":"3105400"},"geometry":{"type":"Polygon","coordinates":[[[-43.391,-19.772],[-43.394,-19.865],[-43.434,-19.876],[-43.419,-19.909],[-43.441,-19.941],[-43.475,-19.954],[-43.507,-20.006],[-43.546,-20.032],[-43.594,-19.985],[-43.639,-19.968],[-43.603,-19.951],[-43.579,-19.922],[-43.522,-19.92],[-43.524,-19.834],[-43.537,-19.761],[-43.434,-19.788],[-43.391,-19.772]]]}},{"type":"Feature","properties":{"codarea":"3105509"},"geometry":{"type":"Polygon","coordinates":[[[-42.364,-21.306],[-42.331,-21.272],[-42.363,-21.218],[-42.328,-21.21],[-42.298,-21.186],[-42.278,-21.201],[-42.203,-21.221],[-42.19,-21.25],[-42.229,-21.282],[-42.238,-21.318],[-42.224,-21.338],[-42.255,-21.35],[-42.364,-21.306]]]}},{"type":"Feature","properties":{"codarea":"3105608"},"geometry":{"type":"Polygon","coordinates":[[[-43.88,-21.353],[-43.921,-21.374],[-44.005,-21.363],[-44.024,-21.341],[-44.008,-21.289],[-44.023,-21.242],[-44.002,-21.221],[-43.916,-21.224],[-43.896,-21.188],[-43.924,-21.168],[-43.941,-21.122],[-43.91,-21.125],[-43.885,-21.142],[-43.831,-21.146],[-43.715,-21.189],[-43.607,-21.13],[-43.599,-21.167],[-43.61,-21.225],[-43.581,-21.319],[-43.62,-21.35],[-43.631,-21.376],[-43.681,-21.346],[-43.71,-21.305],[-43.781,-21.296],[-43.791,-21.276],[-43.861,-21.29],[-43.886,-21.322],[-43.88,-21.353]]]}},{"type":"Feature","properties":{"codarea":"3105707"},"geometry":{"type":"Polygon","coordinates":[[[-42.957,-20.204],[-42.975,-20.22],[-42.976,-20.259],[-42.953,-20.273],[-42.954,-20.32],[-42.968,-20.339],[-43.011,-20.325],[-43.034,-20.343],[-43.015,-20.373],[-43.024,-20.41],[-43.052,-20.403],[-43.079,-20.364],[-43.133,-20.341],[-43.181,-20.287],[-43.146,-20.233],[-43.163,-20.177],[-43.151,-20.166],[-43.096,-20.173],[-43.06,-20.189],[-42.957,-20.204]]]}},{"type":"Feature","properties":{"codarea":"3105905"},"geometry":{"type":"Polygon","coordinates":[[[-44.002,-21.221],[-44.013,-21.161],[-43.941,-21.122],[-43.924,-21.168],[-43.896,-21.188],[-43.916,-21.224],[-44.002,-21.221]]]}},{"type":"Feature","properties":{"codarea":"3106002"},"geometry":{"type":"Polygon","coordinates":[[[-43.196,-19.789],[-43.163,-19.776],[-43.166,-19.748],[-43.11,-19.727],[-43.082,-19.75],[-43.091,-19.79],[-43.057,-19.821],[-43.009,-19.828],[-43.062,-19.86],[-43.063,-19.886],[-43.089,-19.858],[-43.098,-19.823],[-43.196,-19.789]]]}},{"type":"Feature","properties":{"codarea":"3106101"},"geometry":{"type":"Polygon","coordinates":[[[-43.375,-21.896],[-43.346,-21.916],[-43.372,-21.953],[-43.327,-22.008],[-43.347,-22.004],[-43.465,-22.073],[-43.526,-22.073],[-43.566,-22.087],[-43.591,-22.056],[-43.637,-22.023],[-43.585,-21.999],[-43.495,-21.933],[-43.481,-21.88],[-43.399,-21.883],[-43.375,-21.896]]]}},{"type":"Feature","properties":{"codarea":"3106200"},"geometry":{"type":"Polygon","coordinates":[[[-43.87,-19.928],[-43.94,-19.975],[-43.993,-20.034],[-44.001,-20.057],[-44.019,-20.054],[-44.063,-19.977],[-44.016,-19.97],[-44.026,-19.9],[-44.009,-19.854],[-44.017,-19.831],[-43.975,-19.782],[-43.946,-19.777],[-43.862,-19.828],[-43.863,-19.856],[-43.892,-19.886],[-43.87,-19.928]]]}},{"type":"Feature","properties":{"codarea":"3106309"},"geometry":{"type":"Polygon","coordinates":[[[-42.555,-19.296],[-42.551,-19.254],[-42.519,-19.191],[-42.519,-19.157],[-42.483,-19.155],[-42.41,-19.191],[-42.383,-19.221],[-42.316,-19.238],[-42.366,-19.325],[-42.419,-19.336],[-42.452,-19.36],[-42.471,-19.34],[-42.519,-19.323],[-42.555,-19.296]]]}},{"type":"Feature","properties":{"codarea":"3106408"},"geometry":{"type":"Polygon","coordinates":[[[-43.986,-20.507],[-44.029,-20.508],[-44.065,-20.494],[-44.123,-20.511],[-44.159,-20.511],[-44.174,-20.493],[-44.145,-20.464],[-44.157,-20.352],[-44.122,-20.308],[-44.082,-20.309],[-44.069,-20.352],[-44.025,-20.384],[-43.999,-20.379],[-43.927,-20.405],[-43.916,-20.426],[-43.986,-20.507]]]}},{"type":"Feature","properties":{"codarea":"3106507"},"geometry":{"type":"Polygon","coordinates":[[[-42.552,-16.946],[-42.566,-16.859],[-42.597,-16.817],[-42.641,-16.794],[-42.642,-16.77],[-42.6,-16.732],[-42.558,-16.734],[-42.542,-16.709],[-42.469,-16.673],[-42.484,-16.73],[-42.466,-16.776],[-42.4,-16.77],[-42.418,-16.808],[-42.423,-16.858],[-42.391,-16.914],[-42.367,-16.934],[-42.376,-16.959],[-42.421,-17.016],[-42.431,-17.091],[-42.468,-17.012],[-42.522,-17.01],[-42.518,-16.98],[-42.552,-16.946]]]}},{"type":"Feature","properties":{"codarea":"3106606"},"geometry":{"type":"Polygon","coordinates":[[[-40.603,-16.789],[-40.589,-16.782],[-40.586,-16.797],[-40.535,-16.802],[-40.486,-16.84],[-40.466,-16.837],[-40.434,-16.887],[-40.48,-16.877],[-40.516,-16.963],[-40.544,-16.983],[-40.572,-17.066],[-40.557,-17.09],[-40.579,-17.15],[-40.614,-17.186],[-40.63,-17.175],[-40.664,-17.114],[-40.648,-17.074],[-40.665,-17.035],[-40.644,-16.994],[-40.619,-16.973],[-40.625,-16.944],[-40.582,-16.902],[-40.567,-16.874],[-40.603,-16.832],[-40.603,-16.789]]]}},{"type":"Feature","properties":{"codarea":"3106655"},"geometry":{"type":"Polygon","coordinates":[[[-41.88,-15.748],[-41.894,-15.732],[-41.916,-15.662],[-41.905,-15.631],[-41.853,-15.605],[-41.804,-15.612],[-41.748,-15.589],[-41.713,-15.611],[-41.669,-15.617],[-41.647,-15.605],[-41.603,-15.635],[-41.616,-15.655],[-41.673,-15.668],[-41.64,-15.716],[-41.644,-15.747],[-41.667,-15.795],[-41.697,-15.801],[-41.734,-15.784],[-41.716,-15.757],[-41.732,-15.738],[-41.775,-15.761],[-41.819,-15.757],[-41.842,-15.736],[-41.88,-15.748]]]}},{"type":"Feature","properties":{"codarea":"3106705"},"geometry":{"type":"Polygon","coordinates":[[[-44.162,-19.842],[-44.151,-19.921],[-44.108,-19.928],[-44.069,-19.949],[-44.076,-19.967],[-44.112,-20.002],[-44.116,-20.024],[-44.18,-20.031],[-44.181,-20.046],[-44.196,-20.051],[-44.248,-20.041],[-44.27,-20.004],[-44.276,-19.971],[-44.316,-19.938],[-44.316,-19.907],[-44.267,-19.879],[-44.236,-19.879],[-44.227,-19.841],[-44.162,-19.842]]]}},{"type":"Feature","properties":{"codarea":"3106804"},"geometry":{"type":"Polygon","coordinates":[[[-43.666,-21.605],[-43.684,-21.627],[-43.679,-21.712],[-43.716,-21.67],[-43.771,-21.666],[-43.789,-21.713],[-43.829,-21.72],[-43.872,-21.71],[-43.873,-21.679],[-43.827,-21.607],[-43.84,-21.582],[-43.815,-21.526],[-43.74,-21.532],[-43.706,-21.585],[-43.666,-21.605]]]}},{"type":"Feature","properties":{"codarea":"3106903"},"geometry":{"type":"Polygon","coordinates":[[[-43.076,-21.799],[-43.103,-21.803],[-43.188,-21.743],[-43.162,-21.702],[-43.133,-21.695],[-43.092,-21.66],[-43.055,-21.69],[-43.029,-21.676],[-43.02,-21.699],[-43.054,-21.715],[-43.052,-21.742],[-43.076,-21.799]]]}},{"type":"Feature","properties":{"codarea":"3107000"},"geometry":{"type":"Polygon","coordinates":[[[-45.637,-18.792],[-45.702,-18.761],[-45.692,-18.709],[-45.668,-18.701],[-45.639,-18.665],[-45.566,-18.669],[-45.468,-18.702],[-45.453,-18.731],[-45.406,-18.735],[-45.38,-18.762],[-45.413,-18.822],[-45.45,-18.847],[-45.462,-18.873],[-45.49,-18.842],[-45.532,-18.855],[-45.581,-18.815],[-45.637,-18.792]]]}},{"type":"Feature","properties":{"codarea":"3107109"},"geometry":{"type":"Polygon","coordinates":[[[-45.678,-21.137],[-45.726,-21.083],[-45.765,-21.089],[-45.819,-21.067],[-45.839,-21.072],[-45.922,-21.039],[-45.928,-21.0],[-45.908,-20.971],[-45.868,-20.995],[-45.763,-21.029],[-45.733,-21.017],[-45.683,-20.962],[-45.692,-20.897],[-45.679,-20.861],[-45.651,-20.874],[-45.612,-20.87],[-45.589,-20.936],[-45.537,-20.938],[-45.525,-20.973],[-45.469,-21.021],[-45.419,-21.023],[-45.394,-21.078],[-45.433,-21.091],[-45.45,-21.143],[-45.518,-21.123],[-45.527,-21.193],[-45.517,-21.219],[-45.567,-21.254],[-45.604,-21.231],[-45.608,-21.196],[-45.576,-21.165],[-45.594,-21.144],[-45.678,-21.137]]]}},{"type":"Feature","properties":{"codarea":"3107208"},"geometry":{"type":"Polygon","coordinates":[[[-44.544,-22.332],[-44.593,-22.323],[-44.662,-22.381],[-44.666,-22.373],[-44.666,-22.32],[-44.613,-22.287],[-44.598,-22.255],[-44.607,-22.226],[-44.572,-22.201],[-44.56,-22.16],[-44.541,-22.129],[-44.491,-22.137],[-44.476,-22.12],[-44.349,-22.106],[-44.319,-22.155],[-44.355,-22.193],[-44.341,-22.206],[-44.36,-22.254],[-44.433,-22.251],[-44.544,-22.332]]]}},{"type":"Feature","properties":{"codarea":"3107307"},"geometry":{"type":"Polygon","coordinates":[[[-44.111,-17.156],[-44.106,-17.146],[-44.02,-17.113],[-44.016,-17.052],[-43.984,-17.04],[-43.954,-16.993],[-43.92,-16.965],[-43.89,-16.969],[-43.869,-16.921],[-43.808,-16.907],[-43.721,-16.903],[-43.701,-16.851],[-43.682,-16.883],[-43.686,-16.927],[-43.698,-16.945],[-43.702,-16.999],[-43.713,-17.017],[-43.707,-17.068],[-43.685,-17.105],[-43.668,-17.171],[-43.623,-17.173],[-43.602,-17.196],[-43.564,-17.18],[-43.515,-17.192],[-43.489,-17.178],[-43.283,-17.136],[-43.229,-17.137],[-43.207,-17.106],[-43.176,-17.127],[-43.144,-17.12],[-43.105,-17.134],[-43.093,-17.167],[-43.109,-17.194],[-43.07,-17.224],[-43.084,-17.253],[-43.134,-17.304],[-43.19,-17.292],[-43.228,-17.345],[-43.201,-17.364],[-43.198,-17.399],[-43.218,-17.414],[-43.242,-17.421],[-43.324,-17.367],[-43.334,-17.337],[-43.37,-17.294],[-43.416,-17.276],[-43.499,-17.265],[-43.542,-17.233],[-43.576,-17.274],[-43.626,-17.257],[-43.669,-17.209],[-43.73,-17.216],[-43.811,-17.272],[-43.815,-17.333],[-43.776,-17.37],[-43.733,-17.37],[-43.719,-17.419],[-43.756,-17.486],[-43.774,-17.547],[-43.777,-17.68],[-43.752,-17.705],[-43.772,-17.74],[-43.756,-17.766],[-43.781,-17.793],[-43.756,-17.823],[-43.775,-17.837],[-43.751,-17.89],[-43.764,-17.925],[-43.803,-17.89],[-43.841,-17.833],[-43.865,-17.762],[-43.901,-17.729],[-43.888,-17.71],[-43.9,-17.663],[-43.89,-17.629],[-43.92,-17.57],[-43.956,-17.555],[-44.059,-17.449],[-44.021,-17.413],[-44.026,-17.385],[-44.002,-17.357],[-43.968,-17.379],[-43.922,-17.378],[-43.866,-17.341],[-43.834,-17.279],[-43.879,-17.23],[-43.939,-17.207],[-43.97,-17.232],[-43.998,-17.198],[-44.05,-17.158],[-44.111,-17.156]]]}},{"type":"Feature","properties":{"codarea":"3107406"},"geometry":{"type":"Polygon","coordinates":[[[-45.477,-19.757],[-45.482,-19.73],[-45.51,-19.698],[-45.489,-19.653],[-45.454,-19.609],[-45.43,-19.597],[-45.409,-19.551],[-45.424,-19.505],[-45.391,-19.502],[-45.372,-19.524],[-45.321,-19.536],[-45.283,-19.527],[-45.197,-19.549],[-45.116,-19.534],[-45.101,-19.576],[-45.108,-19.616],[-45.091,-19.672],[-45.1,-19.744],[-45.128,-19.781],[-45.169,-19.797],[-45.189,-19.823],[-45.224,-19.823],[-45.246,-19.849],[-45.267,-19.906],[-45.29,-19.914],[-45.33,-19.866],[-45.364,-19.85],[-45.362,-19.801],[-45.403,-19.765],[-45.46,-19.776],[-45.477,-19.757]]]}},{"type":"Feature","properties":{"codarea":"3107505"},"geometry":{"type":"Polygon","coordinates":[[[-44.174,-21.828],[-44.136,-21.828],[-44.121,-21.804],[-44.091,-21.797],[-44.099,-21.876],[-44.087,-21.885],[-44.068,-21.925],[-44.031,-21.91],[-43.977,-21.957],[-44.004,-22.003],[-44.0,-22.022],[-44.051,-22.032],[-44.08,-21.995],[-44.123,-21.996],[-44.147,-22.034],[-44.228,-22.076],[-44.24,-22.012],[-44.257,-21.975],[-44.225,-21.946],[-44.197,-21.891],[-44.171,-21.884],[-44.174,-21.828]]]}},{"type":"Feature","properties":{"codarea":"3107604"},"geometry":{"type":"Polygon","coordinates":[[[-46.552,-21.086],[-46.562,-21.062],[-46.608,-21.044],[-46.637,-21.011],[-46.614,-20.971],[-46.587,-20.979],[-46.531,-20.968],[-46.528,-20.931],[-46.473,-20.949],[-46.457,-20.974],[-46.463,-20.995],[-46.426,-21.026],[-46.439,-21.057],[-46.527,-21.072],[-46.552,-21.086]]]}},{"type":"Feature","properties":{"codarea":"3107703"},"geometry":{"type":"Polygon","coordinates":[[[-43.537,-19.761],[-43.533,-19.723],[-43.549,-19.664],[-43.542,-19.624],[-43.513,-19.651],[-43.452,-19.683],[-43.422,-19.663],[-43.4,-19.672],[-43.386,-19.745],[-43.391,-19.772],[-43.434,-19.788],[-43.537,-19.761]]]}},{"type":"Feature","properties":{"codarea":"3107802"},"geometry":{"type":"Polygon","coordinates":[[[-42.37,-19.86],[-42.367,-19.832],[-42.336,-19.796],[-42.363,-19.76],[-42.364,-19.725],[-42.407,-19.724],[-42.445,-19.708],[-42.484,-19.727],[-42.502,-19.68],[-42.484,-19.64],[-42.495,-19.575],[-42.524,-19.557],[-42.504,-19.515],[-42.49,-19.544],[-42.399,-19.604],[-42.365,-19.646],[-42.281,-19.651],[-42.262,-19.716],[-42.241,-19.727],[-42.233,-19.797],[-42.205,-19.831],[-42.241,-19.84],[-42.235,-19.873],[-42.248,-19.908],[-42.236,-19.926],[-42.299,-19.937],[-42.353,-19.929],[-42.37,-19.86]]]}},{"type":"Feature","properties":{"codarea":"3107901"},"geometry":{"type":"Polygon","coordinates":[[[-46.097,-22.395],[-46.097,-22.451],[-46.116,-22.494],[-46.148,-22.518],[-46.189,-22.502],[-46.223,-22.514],[-46.283,-22.515],[-46.26,-22.478],[-46.261,-22.419],[-46.244,-22.364],[-46.163,-22.377],[-46.161,-22.394],[-46.097,-22.395]]]}},{"type":"Feature","properties":{"codarea":"3108008"},"geometry":{"type":"Polygon","coordinates":[[[-44.621,-21.096],[-44.634,-21.087],[-44.711,-21.137],[-44.736,-21.142],[-44.765,-21.113],[-44.872,-21.135],[-44.878,-21.155],[-44.909,-21.172],[-44.926,-21.124],[-44.95,-21.109],[-44.937,-21.075],[-44.976,-21.028],[-44.935,-20.989],[-44.886,-21.005],[-44.865,-20.955],[-44.817,-20.959],[-44.805,-20.898],[-44.781,-20.903],[-44.755,-20.875],[-44.734,-20.891],[-44.709,-20.849],[-44.659,-20.899],[-44.661,-20.99],[-44.649,-20.992],[-44.621,-21.096]]]}},{"type":"Feature","properties":{"codarea":"3108107"},"geometry":{"type":"Polygon","coordinates":[[[-44.122,-20.308],[-44.157,-20.352],[-44.152,-20.422],[-44.181,-20.387],[-44.255,-20.393],[-44.278,-20.424],[-44.289,-20.398],[-44.321,-20.386],[-44.328,-20.331],[-44.277,-20.309],[-44.259,-20.285],[-44.267,-20.251],[-44.218,-20.229],[-44.195,-20.237],[-44.164,-20.217],[-44.14,-20.248],[-44.118,-20.25],[-44.122,-20.308]]]}},{"type":"Feature","properties":{"codarea":"3108206"},"geometry":{"type":"Polygon","coordinates":[[[-45.91,-16.531],[-45.952,-16.554],[-45.971,-16.608],[-46.016,-16.637],[-45.992,-16.694],[-46.032,-16.717],[-46.084,-16.718],[-46.087,-16.745],[-46.137,-16.779],[-46.169,-16.779],[-46.156,-16.701],[-46.161,-16.659],[-46.195,-16.652],[-46.288,-16.579],[-46.305,-16.546],[-46.374,-16.605],[-46.39,-16.586],[-46.384,-16.5],[-46.459,-16.413],[-46.494,-16.407],[-46.513,-16.382],[-46.501,-16.331],[-46.459,-16.287],[-46.384,-16.264],[-46.34,-16.274],[-46.242,-16.34],[-46.198,-16.341],[-46.189,-16.361],[-46.149,-16.378],[-46.083,-16.371],[-46.053,-16.388],[-45.995,-16.383],[-45.952,-16.398],[-45.918,-16.375],[-45.893,-16.449],[-45.922,-16.493],[-45.91,-16.531]]]}},{"type":"Feature","properties":{"codarea":"3108255"},"geometry":{"type":"Polygon","coordinates":[[[-45.306,-14.834],[-45.243,-14.786],[-45.206,-14.745],[-45.166,-14.735],[-45.096,-14.753],[-45.065,-14.731],[-45.048,-14.691],[-44.996,-14.668],[-44.981,-14.646],[-44.869,-14.593],[-44.811,-14.503],[-44.741,-14.467],[-44.73,-14.5],[-44.751,-14.544],[-44.734,-14.566],[-44.741,-14.625],[-44.689,-14.626],[-44.809,-14.717],[-44.822,-14.765],[-44.779,-14.768],[-44.738,-14.812],[-44.692,-14.842],[-44.674,-14.881],[-44.711,-14.911],[-44.733,-14.949],[-44.698,-15.026],[-44.661,-15.069],[-44.633,-15.079],[-44.632,-15.124],[-44.688,-15.208],[-44.675,-15.263],[-44.639,-15.272],[-44.627,-15.34],[-44.71,-15.457],[-44.767,-15.484],[-44.772,-15.465],[-44.831,-15.44],[-44.882,-15.396],[-44.92,-15.384],[-44.984,-15.345],[-45.007,-15.26],[-44.975,-15.198],[-45.033,-15.113],[-45.042,-15.081],[-45.073,-15.075],[-45.185,-14.983],[-45.217,-14.907],[-45.239,-14.877],[-45.283,-14.863],[-45.306,-14.834]]]}},{"type":"Feature","properties":{"codarea":"3108305"},"geometry":{"type":"Polygon","coordinates":[[[-46.221,-22.306],[-46.235,-22.267],[-46.23,-22.243],[-46.263,-22.224],[-46.237,-22.181],[-46.252,-22.145],[-46.199,-22.138],[-46.186,-22.177],[-46.152,-22.215],[-46.117,-22.209],[-46.044,-22.231],[-46.064,-22.278],[-46.041,-22.315],[-46.038,-22.361],[-46.055,-22.373],[-46.098,-22.338],[-46.143,-22.328],[-46.173,-22.308],[-46.221,-22.306]]]}},{"type":"Feature","properties":{"codarea":"3108404"},"geometry":{"type":"Polygon","coordinates":[[[-46.374,-21.693],[-46.425,-21.695],[-46.422,-21.733],[-46.462,-21.757],[-46.462,-21.714],[-46.526,-21.686],[-46.526,-21.648],[-46.555,-21.653],[-46.512,-21.565],[-46.495,-21.589],[-46.455,-21.553],[-46.42,-21.57],[-46.385,-21.57],[-46.362,-21.587],[-46.296,-21.572],[-46.278,-21.609],[-46.313,-21.661],[-46.374,-21.693]]]}},{"type":"Feature","properties":{"codarea":"3108503"},"geometry":{"type":"Polygon","coordinates":[[[-42.737,-16.852],[-42.757,-16.886],[-42.744,-16.908],[-42.796,-17.02],[-42.835,-17.042],[-42.899,-17.04],[-42.97,-17.106],[-42.985,-17.166],[-43.026,-17.186],[-43.07,-17.224],[-43.109,-17.194],[-43.093,-17.167],[-43.105,-17.134],[-43.144,-17.12],[-43.176,-17.127],[-43.207,-17.106],[-43.18,-17.086],[-43.175,-17.014],[-43.135,-16.981],[-43.119,-16.921],[-43.121,-16.889],[-43.147,-16.843],[-43.18,-16.725],[-43.199,-16.692],[-43.13,-16.694],[-43.119,-16.708],[-43.024,-16.696],[-42.991,-16.681],[-42.984,-16.729],[-42.997,-16.769],[-42.945,-16.791],[-42.919,-16.844],[-42.872,-16.805],[-42.809,-16.873],[-42.737,-16.852]]]}},{"type":"Feature","properties":{"codarea":"3108552"},"geometry":{"type":"Polygon","coordinates":[[[-45.992,-16.694],[-45.958,-16.695],[-45.945,-16.719],[-45.889,-16.703],[-45.885,-16.729],[-45.858,-16.764],[-45.856,-16.811],[-45.828,-16.831],[-45.778,-16.832],[-45.774,-16.856],[-45.721,-16.898],[-45.697,-16.883],[-45.664,-16.889],[-45.62,-16.875],[-45.593,-16.891],[-45.564,-16.941],[-45.522,-16.939],[-45.505,-16.961],[-45.511,-17.035],[-45.561,-17.044],[-45.615,-17.097],[-45.662,-17.113],[-45.715,-17.118],[-45.73,-17.149],[-45.769,-17.176],[-45.806,-17.145],[-45.846,-17.153],[-45.894,-17.143],[-45.926,-17.11],[-45.976,-17.177],[-46.032,-17.194],[-46.06,-17.188],[-46.083,-17.145],[-46.122,-17.15],[-46.157,-17.11],[-46.09,-17.054],[-46.123,-17.048],[-46.156,-16.999],[-46.201,-16.997],[-46.205,-16.939],[-46.186,-16.926],[-46.188,-16.879],[-46.206,-16.855],[-46.195,-16.802],[-46.169,-16.779],[-46.137,-16.779],[-46.087,-16.745],[-46.084,-16.718],[-46.032,-16.717],[-45.992,-16.694]]]}},{"type":"Feature","properties":{"codarea":"3108602"},"geometry":{"type":"Polygon","coordinates":[[[-44.309,-16.361],[-44.327,-16.35],[-44.444,-16.41],[-44.472,-16.441],[-44.587,-16.495],[-44.704,-16.381],[-44.667,-16.336],[-44.617,-16.326],[-44.598,-16.303],[-44.514,-16.261],[-44.545,-16.173],[-44.493,-16.153],[-44.486,-16.13],[-44.496,-16.021],[-44.476,-15.994],[-44.43,-15.973],[-44.402,-16.008],[-44.371,-15.995],[-44.33,-16.011],[-44.314,-16.041],[-44.226,-16.082],[-44.269,-16.126],[-44.293,-16.172],[-44.279,-16.214],[-44.253,-16.224],[-44.254,-16.278],[-44.309,-16.361]]]}},{"type":"Feature","properties":{"codarea":"3108701"},"geometry":{"type":"Polygon","coordinates":[[[-43.239,-20.969],[-43.291,-20.955],[-43.295,-20.853],[-43.304,-20.82],[-43.266,-20.803],[-43.217,-20.794],[-43.154,-20.816],[-43.147,-20.848],[-43.173,-20.925],[-43.205,-20.931],[-43.239,-20.969]]]}},{"type":"Feature","properties":{"codarea":"3108800"},"geometry":{"type":"Polygon","coordinates":[[[-42.616,-18.991],[-42.589,-19.023],[-42.664,-19.098],[-42.704,-19.112],[-42.719,-19.147],[-42.749,-19.152],[-42.768,-19.118],[-42.8,-19.096],[-42.807,-19.069],[-42.788,-19.039],[-42.808,-19.001],[-42.777,-18.978],[-42.794,-18.905],[-42.758,-18.9],[-42.741,-18.925],[-42.704,-18.918],[-42.656,-18.975],[-42.616,-18.991]]]}},{"type":"Feature","properties":{"codarea":"3108909"},"geometry":{"type":"Polygon","coordinates":[[[-45.577,-22.602],[-45.618,-22.638],[-45.666,-22.651],[-45.681,-22.636],[-45.66,-22.599],[-45.679,-22.573],[-45.7,-22.499],[-45.682,-22.462],[-45.691,-22.396],[-45.672,-22.337],[-45.628,-22.348],[-45.57,-22.393],[-45.578,-22.427],[-45.55,-22.432],[-45.551,-22.484],[-45.583,-22.534],[-45.577,-22.602]]]}},{"type":"Feature","properties":{"codarea":"3109006"},"geometry":{"type":"Polygon","coordinates":[[[-44.267,-20.251],[-44.286,-20.179],[-44.316,-20.18],[-44.351,-20.16],[-44.338,-20.12],[-44.276,-20.112],[-44.252,-20.125],[-44.21,-20.101],[-44.124,-20.099],[-44.064,-20.08],[-44.019,-20.054],[-44.001,-20.057],[-43.983,-20.094],[-43.972,-20.177],[-43.976,-20.223],[-43.965,-20.259],[-43.997,-20.254],[-44.055,-20.314],[-44.122,-20.308],[-44.118,-20.25],[-44.14,-20.248],[-44.164,-20.217],[-44.195,-20.237],[-44.218,-20.229],[-44.267,-20.251]]]}},{"type":"Feature","properties":{"codarea":"3109105"},"geometry":{"type":"Polygon","coordinates":[[[-46.424,-22.599],[-46.415,-22.558],[-46.456,-22.522],[-46.431,-22.457],[-46.423,-22.399],[-46.334,-22.388],[-46.309,-22.41],[-46.278,-22.386],[-46.261,-22.419],[-46.26,-22.478],[-46.283,-22.515],[-46.296,-22.579],[-46.366,-22.602],[-46.392,-22.582],[-46.424,-22.599]]]}},{"type":"Feature","properties":{"codarea":"3109204"},"geometry":{"type":"Polygon","coordinates":[[[-44.405,-18.02],[-44.387,-17.934],[-44.351,-17.913],[-44.302,-17.91],[-44.306,-17.852],[-44.298,-17.811],[-44.272,-17.82],[-44.173,-17.813],[-44.074,-17.834],[-44.055,-17.782],[-43.997,-17.719],[-43.989,-17.638],[-43.972,-17.62],[-43.973,-17.572],[-43.956,-17.555],[-43.92,-17.57],[-43.89,-17.629],[-43.9,-17.663],[-43.888,-17.71],[-43.901,-17.729],[-43.865,-17.762],[-43.841,-17.833],[-43.803,-17.89],[-43.764,-17.925],[-43.791,-17.955],[-43.82,-18.026],[-43.937,-18.06],[-43.918,-18.119],[-43.956,-18.141],[-43.968,-18.111],[-43.949,-18.08],[-43.96,-18.04],[-43.945,-18.015],[-43.979,-17.992],[-44.038,-17.976],[-44.056,-17.952],[-44.098,-17.994],[-44.119,-17.968],[-44.152,-17.976],[-44.209,-18.019],[-44.247,-18.021],[-44.288,-18.007],[-44.355,-18.032],[-44.405,-18.02]]]}},{"type":"Feature","properties":{"codarea":"3109253"},"geometry":{"type":"Polygon","coordinates":[[[-42.387,-19.328],[-42.366,-19.325],[-42.336,-19.268],[-42.325,-19.289],[-42.285,-19.291],[-42.254,-19.356],[-42.245,-19.441],[-42.275,-19.448],[-42.297,-19.413],[-42.329,-19.41],[-42.355,-19.374],[-42.39,-19.353],[-42.387,-19.328]]]}},{"type":"Feature","properties":{"codarea":"3109303"},"geometry":{"type":"Polygon","coordinates":[[[-46.458,-15.851],[-46.517,-15.818],[-46.568,-15.827],[-46.612,-15.814],[-46.637,-15.789],[-46.734,-15.813],[-46.737,-15.827],[-46.806,-15.871],[-46.823,-15.825],[-46.813,-15.787],[-46.828,-15.729],[-46.856,-15.682],[-46.855,-15.618],[-46.883,-15.61],[-46.946,-15.563],[-46.931,-15.443],[-46.912,-15.412],[-46.849,-15.373],[-46.836,-15.326],[-46.874,-15.285],[-46.892,-15.235],[-46.928,-15.255],[-46.937,-15.205],[-46.888,-15.113],[-46.926,-15.074],[-46.925,-15.057],[-46.857,-15.01],[-46.786,-15.018],[-46.682,-15.059],[-46.625,-15.089],[-46.578,-15.084],[-46.503,-15.051],[-46.422,-15.098],[-46.438,-15.131],[-46.409,-15.18],[-46.418,-15.198],[-46.401,-15.235],[-46.336,-15.299],[-46.306,-15.345],[-46.303,-15.392],[-46.288,-15.412],[-46.279,-15.454],[-46.283,-15.505],[-46.27,-15.56],[-46.248,-15.607],[-46.264,-15.681],[-46.266,-15.727],[-46.255,-15.796],[-46.378,-15.837],[-46.408,-15.835],[-46.458,-15.851]]]}},{"type":"Feature","properties":{"codarea":"3109402"},"geometry":{"type":"Polygon","coordinates":[[[-44.841,-16.992],[-44.804,-17.025],[-44.806,-17.051],[-44.789,-17.102],[-44.831,-17.123],[-44.855,-17.174],[-44.83,-17.204],[-44.895,-17.27],[-44.923,-17.266],[-44.931,-17.309],[-44.956,-17.349],[-44.937,-17.392],[-44.953,-17.468],[-44.987,-17.519],[-44.982,-17.551],[-45.045,-17.611],[-45.035,-17.659],[-45.014,-17.686],[-45.007,-17.721],[-45.014,-17.77],[-45.032,-17.784],[-45.077,-17.782],[-45.12,-17.814],[-45.109,-17.86],[-45.116,-17.931],[-45.18,-17.958],[-45.198,-17.988],[-45.241,-17.976],[-45.264,-17.992],[-45.29,-17.962],[-45.338,-17.939],[-45.345,-17.91],[-45.388,-17.902],[-45.447,-17.917],[-45.468,-17.905],[-45.456,-17.847],[-45.466,-17.831],[-45.434,-17.787],[-45.429,-17.756],[-45.445,-17.737],[-45.412,-17.706],[-45.404,-17.668],[-45.455,-17.605],[-45.435,-17.583],[-45.391,-17.579],[-45.385,-17.521],[-45.42,-17.485],[-45.441,-17.487],[-45.504,-17.451],[-45.517,-17.422],[-45.553,-17.408],[-45.562,-17.382],[-45.529,-17.358],[-45.505,-17.323],[-45.507,-17.271],[-45.486,-17.182],[-45.453,-17.155],[-45.436,-17.118],[-45.529,-17.099],[-45.521,-17.084],[-45.561,-17.044],[-45.511,-17.035],[-45.505,-16.961],[-45.462,-16.963],[-45.429,-16.917],[-45.4,-16.903],[-45.348,-16.908],[-45.308,-16.883],[-45.298,-16.817],[-45.307,-16.791],[-45.284,-16.76],[-45.251,-16.746],[-45.232,-16.719],[-45.241,-16.691],[-45.197,-16.684],[-45.166,-16.62],[-45.105,-16.565],[-45.073,-16.625],[-45.078,-16.669],[-45.057,-16.688],[-45.01,-16.7],[-45.002,-16.726],[-45.02,-16.754],[-44.934,-16.806],[-44.919,-16.849],[-44.913,-16.914],[-44.874,-16.93],[-44.871,-16.974],[-44.841,-16.992]]]}},{"type":"Feature","properties":{"codarea":"3109451"},"geometry":{"type":"Polygon","coordinates":[[[-47.323,-16.209],[-47.352,-16.134],[-47.313,-16.089],[-47.31,-16.036],[-47.287,-16.009],[-47.226,-16.016],[-47.209,-15.99],[-47.137,-15.927],[-47.107,-15.958],[-47.056,-15.938],[-46.953,-15.917],[-46.939,-15.931],[-46.953,-16.0],[-46.89,-16.116],[-46.929,-16.134],[-46.992,-16.102],[-46.993,-16.165],[-47.01,-16.188],[-47.042,-16.177],[-47.114,-16.196],[-47.209,-16.188],[-47.234,-16.215],[-47.323,-16.209]]]}},{"type":"Feature","properties":{"codarea":"3109501"},"geometry":{"type":"Polygon","coordinates":[[[-46.322,-21.573],[-46.362,-21.587],[-46.385,-21.57],[-46.42,-21.57],[-46.455,-21.553],[-46.495,-21.589],[-46.512,-21.565],[-46.523,-21.53],[-46.509,-21.489],[-46.469,-21.487],[-46.48,-21.445],[-46.446,-21.39],[-46.412,-21.398],[-46.358,-21.378],[-46.339,-21.417],[-46.306,-21.414],[-46.283,-21.432],[-46.24,-21.422],[-46.21,-21.447],[-46.299,-21.471],[-46.321,-21.505],[-46.357,-21.528],[-46.322,-21.573]]]}},{"type":"Feature","properties":{"codarea":"3109600"},"geometry":{"type":"Polygon","coordinates":[[[-44.447,-19.544],[-44.49,-19.551],[-44.522,-19.512],[-44.514,-19.484],[-44.432,-19.497],[-44.425,-19.524],[-44.447,-19.544]]]}},{"type":"Feature","properties":{"codarea":"3109709"},"geometry":{"type":"Polygon","coordinates":[[[-45.66,-22.278],[-45.679,-22.375],[-45.722,-22.408],[-45.755,-22.398],[-45.831,-22.403],[-45.849,-22.454],[-45.924,-22.472],[-45.932,-22.453],[-45.919,-22.408],[-45.892,-22.374],[-45.851,-22.354],[-45.855,-22.322],[-45.842,-22.284],[-45.787,-22.283],[-45.754,-22.301],[-45.721,-22.3],[-45.693,-22.28],[-45.66,-22.278]]]}},{"type":"Feature","properties":{"codarea":"3109808"},"geometry":{"type":"Polygon","coordinates":[[[-49.548,-18.54],[-49.546,-18.5],[-49.5,-18.491],[-49.486,-18.532],[-49.406,-18.645],[-49.373,-18.635],[-49.387,-18.691],[-49.403,-18.701],[-49.545,-18.647],[-49.532,-18.599],[-49.548,-18.54]]]}},{"type":"Feature","properties":{"codarea":"3109907"},"geometry":{"type":"Polygon","coordinates":[[[-44.299,-19.404],[-44.352,-19.386],[-44.401,-19.413],[-44.425,-19.401],[-44.417,-19.367],[-44.438,-19.345],[-44.486,-19.344],[-44.484,-19.298],[-44.44,-19.273],[-44.361,-19.31],[-44.358,-19.335],[-44.315,-19.373],[-44.299,-19.404]]]}},{"type":"Feature","properties":{"codarea":"3110004"},"geometry":{"type":"Polygon","coordinates":[[[-43.639,-19.968],[-43.662,-19.993],[-43.695,-20.062],[-43.69,-20.076],[-43.727,-20.057],[-43.734,-20.001],[-43.723,-19.967],[-43.749,-19.897],[-43.701,-19.822],[-43.689,-19.766],[-43.708,-19.747],[-43.633,-19.715],[-43.629,-19.695],[-43.538,-19.754],[-43.524,-19.834],[-43.522,-19.92],[-43.579,-19.922],[-43.603,-19.951],[-43.639,-19.968]]]}},{"type":"Feature","properties":{"codarea":"3110103"},"geometry":{"type":"Polygon","coordinates":[[[-41.928,-20.794],[-41.927,-20.744],[-41.968,-20.733],[-41.958,-20.695],[-41.911,-20.661],[-41.851,-20.691],[-41.875,-20.766],[-41.905,-20.797],[-41.928,-20.794]]]}},{"type":"Feature","properties":{"codarea":"3110202"},"geometry":{"type":"Polygon","coordinates":[[[-42.83,-20.809],[-42.826,-20.756],[-42.792,-20.761],[-42.754,-20.745],[-42.729,-20.75],[-42.713,-20.816],[-42.768,-20.814],[-42.784,-20.825],[-42.83,-20.809]]]}},{"type":"Feature","properties":{"codarea":"3110301"},"geometry":{"type":"Polygon","coordinates":[[[-46.13,-21.874],[-46.139,-21.892],[-46.211,-21.913],[-46.257,-21.917],[-46.268,-21.94],[-46.342,-21.948],[-46.395,-22.014],[-46.436,-22.037],[-46.469,-22.033],[-46.5,-22.009],[-46.515,-21.965],[-46.565,-21.933],[-46.525,-21.925],[-46.528,-21.876],[-46.491,-21.848],[-46.465,-21.806],[-46.422,-21.796],[-46.399,-21.759],[-46.345,-21.805],[-46.307,-21.809],[-46.315,-21.776],[-46.288,-21.769],[-46.212,-21.792],[-46.188,-21.83],[-46.164,-21.827],[-46.148,-21.87],[-46.13,-21.874]]]}},{"type":"Feature","properties":{"codarea":"3110400"},"geometry":{"type":"Polygon","coordinates":[[[-45.26,-20.651],[-45.182,-20.585],[-45.125,-20.56],[-45.073,-20.595],[-45.046,-20.633],[-45.061,-20.694],[-45.085,-20.744],[-45.105,-20.716],[-45.145,-20.7],[-45.147,-20.668],[-45.223,-20.667],[-45.26,-20.651]]]}},{"type":"Feature","properties":{"codarea":"3110509"},"geometry":{"type":"Polygon","coordinates":[[[-46.051,-22.897],[-46.095,-22.894],[-46.139,-22.923],[-46.141,-22.868],[-46.192,-22.865],[-46.169,-22.838],[-46.229,-22.807],[-46.124,-22.67],[-46.091,-22.687],[-46.054,-22.687],[-46.014,-22.7],[-45.959,-22.691],[-45.921,-22.721],[-45.965,-22.747],[-45.956,-22.85],[-46.008,-22.89],[-46.051,-22.897]]]}},{"type":"Feature","properties":{"codarea":"3110608"},"geometry":{"type":"Polygon","coordinates":[[[-46.054,-22.687],[-46.091,-22.687],[-46.124,-22.67],[-46.133,-22.627],[-46.153,-22.608],[-46.137,-22.584],[-46.158,-22.547],[-46.148,-22.518],[-46.116,-22.494],[-46.062,-22.517],[-46.004,-22.52],[-45.993,-22.549],[-45.956,-22.535],[-45.948,-22.552],[-45.99,-22.567],[-46.032,-22.598],[-46.038,-22.646],[-46.054,-22.687]]]}},{"type":"Feature","properties":{"codarea":"3110707"},"geometry":{"type":"Polygon","coordinates":[[[-45.354,-21.944],[-45.341,-21.93],[-45.346,-21.872],[-45.364,-21.845],[-45.353,-21.812],[-45.328,-21.797],[-45.297,-21.819],[-45.241,-21.799],[-45.209,-21.775],[-45.19,-21.816],[-45.142,-21.868],[-45.27,-21.949],[-45.272,-21.909],[-45.354,-21.944]]]}},{"type":"Feature","properties":{"codarea":"3110806"},"geometry":{"type":"Polygon","coordinates":[[[-41.657,-18.141],[-41.643,-18.201],[-41.598,-18.233],[-41.579,-18.275],[-41.647,-18.301],[-41.691,-18.357],[-41.724,-18.347],[-41.747,-18.363],[-41.756,-18.408],[-41.796,-18.41],[-41.804,-18.37],[-41.875,-18.352],[-41.879,-18.317],[-41.833,-18.281],[-41.845,-18.25],[-41.783,-18.24],[-41.749,-18.177],[-41.735,-18.202],[-41.682,-18.19],[-41.657,-18.141]]]}},{"type":"Feature","properties":{"codarea":"3110905"},"geometry":{"type":"Polygon","coordinates":[[[-45.328,-21.797],[-45.353,-21.812],[-45.364,-21.845],[-45.346,-21.872],[-45.341,-21.93],[-45.354,-21.944],[-45.436,-21.977],[-45.488,-21.904],[-45.501,-21.84],[-45.493,-21.813],[-45.457,-21.794],[-45.393,-21.745],[-45.379,-21.711],[-45.404,-21.683],[-45.376,-21.676],[-45.34,-21.715],[-45.346,-21.767],[-45.328,-21.797]]]}},{"type":"Feature","properties":{"codarea":"3111002"},"geometry":{"type":"Polygon","coordinates":[[[-46.397,-21.76],[-46.329,-21.744],[-46.374,-21.693],[-46.313,-21.661],[-46.278,-21.609],[-46.296,-21.572],[-46.253,-21.554],[-46.23,-21.591],[-46.174,-21.582],[-46.126,-21.64],[-46.084,-21.652],[-46.108,-21.705],[-46.102,-21.742],[-46.144,-21.768],[-46.125,-21.821],[-46.081,-21.858],[-46.092,-21.877],[-46.148,-21.87],[-46.164,-21.827],[-46.188,-21.83],[-46.212,-21.792],[-46.288,-21.769],[-46.315,-21.776],[-46.307,-21.809],[-46.345,-21.805],[-46.397,-21.76]]]}},{"type":"Feature","properties":{"codarea":"3111101"},"geometry":{"type":"Polygon","coordinates":[[[-49.422,-19.263],[-49.35,-19.32],[-49.363,-19.359],[-49.348,-19.397],[-49.307,-19.418],[-49.303,-19.445],[-49.357,-19.491],[-49.365,-19.539],[-49.432,-19.533],[-49.475,-19.56],[-49.484,-19.636],[-49.508,-19.668],[-49.573,-19.68],[-49.63,-19.676],[-49.678,-19.661],[-49.775,-19.654],[-49.834,-19.603],[-49.868,-19.636],[-49.869,-19.67],[-49.92,-19.727],[-49.946,-19.729],[-49.984,-19.695],[-50.014,-19.727],[-50.029,-19.761],[-50.091,-19.77],[-50.116,-19.751],[-50.16,-19.629],[-50.215,-19.559],[-50.19,-19.512],[-50.171,-19.419],[-50.191,-19.375],[-50.173,-19.305],[-50.236,-19.281],[-50.204,-19.291],[-50.16,-19.23],[-50.122,-19.198],[-50.086,-19.246],[-50.042,-19.275],[-50.001,-19.273],[-49.966,-19.3],[-49.89,-19.274],[-49.821,-19.295],[-49.787,-19.33],[-49.76,-19.316],[-49.75,-19.287],[-49.679,-19.277],[-49.654,-19.332],[-49.59,-19.354],[-49.569,-19.337],[-49.538,-19.355],[-49.496,-19.294],[-49.475,-19.241],[-49.422,-19.263]]]}},{"type":"Feature","properties":{"codarea":"3111150"},"geometry":{"type":"Polygon","coordinates":[[[-44.972,-16.549],[-44.929,-16.533],[-44.704,-16.381],[-44.587,-16.495],[-44.609,-16.523],[-44.665,-16.526],[-44.678,-16.546],[-44.713,-16.564],[-44.787,-16.638],[-44.811,-16.649],[-44.827,-16.609],[-44.798,-16.59],[-44.799,-16.531],[-44.891,-16.6],[-44.943,-16.577],[-44.972,-16.549]]]}},{"type":"Feature","properties":{"codarea":"3111200"},"geometry":{"type":"Polygon","coordinates":[[[-45.071,-20.839],[-45.08,-20.869],[-45.133,-20.896],[-45.171,-20.988],[-45.245,-21.011],[-45.282,-21.046],[-45.343,-21.069],[-45.342,-21.014],[-45.361,-20.957],[-45.364,-20.913],[-45.382,-20.896],[-45.431,-20.891],[-45.39,-20.848],[-45.314,-20.821],[-45.271,-20.846],[-45.168,-20.829],[-45.133,-20.84],[-45.118,-20.821],[-45.071,-20.839]]]}},{"type":"Feature","properties":{"codarea":"3111309"},"geometry":{"type":"Polygon","coordinates":[[[-45.948,-21.165],[-45.973,-21.14],[-45.963,-21.086],[-45.922,-21.039],[-45.839,-21.072],[-45.819,-21.067],[-45.765,-21.089],[-45.726,-21.083],[-45.678,-21.137],[-45.737,-21.13],[-45.756,-21.167],[-45.855,-21.164],[-45.918,-21.174],[-45.948,-21.165]]]}},{"type":"Feature","properties":{"codarea":"3111408"},"geometry":{"type":"Polygon","coordinates":[[[-48.455,-19.777],[-48.481,-19.835],[-48.544,-19.89],[-48.601,-19.86],[-48.64,-19.875],[-48.721,-19.878],[-48.741,-19.849],[-48.772,-19.846],[-48.781,-19.825],[-48.834,-19.808],[-48.823,-19.784],[-48.848,-19.749],[-48.861,-19.705],[-48.824,-19.654],[-48.844,-19.59],[-48.793,-19.604],[-48.745,-19.6],[-48.749,-19.555],[-48.69,-19.534],[-48.605,-19.538],[-48.592,-19.551],[-48.546,-19.543],[-48.484,-19.604],[-48.489,-19.63],[-48.462,-19.65],[-48.473,-19.679],[-48.448,-19.707],[-48.455,-19.777]]]}},{"type":"Feature","properties":{"codarea":"3111507"},"geometry":{"type":"Polygon","coordinates":[[[-46.128,-19.543],[-46.105,-19.583],[-46.106,-19.612],[-46.069,-19.65],[-46.119,-19.664],[-46.103,-19.695],[-46.133,-19.802],[-46.208,-19.804],[-46.226,-19.796],[-46.242,-19.759],[-46.244,-19.708],[-46.299,-19.683],[-46.328,-19.642],[-46.284,-19.605],[-46.268,-19.564],[-46.326,-19.492],[-46.28,-19.46],[-46.266,-19.432],[-46.173,-19.423],[-46.156,-19.41],[-46.133,-19.462],[-46.128,-19.543]]]}},{"type":"Feature","properties":{"codarea":"3111606"},"geometry":{"type":"Polygon","coordinates":[[[-45.6,-21.315],[-45.687,-21.335],[-45.701,-21.377],[-45.676,-21.413],[-45.695,-21.437],[-45.764,-21.423],[-45.831,-21.394],[-45.826,-21.322],[-45.857,-21.284],[-45.904,-21.271],[-45.954,-21.235],[-45.948,-21.165],[-45.918,-21.174],[-45.855,-21.164],[-45.756,-21.167],[-45.737,-21.13],[-45.594,-21.144],[-45.576,-21.165],[-45.608,-21.196],[-45.61,-21.276],[-45.6,-21.315]]]}},{"type":"Feature","properties":{"codarea":"3111705"},"geometry":{"type":"Polygon","coordinates":[[[-42.651,-20.759],[-42.673,-20.721],[-42.674,-20.67],[-42.698,-20.657],[-42.668,-20.631],[-42.641,-20.584],[-42.609,-20.606],[-42.558,-20.599],[-42.568,-20.693],[-42.589,-20.746],[-42.651,-20.759]]]}},{"type":"Feature","properties":{"codarea":"3111804"},"geometry":{"type":"Polygon","coordinates":[[[-49.051,-18.788],[-49.093,-18.792],[-49.124,-18.831],[-49.157,-18.832],[-49.211,-18.862],[-49.252,-18.874],[-49.266,-18.9],[-49.26,-18.94],[-49.34,-18.952],[-49.323,-18.89],[-49.331,-18.867],[-49.377,-18.868],[-49.433,-18.845],[-49.424,-18.811],[-49.409,-18.795],[-49.416,-18.75],[-49.403,-18.701],[-49.387,-18.691],[-49.373,-18.635],[-49.328,-18.562],[-49.293,-18.564],[-49.262,-18.591],[-49.236,-18.66],[-49.192,-18.684],[-49.157,-18.67],[-49.133,-18.714],[-49.071,-18.76],[-49.051,-18.788]]]}},{"type":"Feature","properties":{"codarea":"3111903"},"geometry":{"type":"Polygon","coordinates":[[[-45.189,-21.088],[-45.216,-21.098],[-45.205,-21.137],[-45.278,-21.128],[-45.268,-21.089],[-45.282,-21.046],[-45.245,-21.011],[-45.171,-20.988],[-45.142,-20.927],[-45.108,-20.928],[-45.092,-20.951],[-45.103,-21.027],[-45.156,-21.045],[-45.161,-21.081],[-45.189,-21.088]]]}},{"type":"Feature","properties":{"codarea":"3112000"},"geometry":{"type":"Polygon","coordinates":[[[-45.26,-20.651],[-45.223,-20.667],[-45.147,-20.668],[-45.145,-20.7],[-45.105,-20.716],[-45.069,-20.763],[-45.056,-20.817],[-45.071,-20.839],[-45.118,-20.821],[-45.133,-20.84],[-45.168,-20.829],[-45.271,-20.846],[-45.314,-20.821],[-45.39,-20.848],[-45.392,-20.829],[-45.453,-20.762],[-45.483,-20.745],[-45.512,-20.696],[-45.486,-20.671],[-45.411,-20.659],[-45.357,-20.674],[-45.317,-20.656],[-45.294,-20.671],[-45.26,-20.651]]]}},{"type":"Feature","properties":{"codarea":"3112059"},"geometry":{"type":"Polygon","coordinates":[[[-42.685,-18.587],[-42.708,-18.544],[-42.704,-18.508],[-42.682,-18.486],[-42.656,-18.431],[-42.615,-18.416],[-42.618,-18.44],[-42.595,-18.565],[-42.661,-18.6],[-42.685,-18.587]]]}},{"type":"Feature","properties":{"codarea":"3112109"},"geometry":{"type":"Polygon","coordinates":[[[-42.066,-20.517],[-42.069,-20.509],[-42.059,-20.499],[-42.022,-20.499],[-41.987,-20.482],[-41.962,-20.505],[-41.921,-20.514],[-41.914,-20.488],[-41.85,-20.498],[-41.871,-20.57],[-41.899,-20.581],[-41.963,-20.547],[-41.994,-20.552],[-42.066,-20.517]]]}},{"type":"Feature","properties":{"codarea":"3112208"},"geometry":{"type":"Polygon","coordinates":[[[-43.619,-20.857],[-43.577,-20.877],[-43.523,-20.938],[-43.648,-20.954],[-43.675,-20.929],[-43.619,-20.857]]]}},{"type":"Feature","properties":{"codarea":"3112307"},"geometry":{"type":"Polygon","coordinates":[[[-42.6,-17.722],[-42.614,-17.671],[-42.66,-17.658],[-42.696,-17.588],[-42.684,-17.55],[-42.653,-17.554],[-42.663,-17.586],[-42.613,-17.601],[-42.589,-17.631],[-42.54,-17.621],[-42.551,-17.588],[-42.581,-17.566],[-42.599,-17.501],[-42.559,-17.485],[-42.518,-17.521],[-42.463,-17.549],[-42.443,-17.576],[-42.416,-17.579],[-42.37,-17.61],[-42.288,-17.596],[-42.283,-17.632],[-42.327,-17.637],[-42.369,-17.68],[-42.3,-17.73],[-42.323,-17.784],[-42.373,-17.767],[-42.376,-17.8],[-42.411,-17.795],[-42.465,-17.836],[-42.488,-17.882],[-42.487,-17.927],[-42.511,-17.929],[-42.557,-17.898],[-42.548,-17.87],[-42.616,-17.769],[-42.6,-17.722]]]}},{"type":"Feature","properties":{"codarea":"3112406"},"geometry":{"type":"Polygon","coordinates":[[[-47.143,-20.566],[-47.113,-20.538],[-47.068,-20.528],[-47.043,-20.544],[-46.996,-20.644],[-46.991,-20.683],[-46.904,-20.688],[-46.937,-20.758],[-46.963,-20.793],[-46.985,-20.76],[-47.029,-20.731],[-47.076,-20.713],[-47.101,-20.682],[-47.097,-20.644],[-47.123,-20.613],[-47.143,-20.566]]]}},{"type":"Feature","properties":{"codarea":"3112505"},"geometry":{"type":"Polygon","coordinates":[[[-44.198,-19.642],[-44.223,-19.599],[-44.207,-19.53],[-44.181,-19.524],[-44.171,-19.537],[-44.109,-19.521],[-44.105,-19.557],[-44.12,-19.591],[-44.188,-19.619],[-44.198,-19.642]]]}},{"type":"Feature","properties":{"codarea":"3112604"},"geometry":{"type":"Polygon","coordinates":[[[-49.723,-18.609],[-49.653,-18.574],[-49.642,-18.555],[-49.548,-18.54],[-49.532,-18.599],[-49.545,-18.647],[-49.403,-18.701],[-49.416,-18.75],[-49.409,-18.795],[-49.424,-18.811],[-49.484,-18.789],[-49.529,-18.756],[-49.56,-18.779],[-49.636,-18.797],[-49.665,-18.769],[-49.715,-18.749],[-49.728,-18.718],[-49.718,-18.642],[-49.723,-18.609]]]}},{"type":"Feature","properties":{"codarea":"3112653"},"geometry":{"type":"Polygon","coordinates":[[[-41.946,-19.023],[-41.937,-18.983],[-41.889,-19.021],[-41.804,-18.976],[-41.767,-18.973],[-41.74,-19.0],[-41.736,-19.049],[-41.699,-19.046],[-41.705,-19.095],[-41.74,-19.089],[-41.844,-19.124],[-41.904,-19.118],[-41.899,-19.066],[-41.943,-19.061],[-41.946,-19.023]]]}},{"type":"Feature","properties":{"codarea":"3112703"},"geometry":{"type":"Polygon","coordinates":[[[-43.766,-16.089],[-43.702,-16.039],[-43.685,-15.987],[-43.641,-15.939],[-43.631,-15.906],[-43.636,-15.863],[-43.663,-15.84],[-43.635,-15.819],[-43.62,-15.785],[-43.613,-15.862],[-43.557,-15.91],[-43.542,-15.953],[-43.557,-16.005],[-43.528,-16.087],[-43.538,-16.142],[-43.673,-16.297],[-43.676,-16.405],[-43.696,-16.416],[-43.747,-16.405],[-43.785,-16.359],[-43.794,-16.299],[-43.779,-16.282],[-43.797,-16.234],[-43.774,-16.195],[-43.766,-16.146],[-43.785,-16.126],[-43.766,-16.089]]]}},{"type":"Feature","properties":{"codarea":"3112802"},"geometry":{"type":"Polygon","coordinates":[[[-46.129,-20.717],[-46.15,-20.695],[-46.186,-20.698],[-46.21,-20.682],[-46.241,-20.688],[-46.275,-20.66],[-46.304,-20.574],[-46.337,-20.553],[-46.289,-20.56],[-46.287,-20.536],[-46.248,-20.508],[-46.222,-20.506],[-46.197,-20.542],[-46.148,-20.569],[-46.103,-20.532],[-46.059,-20.555],[-45.989,-20.558],[-45.968,-20.588],[-46.026,-20.694],[-46.084,-20.691],[-46.129,-20.717]]]}},{"type":"Feature","properties":{"codarea":"3112901"},"geometry":{"type":"Polygon","coordinates":[[[-42.315,-20.202],[-42.311,-20.143],[-42.248,-20.084],[-42.21,-20.089],[-42.213,-20.169],[-42.194,-20.195],[-42.213,-20.283],[-42.251,-20.274],[-42.253,-20.247],[-42.315,-20.202]]]}},{"type":"Feature","properties":{"codarea":"3113008"},"geometry":{"type":"Polygon","coordinates":[[[-41.385,-17.05],[-41.324,-17.06],[-41.339,-17.147],[-41.341,-17.216],[-41.318,-17.278],[-41.323,-17.311],[-41.351,-17.347],[-41.371,-17.298],[-41.397,-17.296],[-41.428,-17.324],[-41.453,-17.325],[-41.521,-17.298],[-41.544,-17.277],[-41.601,-17.266],[-41.656,-17.234],[-41.689,-17.252],[-41.69,-17.277],[-41.729,-17.325],[-41.733,-17.356],[-41.749,-17.344],[-41.76,-17.287],[-41.794,-17.246],[-41.825,-17.229],[-41.816,-17.199],[-41.786,-17.161],[-41.868,-17.109],[-41.853,-17.091],[-41.866,-17.056],[-41.843,-17.032],[-41.814,-17.056],[-41.797,-17.024],[-41.763,-17.02],[-41.751,-16.993],[-41.708,-16.97],[-41.674,-16.987],[-41.679,-17.035],[-41.654,-17.072],[-41.669,-17.107],[-41.656,-17.122],[-41.65,-17.191],[-41.597,-17.158],[-41.602,-17.139],[-41.553,-17.107],[-41.525,-17.11],[-41.486,-17.081],[-41.435,-17.126],[-41.416,-17.128],[-41.385,-17.05]]]}},{"type":"Feature","properties":{"codarea":"3113107"},"geometry":{"type":"Polygon","coordinates":[[[-43.675,-20.929],[-43.709,-20.951],[-43.742,-20.933],[-43.77,-20.938],[-43.821,-20.913],[-43.781,-20.863],[-43.731,-20.845],[-43.715,-20.856],[-43.657,-20.836],[-43.619,-20.857],[-43.675,-20.929]]]}},{"type":"Feature","properties":{"codarea":"3113206"},"geometry":{"type":"Polygon","coordinates":[[[-43.709,-21.02],[-43.755,-21.025],[-43.772,-21.064],[-43.856,-21.1],[-43.89,-21.104],[-43.91,-21.125],[-43.941,-21.122],[-43.93,-21.063],[-43.964,-21.042],[-43.995,-20.989],[-43.969,-20.974],[-43.922,-20.927],[-43.898,-20.917],[-43.896,-20.886],[-43.883,-20.895],[-43.816,-20.872],[-43.797,-20.884],[-43.821,-20.913],[-43.77,-20.938],[-43.742,-20.933],[-43.709,-20.951],[-43.675,-20.929],[-43.648,-20.954],[-43.709,-21.02]]]}},{"type":"Feature","properties":{"codarea":"3113305"},"geometry":{"type":"Polygon","coordinates":[[[-41.968,-20.733],[-41.967,-20.755],[-42.02,-20.774],[-42.047,-20.742],[-42.086,-20.731],[-42.146,-20.75],[-42.201,-20.816],[-42.218,-20.793],[-42.206,-20.763],[-42.247,-20.737],[-42.216,-20.666],[-42.184,-20.689],[-42.134,-20.69],[-42.096,-20.656],[-42.077,-20.6],[-42.022,-20.613],[-41.988,-20.639],[-41.958,-20.695],[-41.968,-20.733]]]}},{"type":"Feature","properties":{"codarea":"3113404"},"geometry":{"type":"Polygon","coordinates":[[[-42.008,-19.733],[-41.962,-19.727],[-41.917,-19.669],[-41.903,-19.621],[-41.854,-19.583],[-41.815,-19.594],[-41.804,-19.623],[-41.818,-19.708],[-41.786,-19.739],[-41.796,-19.775],[-41.785,-19.813],[-41.802,-19.832],[-41.827,-19.829],[-41.889,-19.885],[-41.973,-19.882],[-41.976,-19.919],[-42.02,-19.917],[-42.075,-19.886],[-42.077,-19.846],[-42.17,-19.833],[-42.153,-19.879],[-42.157,-19.913],[-42.169,-19.938],[-42.189,-19.922],[-42.236,-19.926],[-42.248,-19.908],[-42.235,-19.873],[-42.241,-19.84],[-42.205,-19.831],[-42.233,-19.797],[-42.241,-19.727],[-42.205,-19.697],[-42.228,-19.589],[-42.264,-19.583],[-42.268,-19.554],[-42.301,-19.538],[-42.352,-19.568],[-42.347,-19.59],[-42.399,-19.604],[-42.49,-19.544],[-42.514,-19.492],[-42.502,-19.492],[-42.432,-19.439],[-42.395,-19.45],[-42.338,-19.445],[-42.295,-19.455],[-42.278,-19.444],[-42.292,-19.472],[-42.3,-19.52],[-42.214,-19.559],[-42.207,-19.608],[-42.162,-19.615],[-42.154,-19.671],[-42.121,-19.677],[-42.114,-19.741],[-42.096,-19.739],[-42.09,-19.777],[-42.059,-19.792],[-42.047,-19.838],[-42.006,-19.816],[-41.998,-19.777],[-42.008,-19.733]]]}},{"type":"Feature","properties":{"codarea":"3113503"},"geometry":{"type":"Polygon","coordinates":[[[-42.869,-17.401],[-42.884,-17.449],[-42.86,-17.479],[-42.88,-17.496],[-42.838,-17.555],[-42.873,-17.605],[-42.916,-17.594],[-42.962,-17.646],[-42.975,-17.715],[-43.016,-17.679],[-43.016,-17.638],[-43.032,-17.62],[-43.14,-17.725],[-43.158,-17.772],[-43.227,-17.563],[-43.218,-17.414],[-43.198,-17.399],[-43.201,-17.364],[-43.228,-17.345],[-43.19,-17.292],[-43.134,-17.304],[-43.084,-17.253],[-43.042,-17.308],[-43.007,-17.331],[-42.996,-17.359],[-42.945,-17.322],[-42.879,-17.363],[-42.869,-17.401]]]}},{"type":"Feature","properties":{"codarea":"3113602"},"geometry":{"type":"Polygon","coordinates":[[[-45.743,-22.103],[-45.731,-22.08],[-45.678,-22.033],[-45.717,-21.994],[-45.684,-21.98],[-45.643,-21.985],[-45.619,-22.019],[-45.64,-22.032],[-45.605,-22.073],[-45.598,-22.103],[-45.617,-22.121],[-45.616,-22.16],[-45.665,-22.168],[-45.692,-22.136],[-45.718,-22.136],[-45.743,-22.103]]]}},{"type":"Feature","properties":{"codarea":"3113701"},"geometry":{"type":"Polygon","coordinates":[[[-40.605,-17.356],[-40.597,-17.421],[-40.52,-17.447],[-40.552,-17.477],[-40.545,-17.501],[-40.58,-17.544],[-40.619,-17.575],[-40.621,-17.599],[-40.59,-17.666],[-40.614,-17.719],[-40.558,-17.738],[-40.532,-17.775],[-40.549,-17.811],[-40.597,-17.815],[-40.606,-17.836],[-40.656,-17.865],[-40.735,-17.876],[-40.785,-17.921],[-40.798,-17.957],[-40.831,-17.954],[-40.863,-17.988],[-40.902,-17.986],[-40.969,-17.951],[-41.048,-17.992],[-41.084,-18.0],[-41.103,-17.951],[-41.142,-17.949],[-41.153,-17.903],[-41.102,-17.869],[-41.088,-17.835],[-41.15,-17.778],[-41.131,-17.752],[-41.133,-17.708],[-41.193,-17.641],[-41.141,-17.649],[-41.087,-17.604],[-40.966,-17.601],[-40.942,-17.576],[-40.957,-17.545],[-40.923,-17.488],[-40.975,-17.435],[-40.946,-17.405],[-40.958,-17.369],[-40.952,-17.333],[-40.854,-17.342],[-40.816,-17.376],[-40.777,-17.35],[-40.748,-17.347],[-40.707,-17.36],[-40.687,-17.389],[-40.637,-17.394],[-40.605,-17.356]]]}},{"type":"Feature","properties":{"codarea":"3113800"},"geometry":{"type":"Polygon","coordinates":[[[-43.084,-19.024],[-43.078,-19.06],[-43.094,-19.106],[-43.163,-19.115],[-43.182,-19.139],[-43.255,-19.14],[-43.295,-19.098],[-43.261,-19.096],[-43.221,-19.005],[-43.156,-18.971],[-43.084,-19.024]]]}},{"type":"Feature","properties":{"codarea":"3113909"},"geometry":{"type":"Polygon","coordinates":[[[-45.255,-21.554],[-45.29,-21.52],[-45.365,-21.481],[-45.335,-21.453],[-45.334,-21.42],[-45.273,-21.377],[-45.227,-21.372],[-45.202,-21.355],[-45.145,-21.349],[-45.116,-21.362],[-45.085,-21.399],[-45.061,-21.409],[-45.042,-21.455],[-45.064,-21.5],[-45.095,-21.501],[-45.112,-21.542],[-45.179,-21.538],[-45.255,-21.554]]]}},{"type":"Feature","properties":{"codarea":"3114006"},"geometry":{"type":"Polygon","coordinates":[[[-44.776,-20.539],[-44.752,-20.609],[-44.791,-20.605],[-44.823,-20.64],[-44.892,-20.65],[-44.941,-20.633],[-44.959,-20.61],[-44.999,-20.593],[-45.012,-20.57],[-45.013,-20.504],[-44.983,-20.486],[-44.946,-20.495],[-44.892,-20.471],[-44.837,-20.513],[-44.808,-20.499],[-44.776,-20.539]]]}},{"type":"Feature","properties":{"codarea":"3114105"},"geometry":{"type":"Polygon","coordinates":[[[-45.06,-22.144],[-45.065,-22.175],[-45.112,-22.184],[-45.137,-22.177],[-45.164,-22.201],[-45.18,-22.199],[-45.234,-22.149],[-45.251,-22.114],[-45.237,-22.041],[-45.21,-22.018],[-45.2,-21.985],[-45.127,-21.982],[-45.13,-22.008],[-45.084,-22.05],[-45.075,-22.096],[-45.089,-22.112],[-45.06,-22.144]]]}},{"type":"Feature","properties":{"codarea":"3114204"},"geometry":{"type":"Polygon","coordinates":[[[-44.758,-20.253],[-44.753,-20.222],[-44.793,-20.182],[-44.821,-20.117],[-44.861,-20.09],[-44.793,-20.062],[-44.754,-20.054],[-44.718,-20.085],[-44.717,-20.108],[-44.666,-20.129],[-44.619,-20.164],[-44.613,-20.2],[-44.57,-20.224],[-44.566,-20.279],[-44.623,-20.3],[-44.659,-20.338],[-44.697,-20.33],[-44.758,-20.253]]]}},{"type":"Feature","properties":{"codarea":"3114303"},"geometry":{"type":"Polygon","coordinates":[[[-46.217,-19.063],[-46.264,-19.064],[-46.284,-19.102],[-46.372,-19.117],[-46.407,-19.091],[-46.412,-19.067],[-46.427,-19.057],[-46.441,-19.005],[-46.496,-18.948],[-46.508,-18.917],[-46.439,-18.919],[-46.403,-18.881],[-46.336,-18.897],[-46.298,-18.893],[-46.272,-18.857],[-46.241,-18.854],[-46.24,-18.824],[-46.194,-18.822],[-46.179,-18.84],[-46.128,-18.813],[-46.093,-18.768],[-46.069,-18.755],[-46.062,-18.719],[-46.008,-18.694],[-45.988,-18.701],[-45.925,-18.673],[-45.909,-18.652],[-45.862,-18.64],[-45.862,-18.672],[-45.899,-18.738],[-45.95,-18.762],[-45.977,-18.898],[-46.028,-18.946],[-46.039,-18.994],[-46.084,-18.998],[-46.121,-18.949],[-46.163,-19.034],[-46.217,-19.063]]]}},{"type":"Feature","properties":{"codarea":"3114402"},"geometry":{"type":"Polygon","coordinates":[[[-46.35,-21.013],[-46.358,-20.99],[-46.261,-20.912],[-46.268,-20.866],[-46.246,-20.831],[-46.193,-20.798],[-46.13,-20.818],[-46.063,-20.823],[-46.051,-20.863],[-45.975,-20.871],[-45.941,-20.891],[-45.938,-20.93],[-45.895,-20.925],[-45.908,-20.971],[-45.928,-21.0],[-45.922,-21.039],[-45.963,-21.086],[-45.973,-21.14],[-46.044,-21.192],[-46.085,-21.112],[-46.121,-21.096],[-46.143,-21.052],[-46.235,-21.037],[-46.246,-21.017],[-46.293,-20.998],[-46.35,-21.013]]]}},{"type":"Feature","properties":{"codarea":"3114501"},"geometry":{"type":"Polygon","coordinates":[[[-44.544,-20.516],[-44.573,-20.547],[-44.569,-20.568],[-44.599,-20.592],[-44.589,-20.645],[-44.617,-20.677],[-44.618,-20.71],[-44.662,-20.703],[-44.691,-20.675],[-44.684,-20.649],[-44.724,-20.616],[-44.752,-20.609],[-44.776,-20.539],[-44.74,-20.555],[-44.7,-20.537],[-44.711,-20.481],[-44.656,-20.468],[-44.628,-20.405],[-44.594,-20.457],[-44.543,-20.483],[-44.544,-20.516]]]}},{"type":"Feature","properties":{"codarea":"3114550"},"geometry":{"type":"Polygon","coordinates":[[[-50.562,-19.814],[-50.578,-19.816],[-50.658,-19.907],[-50.784,-19.937],[-50.886,-19.99],[-50.908,-19.994],[-50.946,-20.03],[-50.969,-20.036],[-51.001,-20.085],[-51.018,-20.048],[-51.005,-19.996],[-51.021,-19.959],[-50.999,-19.906],[-51.019,-19.87],[-51.024,-19.804],[-51.033,-19.791],[-51.028,-19.757],[-51.046,-19.736],[-51.038,-19.692],[-50.988,-19.59],[-50.924,-19.581],[-50.931,-19.542],[-50.963,-19.501],[-50.935,-19.468],[-50.849,-19.498],[-50.809,-19.467],[-50.749,-19.499],[-50.663,-19.626],[-50.601,-19.652],[-50.616,-19.688],[-50.606,-19.722],[-50.573,-19.76],[-50.562,-19.814]]]}},{"type":"Feature","properties":{"codarea":"3114600"},"geometry":{"type":"Polygon","coordinates":[[[-44.602,-21.347],[-44.575,-21.309],[-44.556,-21.313],[-44.511,-21.354],[-44.521,-21.393],[-44.482,-21.408],[-44.455,-21.471],[-44.456,-21.518],[-44.497,-21.576],[-44.646,-21.621],[-44.676,-21.64],[-44.753,-21.605],[-44.792,-21.596],[-44.741,-21.511],[-44.763,-21.478],[-44.765,-21.443],[-44.716,-21.437],[-44.638,-21.449],[-44.649,-21.406],[-44.609,-21.371],[-44.602,-21.347]]]}},{"type":"Feature","properties":{"codarea":"3114709"},"geometry":{"type":"Polygon","coordinates":[[[-45.849,-21.809],[-45.897,-21.777],[-45.884,-21.749],[-45.817,-21.723],[-45.796,-21.731],[-45.801,-21.767],[-45.766,-21.777],[-45.788,-21.823],[-45.849,-21.809]]]}},{"type":"Feature","properties":{"codarea":"3114808"},"geometry":{"type":"Polygon","coordinates":[[[-44.556,-21.969],[-44.513,-21.927],[-44.466,-21.924],[-44.441,-21.959],[-44.396,-21.958],[-44.379,-21.941],[-44.409,-21.974],[-44.408,-22.018],[-44.437,-22.067],[-44.43,-22.115],[-44.476,-22.12],[-44.491,-22.137],[-44.541,-22.129],[-44.528,-22.083],[-44.547,-22.053],[-44.582,-22.029],[-44.556,-21.969]]]}},{"type":"Feature","properties":{"codarea":"3114907"},"geometry":{"type":"Polygon","coordinates":[[[-44.002,-20.8],[-43.957,-20.759],[-43.898,-20.767],[-43.881,-20.854],[-43.896,-20.886],[-43.898,-20.917],[-43.922,-20.927],[-43.975,-20.881],[-44.006,-20.823],[-44.002,-20.8]]]}},{"type":"Feature","properties":{"codarea":"3115003"},"geometry":{"type":"Polygon","coordinates":[[[-47.955,-18.5],[-47.914,-18.467],[-47.888,-18.477],[-47.865,-18.449],[-47.827,-18.473],[-47.817,-18.509],[-47.789,-18.514],[-47.76,-18.576],[-47.786,-18.595],[-47.808,-18.642],[-47.831,-18.643],[-47.863,-18.68],[-47.893,-18.676],[-47.893,-18.66],[-47.974,-18.639],[-47.981,-18.595],[-47.951,-18.539],[-47.955,-18.5]]]}},{"type":"Feature","properties":{"codarea":"3115102"},"geometry":{"type":"Polygon","coordinates":[[[-47.068,-20.528],[-47.048,-20.518],[-47.034,-20.475],[-47.007,-20.446],[-47.028,-20.392],[-46.924,-20.361],[-46.901,-20.413],[-46.824,-20.418],[-46.82,-20.462],[-46.863,-20.47],[-46.853,-20.532],[-46.808,-20.535],[-46.806,-20.56],[-46.842,-20.602],[-46.832,-20.631],[-46.848,-20.711],[-46.901,-20.73],[-46.937,-20.758],[-46.904,-20.688],[-46.991,-20.683],[-46.996,-20.644],[-47.043,-20.544],[-47.068,-20.528]]]}},{"type":"Feature","properties":{"codarea":"3115201"},"geometry":{"type":"Polygon","coordinates":[[[-44.466,-21.231],[-44.537,-21.241],[-44.572,-21.207],[-44.565,-21.178],[-44.581,-21.103],[-44.509,-21.07],[-44.482,-21.044],[-44.449,-21.052],[-44.409,-21.09],[-44.407,-21.131],[-44.425,-21.178],[-44.461,-21.204],[-44.466,-21.231]]]}},{"type":"Feature","properties":{"codarea":"3115300"},"geometry":{"type":"Polygon","coordinates":[[[-42.523,-21.4],[-42.532,-21.436],[-42.593,-21.436],[-42.611,-21.411],[-42.681,-21.445],[-42.724,-21.429],[-42.782,-21.461],[-42.799,-21.424],[-42.766,-21.343],[-42.767,-21.296],[-42.795,-21.271],[-42.77,-21.267],[-42.753,-21.203],[-42.723,-21.221],[-42.662,-21.22],[-42.613,-21.233],[-42.59,-21.255],[-42.629,-21.319],[-42.626,-21.347],[-42.585,-21.354],[-42.502,-21.312],[-42.529,-21.337],[-42.536,-21.373],[-42.523,-21.4]]]}},{"type":"Feature","properties":{"codarea":"3115359"},"geometry":{"type":"Polygon","coordinates":[[[-43.345,-20.14],[-43.404,-20.143],[-43.422,-20.122],[-43.458,-20.144],[-43.511,-20.129],[-43.514,-20.083],[-43.484,-20.067],[-43.468,-20.034],[-43.429,-20.029],[-43.404,-20.0],[-43.354,-19.995],[-43.314,-20.045],[-43.316,-20.078],[-43.345,-20.14]]]}},{"type":"Feature","properties":{"codarea":"3115409"},"geometry":{"type":"Polygon","coordinates":[[[-43.497,-20.734],[-43.535,-20.72],[-43.559,-20.658],[-43.565,-20.606],[-43.533,-20.595],[-43.501,-20.623],[-43.459,-20.632],[-43.436,-20.659],[-43.448,-20.692],[-43.436,-20.716],[-43.474,-20.738],[-43.497,-20.734]]]}},{"type":"Feature","properties":{"codarea":"3115458"},"geometry":{"type":"Polygon","coordinates":[[[-41.566,-17.492],[-41.592,-17.47],[-41.602,-17.433],[-41.587,-17.401],[-41.595,-17.357],[-41.569,-17.344],[-41.59,-17.296],[-41.608,-17.293],[-41.656,-17.234],[-41.601,-17.266],[-41.544,-17.277],[-41.521,-17.298],[-41.453,-17.325],[-41.428,-17.324],[-41.397,-17.296],[-41.371,-17.298],[-41.351,-17.347],[-41.347,-17.389],[-41.361,-17.411],[-41.431,-17.399],[-41.501,-17.458],[-41.529,-17.499],[-41.566,-17.492]]]}},{"type":"Feature","properties":{"codarea":"3115474"},"geometry":{"type":"Polygon","coordinates":[[[-43.247,-15.257],[-43.195,-15.234],[-43.167,-15.257],[-43.106,-15.268],[-43.075,-15.307],[-43.022,-15.331],[-42.989,-15.318],[-42.963,-15.327],[-42.938,-15.368],[-42.986,-15.388],[-43.016,-15.358],[-43.04,-15.406],[-43.064,-15.407],[-43.08,-15.45],[-43.109,-15.411],[-43.207,-15.323],[-43.206,-15.28],[-43.247,-15.257]]]}},{"type":"Feature","properties":{"codarea":"3115508"},"geometry":{"type":"Polygon","coordinates":[[[-44.927,-22.082],[-44.94,-22.077],[-44.96,-22.022],[-44.971,-21.959],[-44.997,-21.949],[-44.998,-21.904],[-44.946,-21.908],[-44.914,-21.972],[-44.927,-22.082]]]}},{"type":"Feature","properties":{"codarea":"3115607"},"geometry":{"type":"Polygon","coordinates":[[[-45.699,-18.985],[-45.66,-19.011],[-45.641,-19.042],[-45.656,-19.105],[-45.625,-19.154],[-45.65,-19.201],[-45.698,-19.209],[-45.73,-19.227],[-45.775,-19.215],[-45.77,-19.175],[-45.784,-19.157],[-45.742,-19.051],[-45.716,-19.032],[-45.699,-18.985]]]}},{"type":"Feature","properties":{"codarea":"3115706"},"geometry":{"type":"Polygon","coordinates":[[[-41.361,-18.825],[-41.346,-18.767],[-41.378,-18.761],[-41.392,-18.728],[-41.378,-18.701],[-41.326,-18.716],[-41.247,-18.709],[-41.202,-18.683],[-41.227,-18.725],[-41.243,-18.854],[-41.264,-18.866],[-41.301,-18.826],[-41.361,-18.825]]]}},{"type":"Feature","properties":{"codarea":"3115805"},"geometry":{"type":"Polygon","coordinates":[[[-49.293,-18.564],[-49.286,-18.536],[-49.249,-18.523],[-49.205,-18.529],[-49.173,-18.564],[-49.152,-18.556],[-49.113,-18.589],[-49.089,-18.641],[-49.039,-18.676],[-49.042,-18.719],[-49.06,-18.752],[-49.051,-18.788],[-49.071,-18.76],[-49.133,-18.714],[-49.157,-18.67],[-49.192,-18.684],[-49.236,-18.66],[-49.262,-18.591],[-49.293,-18.564]]]}},{"type":"Feature","properties":{"codarea":"3115904"},"geometry":{"type":"Polygon","coordinates":[[[-43.295,-21.661],[-43.263,-21.637],[-43.226,-21.631],[-43.189,-21.609],[-43.169,-21.618],[-43.179,-21.649],[-43.141,-21.663],[-43.133,-21.695],[-43.162,-21.702],[-43.188,-21.743],[-43.247,-21.77],[-43.258,-21.754],[-43.262,-21.685],[-43.295,-21.661]]]}},{"type":"Feature","properties":{"codarea":"3116001"},"geometry":{"type":"Polygon","coordinates":[[[-41.727,-20.102],[-41.751,-20.042],[-41.72,-19.998],[-41.722,-19.987],[-41.657,-19.942],[-41.649,-19.973],[-41.593,-20.002],[-41.548,-19.996],[-41.559,-20.033],[-41.589,-20.059],[-41.664,-20.097],[-41.727,-20.102]]]}},{"type":"Feature","properties":{"codarea":"3116100"},"geometry":{"type":"Polygon","coordinates":[[[-42.628,-17.104],[-42.63,-17.089],[-42.681,-17.045],[-42.657,-16.993],[-42.582,-16.948],[-42.552,-16.946],[-42.518,-16.98],[-42.522,-17.01],[-42.468,-17.012],[-42.431,-17.091],[-42.394,-17.117],[-42.342,-17.108],[-42.347,-17.126],[-42.315,-17.186],[-42.271,-17.145],[-42.249,-17.174],[-42.149,-17.257],[-42.132,-17.308],[-42.115,-17.316],[-42.104,-17.354],[-42.114,-17.345],[-42.175,-17.367],[-42.2,-17.321],[-42.293,-17.285],[-42.324,-17.234],[-42.37,-17.266],[-42.387,-17.224],[-42.422,-17.201],[-42.473,-17.149],[-42.527,-17.146],[-42.559,-17.171],[-42.594,-17.127],[-42.628,-17.104]]]}},{"type":"Feature","properties":{"codarea":"3116159"},"geometry":{"type":"Polygon","coordinates":[[[-45.818,-15.405],[-45.777,-15.368],[-45.71,-15.34],[-45.608,-15.235],[-45.637,-15.229],[-45.72,-15.242],[-45.754,-15.209],[-45.768,-15.179],[-45.74,-15.12],[-45.673,-15.078],[-45.65,-15.024],[-45.617,-15.014],[-45.586,-15.034],[-45.565,-15.026],[-45.51,-15.049],[-45.49,-15.098],[-45.434,-15.133],[-45.448,-15.2],[-45.47,-15.22],[-45.465,-15.273],[-45.44,-15.309],[-45.362,-15.341],[-45.321,-15.338],[-45.268,-15.363],[-45.236,-15.465],[-45.236,-15.499],[-45.182,-15.557],[-45.156,-15.557],[-45.094,-15.587],[-45.122,-15.626],[-45.18,-15.666],[-45.258,-15.745],[-45.226,-15.844],[-45.265,-15.863],[-45.309,-15.9],[-45.387,-15.889],[-45.465,-15.78],[-45.508,-15.766],[-45.586,-15.718],[-45.56,-15.69],[-45.588,-15.655],[-45.584,-15.58],[-45.601,-15.549],[-45.584,-15.512],[-45.6,-15.441],[-45.66,-15.417],[-45.727,-15.438],[-45.756,-15.411],[-45.793,-15.431],[-45.818,-15.405]]]}},{"type":"Feature","properties":{"codarea":"3116209"},"geometry":{"type":"Polygon","coordinates":[[[-42.885,-21.851],[-42.88,-21.866],[-42.899,-21.891],[-42.887,-21.899],[-42.907,-21.908],[-42.92,-21.93],[-42.91,-21.991],[-43.002,-22.033],[-43.033,-22.066],[-43.075,-22.093],[-43.106,-22.083],[-43.142,-22.104],[-43.153,-22.074],[-43.131,-22.035],[-43.121,-21.986],[-43.087,-21.996],[-43.055,-21.959],[-42.968,-21.944],[-42.955,-21.924],[-42.882,-21.863],[-42.885,-21.851]]]}},{"type":"Feature","properties":{"codarea":"3116308"},"geometry":{"type":"Polygon","coordinates":[[[-43.471,-20.939],[-43.424,-20.924],[-43.372,-20.881],[-43.373,-20.867],[-43.295,-20.853],[-43.291,-20.955],[-43.325,-20.979],[-43.347,-20.95],[-43.375,-20.976],[-43.419,-20.978],[-43.471,-20.939]]]}},{"type":"Feature","properties":{"codarea":"3116407"},"geometry":{"type":"Polygon","coordinates":[[[-47.277,-20.292],[-47.233,-20.227],[-47.184,-20.291],[-47.211,-20.33],[-47.215,-20.367],[-47.193,-20.383],[-47.197,-20.465],[-47.224,-20.491],[-47.291,-20.451],[-47.294,-20.419],[-47.285,-20.406],[-47.298,-20.348],[-47.277,-20.292]]]}},{"type":"Feature","properties":{"codarea":"3116506"},"geometry":{"type":"Polygon","coordinates":[[[-44.106,-17.146],[-44.111,-17.162],[-44.164,-17.19],[-44.174,-17.216],[-44.223,-17.278],[-44.257,-17.259],[-44.31,-17.289],[-44.329,-17.25],[-44.306,-17.196],[-44.269,-17.158],[-44.326,-17.131],[-44.35,-17.109],[-44.333,-17.046],[-44.297,-17.021],[-44.283,-16.993],[-44.332,-16.946],[-44.248,-16.909],[-44.241,-16.885],[-44.157,-16.83],[-44.13,-16.821],[-44.12,-16.88],[-44.133,-16.892],[-44.132,-16.964],[-44.16,-17.0],[-44.165,-17.035],[-44.196,-17.073],[-44.196,-17.104],[-44.127,-17.109],[-44.106,-17.146]]]}},{"type":"Feature","properties":{"codarea":"3116605"},"geometry":{"type":"Polygon","coordinates":[[[-44.892,-20.471],[-44.883,-20.392],[-44.914,-20.318],[-44.904,-20.259],[-44.87,-20.306],[-44.774,-20.249],[-44.758,-20.253],[-44.697,-20.33],[-44.659,-20.338],[-44.628,-20.405],[-44.656,-20.468],[-44.711,-20.481],[-44.7,-20.537],[-44.74,-20.555],[-44.776,-20.539],[-44.808,-20.499],[-44.837,-20.513],[-44.892,-20.471]]]}},{"type":"Feature","properties":{"codarea":"3116704"},"geometry":{"type":"Polygon","coordinates":[[[-42.73,-20.862],[-42.756,-20.877],[-42.797,-20.866],[-42.852,-20.88],[-42.886,-20.847],[-42.886,-20.825],[-42.845,-20.836],[-42.83,-20.809],[-42.784,-20.825],[-42.768,-20.814],[-42.713,-20.816],[-42.709,-20.839],[-42.73,-20.862]]]}},{"type":"Feature","properties":{"codarea":"3116803"},"geometry":{"type":"Polygon","coordinates":[[[-42.867,-18.123],[-42.829,-18.098],[-42.825,-18.162],[-42.804,-18.209],[-42.761,-18.214],[-42.772,-18.251],[-42.728,-18.284],[-42.728,-18.317],[-42.755,-18.324],[-42.8,-18.38],[-42.831,-18.361],[-42.869,-18.364],[-42.867,-18.291],[-42.912,-18.29],[-42.945,-18.235],[-42.93,-18.182],[-42.89,-18.159],[-42.867,-18.123]]]}},{"type":"Feature","properties":{"codarea":"3116902"},"geometry":{"type":"Polygon","coordinates":[[[-49.365,-19.539],[-49.296,-19.539],[-49.283,-19.551],[-49.163,-19.604],[-49.099,-19.598],[-49.084,-19.578],[-49.033,-19.582],[-48.96,-19.574],[-48.907,-19.583],[-48.862,-19.619],[-48.844,-19.59],[-48.824,-19.654],[-48.861,-19.705],[-48.848,-19.749],[-48.823,-19.784],[-48.834,-19.808],[-48.879,-19.78],[-48.922,-19.802],[-49.008,-19.799],[-49.026,-19.784],[-49.081,-19.776],[-49.139,-19.787],[-49.209,-19.747],[-49.203,-19.695],[-49.221,-19.673],[-49.268,-19.693],[-49.33,-19.661],[-49.374,-19.553],[-49.365,-19.539]]]}},{"type":"Feature","properties":{"codarea":"3117009"},"geometry":{"type":"Polygon","coordinates":[[[-41.898,-16.337],[-41.932,-16.281],[-41.868,-16.183],[-41.803,-16.168],[-41.767,-16.184],[-41.716,-16.179],[-41.696,-16.165],[-41.691,-16.204],[-41.651,-16.211],[-41.63,-16.23],[-41.639,-16.328],[-41.627,-16.382],[-41.669,-16.374],[-41.723,-16.426],[-41.762,-16.413],[-41.804,-16.373],[-41.844,-16.355],[-41.872,-16.375],[-41.898,-16.337]]]}},{"type":"Feature","properties":{"codarea":"3117108"},"geometry":{"type":"Polygon","coordinates":[[[-46.292,-21.153],[-46.295,-21.108],[-46.326,-21.106],[-46.347,-21.068],[-46.35,-21.013],[-46.293,-20.998],[-46.246,-21.017],[-46.235,-21.037],[-46.143,-21.052],[-46.121,-21.096],[-46.085,-21.112],[-46.07,-21.147],[-46.145,-21.154],[-46.177,-21.197],[-46.292,-21.153]]]}},{"type":"Feature","properties":{"codarea":"3117207"},"geometry":{"type":"Polygon","coordinates":[[[-45.371,-22.082],[-45.337,-22.103],[-45.334,-22.119],[-45.375,-22.141],[-45.394,-22.168],[-45.463,-22.194],[-45.508,-22.192],[-45.509,-22.177],[-45.445,-22.12],[-45.375,-22.106],[-45.371,-22.082]]]}},{"type":"Feature","properties":{"codarea":"3117306"},"geometry":{"type":"Polygon","coordinates":[[[-48.452,-20.126],[-48.491,-20.138],[-48.537,-20.134],[-48.529,-20.069],[-48.564,-19.972],[-48.544,-19.89],[-48.481,-19.835],[-48.455,-19.777],[-48.388,-19.796],[-48.345,-19.824],[-48.346,-19.784],[-48.327,-19.741],[-48.273,-19.774],[-48.231,-19.846],[-48.154,-19.883],[-48.168,-19.947],[-48.127,-19.984],[-48.137,-20.011],[-48.203,-20.046],[-48.228,-20.028],[-48.253,-20.078],[-48.219,-20.128],[-48.265,-20.144],[-48.315,-20.114],[-48.375,-20.123],[-48.406,-20.113],[-48.452,-20.126]]]}},{"type":"Feature","properties":{"codarea":"3117405"},"geometry":{"type":"Polygon","coordinates":[[[-41.649,-19.973],[-41.657,-19.942],[-41.722,-19.987],[-41.72,-19.998],[-41.766,-19.983],[-41.807,-19.989],[-41.815,-19.942],[-41.841,-19.925],[-41.777,-19.927],[-41.737,-19.914],[-41.715,-19.873],[-41.67,-19.859],[-41.655,-19.832],[-41.591,-19.807],[-41.574,-19.849],[-41.606,-19.893],[-41.599,-19.934],[-41.622,-19.964],[-41.649,-19.973]]]}},{"type":"Feature","properties":{"codarea":"3117504"},"geometry":{"type":"Polygon","coordinates":[[[-43.622,-19.077],[-43.64,-19.046],[-43.637,-19.012],[-43.681,-18.943],[-43.632,-18.923],[-43.608,-18.898],[-43.617,-18.867],[-43.602,-18.835],[-43.617,-18.801],[-43.612,-18.753],[-43.674,-18.73],[-43.739,-18.743],[-43.796,-18.767],[-43.816,-18.789],[-43.848,-18.705],[-43.869,-18.672],[-43.82,-18.653],[-43.802,-18.619],[-43.766,-18.639],[-43.736,-18.624],[-43.729,-18.648],[-43.678,-18.645],[-43.654,-18.666],[-43.612,-18.672],[-43.564,-18.704],[-43.491,-18.718],[-43.494,-18.747],[-43.518,-18.778],[-43.485,-18.81],[-43.464,-18.81],[-43.453,-18.863],[-43.427,-18.881],[-43.379,-18.857],[-43.308,-18.868],[-43.358,-18.906],[-43.352,-18.931],[-43.322,-18.95],[-43.312,-19.012],[-43.292,-19.043],[-43.322,-19.067],[-43.255,-19.14],[-43.182,-19.139],[-43.163,-19.115],[-43.118,-19.198],[-43.125,-19.237],[-43.159,-19.252],[-43.191,-19.242],[-43.185,-19.218],[-43.246,-19.205],[-43.344,-19.099],[-43.374,-19.14],[-43.456,-19.138],[-43.466,-19.169],[-43.508,-19.168],[-43.549,-19.163],[-43.565,-19.121],[-43.612,-19.101],[-43.622,-19.077]]]}},{"type":"Feature","properties":{"codarea":"3117603"},"geometry":{"type":"Polygon","coordinates":[[[-44.781,-19.772],[-44.781,-19.867],[-44.816,-19.893],[-44.855,-19.858],[-44.893,-19.855],[-44.885,-19.817],[-44.927,-19.776],[-44.951,-19.797],[-44.991,-19.793],[-44.989,-19.761],[-44.964,-19.753],[-44.968,-19.713],[-44.948,-19.689],[-44.892,-19.72],[-44.877,-19.71],[-44.839,-19.735],[-44.821,-19.763],[-44.781,-19.772]]]}},{"type":"Feature","properties":{"codarea":"3117702"},"geometry":{"type":"Polygon","coordinates":[[[-45.127,-21.982],[-45.2,-21.985],[-45.217,-21.961],[-45.216,-21.91],[-45.117,-21.852],[-45.117,-21.784],[-45.083,-21.773],[-45.043,-21.778],[-45.026,-21.82],[-44.982,-21.832],[-44.976,-21.852],[-44.995,-21.863],[-44.997,-21.949],[-45.051,-21.978],[-45.075,-22.01],[-45.107,-21.976],[-45.127,-21.982]]]}},{"type":"Feature","properties":{"codarea":"3117801"},"geometry":{"type":"Polygon","coordinates":[[[-45.679,-22.375],[-45.691,-22.396],[-45.682,-22.462],[-45.7,-22.499],[-45.779,-22.47],[-45.785,-22.488],[-45.827,-22.509],[-45.854,-22.489],[-45.883,-22.5],[-45.886,-22.467],[-45.849,-22.454],[-45.831,-22.403],[-45.755,-22.398],[-45.722,-22.408],[-45.679,-22.375]]]}},{"type":"Feature","properties":{"codarea":"3117836"},"geometry":{"type":"Polygon","coordinates":[[[-44.627,-15.34],[-44.639,-15.272],[-44.675,-15.263],[-44.688,-15.208],[-44.632,-15.124],[-44.633,-15.079],[-44.661,-15.069],[-44.698,-15.026],[-44.733,-14.949],[-44.711,-14.911],[-44.674,-14.881],[-44.692,-14.842],[-44.738,-14.812],[-44.779,-14.768],[-44.822,-14.765],[-44.809,-14.717],[-44.689,-14.626],[-44.636,-14.622],[-44.586,-14.666],[-44.557,-14.664],[-44.516,-14.715],[-44.53,-14.861],[-44.484,-14.907],[-44.487,-14.964],[-44.521,-14.978],[-44.546,-15.033],[-44.579,-15.08],[-44.578,-15.124],[-44.559,-15.177],[-44.494,-15.268],[-44.469,-15.27],[-44.436,-15.22],[-44.363,-15.302],[-44.368,-15.399],[-44.336,-15.437],[-44.365,-15.461],[-44.501,-15.326],[-44.506,-15.291],[-44.53,-15.287],[-44.55,-15.313],[-44.627,-15.34]]]}},{"type":"Feature","properties":{"codarea":"3117876"},"geometry":{"type":"Polygon","coordinates":[[[-44.005,-19.656],[-43.992,-19.601],[-43.972,-19.598],[-43.945,-19.672],[-43.957,-19.67],[-43.988,-19.687],[-44.005,-19.656]]]}},{"type":"Feature","properties":{"codarea":"3117900"},"geometry":{"type":"Polygon","coordinates":[[[-45.96,-22.127],[-45.989,-22.168],[-45.995,-22.207],[-46.044,-22.231],[-46.117,-22.209],[-46.097,-22.172],[-46.1,-22.101],[-46.074,-22.09],[-46.051,-22.036],[-46.015,-22.044],[-46.001,-22.111],[-45.96,-22.127]]]}},{"type":"Feature","properties":{"codarea":"3118007"},"geometry":{"type":"Polygon","coordinates":[[[-43.91,-20.604],[-43.915,-20.584],[-43.908,-20.558],[-43.93,-20.531],[-43.977,-20.539],[-43.986,-20.507],[-43.916,-20.426],[-43.888,-20.42],[-43.798,-20.457],[-43.802,-20.503],[-43.766,-20.5],[-43.745,-20.51],[-43.708,-20.556],[-43.734,-20.564],[-43.8,-20.538],[-43.806,-20.592],[-43.873,-20.619],[-43.91,-20.604]]]}},{"type":"Feature","properties":{"codarea":"3118106"},"geometry":{"type":"Polygon","coordinates":[[[-43.622,-19.077],[-43.659,-19.031],[-43.738,-19.018],[-43.718,-18.959],[-43.746,-18.877],[-43.796,-18.767],[-43.739,-18.743],[-43.674,-18.73],[-43.612,-18.753],[-43.617,-18.801],[-43.602,-18.835],[-43.617,-18.867],[-43.608,-18.898],[-43.632,-18.923],[-43.681,-18.943],[-43.637,-19.012],[-43.64,-19.046],[-43.622,-19.077]]]}},{"type":"Feature","properties":{"codarea":"3118205"},"geometry":{"type":"Polygon","coordinates":[[[-47.604,-19.67],[-47.571,-19.762],[-47.524,-19.776],[-47.544,-19.835],[-47.546,-19.894],[-47.505,-19.919],[-47.49,-19.969],[-47.549,-19.994],[-47.584,-19.997],[-47.595,-20.026],[-47.64,-20.047],[-47.676,-20.002],[-47.713,-19.978],[-47.763,-19.986],[-47.75,-19.948],[-47.758,-19.903],[-47.686,-19.857],[-47.694,-19.817],[-47.652,-19.757],[-47.637,-19.681],[-47.604,-19.67]]]}},{"type":"Feature","properties":{"codarea":"3118304"},"geometry":{"type":"Polygon","coordinates":[[[-43.924,-20.659],[-43.91,-20.604],[-43.873,-20.619],[-43.806,-20.592],[-43.8,-20.538],[-43.746,-20.599],[-43.714,-20.588],[-43.679,-20.622],[-43.691,-20.719],[-43.718,-20.743],[-43.76,-20.759],[-43.773,-20.801],[-43.819,-20.773],[-43.827,-20.733],[-43.875,-20.677],[-43.924,-20.659]]]}},{"type":"Feature","properties":{"codarea":"3118403"},"geometry":{"type":"Polygon","coordinates":[[[-41.264,-18.866],[-41.243,-18.854],[-41.215,-18.878],[-41.166,-18.858],[-41.137,-18.891],[-41.135,-18.93],[-41.181,-18.971],[-41.214,-18.965],[-41.288,-18.982],[-41.273,-19.016],[-41.281,-19.08],[-41.277,-19.123],[-41.311,-19.167],[-41.381,-19.197],[-41.359,-19.225],[-41.368,-19.256],[-41.349,-19.272],[-41.42,-19.277],[-41.438,-19.325],[-41.499,-19.356],[-41.474,-19.416],[-41.51,-19.494],[-41.536,-19.488],[-41.586,-19.443],[-41.572,-19.434],[-41.561,-19.373],[-41.57,-19.344],[-41.678,-19.38],[-41.704,-19.332],[-41.684,-19.305],[-41.704,-19.273],[-41.611,-19.142],[-41.617,-19.116],[-41.559,-19.101],[-41.532,-19.038],[-41.486,-19.011],[-41.434,-19.006],[-41.402,-19.023],[-41.358,-19.023],[-41.336,-18.965],[-41.322,-18.968],[-41.264,-18.866]]]}},{"type":"Feature","properties":{"codarea":"3118502"},"geometry":{"type":"Polygon","coordinates":[[[-45.952,-22.588],[-45.948,-22.552],[-45.956,-22.535],[-45.924,-22.472],[-45.886,-22.467],[-45.883,-22.5],[-45.871,-22.524],[-45.904,-22.602],[-45.952,-22.588]]]}},{"type":"Feature","properties":{"codarea":"3118601"},"geometry":{"type":"Polygon","coordinates":[[[-44.063,-19.977],[-44.076,-19.967],[-44.069,-19.949],[-44.108,-19.928],[-44.151,-19.921],[-44.162,-19.842],[-44.135,-19.799],[-44.101,-19.809],[-44.08,-19.841],[-44.017,-19.831],[-44.009,-19.854],[-44.026,-19.9],[-44.016,-19.97],[-44.063,-19.977]]]}},{"type":"Feature","properties":{"codarea":"3118700"},"geometry":{"type":"Polygon","coordinates":[[[-45.517,-21.219],[-45.527,-21.193],[-45.518,-21.123],[-45.45,-21.143],[-45.433,-21.091],[-45.342,-21.069],[-45.339,-21.13],[-45.312,-21.178],[-45.349,-21.189],[-45.386,-21.247],[-45.393,-21.291],[-45.419,-21.253],[-45.517,-21.219]]]}},{"type":"Feature","properties":{"codarea":"3118809"},"geometry":{"type":"Polygon","coordinates":[[[-44.567,-16.858],[-44.608,-16.881],[-44.629,-16.835],[-44.613,-16.814],[-44.635,-16.776],[-44.685,-16.796],[-44.673,-16.74],[-44.674,-16.68],[-44.716,-16.678],[-44.785,-16.733],[-44.803,-16.686],[-44.854,-16.698],[-44.811,-16.649],[-44.787,-16.638],[-44.713,-16.564],[-44.678,-16.546],[-44.654,-16.579],[-44.588,-16.622],[-44.587,-16.636],[-44.516,-16.663],[-44.485,-16.628],[-44.438,-16.625],[-44.408,-16.569],[-44.434,-16.524],[-44.426,-16.472],[-44.472,-16.441],[-44.444,-16.41],[-44.327,-16.35],[-44.283,-16.391],[-44.211,-16.39],[-44.182,-16.421],[-44.145,-16.439],[-44.133,-16.461],[-44.101,-16.466],[-44.065,-16.491],[-44.019,-16.447],[-43.979,-16.472],[-43.969,-16.515],[-44.005,-16.549],[-44.023,-16.593],[-44.053,-16.618],[-44.108,-16.611],[-44.107,-16.644],[-44.127,-16.671],[-44.146,-16.726],[-44.171,-16.722],[-44.215,-16.69],[-44.217,-16.627],[-44.248,-16.657],[-44.294,-16.658],[-44.315,-16.689],[-44.301,-16.709],[-44.294,-16.766],[-44.382,-16.788],[-44.429,-16.83],[-44.567,-16.858]]]}},{"type":"Feature","properties":{"codarea":"3118908"},"geometry":{"type":"Polygon","coordinates":[[[-44.409,-19.13],[-44.373,-19.074],[-44.343,-19.072],[-44.305,-19.027],[-44.273,-19.012],[-44.265,-18.984],[-44.217,-18.952],[-44.154,-18.958],[-44.097,-18.945],[-44.074,-19.012],[-44.026,-19.104],[-44.055,-19.157],[-44.093,-19.177],[-44.096,-19.215],[-44.138,-19.244],[-44.161,-19.227],[-44.181,-19.161],[-44.205,-19.174],[-44.242,-19.164],[-44.297,-19.215],[-44.298,-19.243],[-44.327,-19.222],[-44.368,-19.23],[-44.409,-19.13]]]}},{"type":"Feature","properties":{"codarea":"3119005"},"geometry":{"type":"Polygon","coordinates":[[[-45.556,-21.789],[-45.602,-21.8],[-45.606,-21.849],[-45.705,-21.832],[-45.739,-21.862],[-45.732,-21.805],[-45.707,-21.754],[-45.729,-21.707],[-45.705,-21.678],[-45.621,-21.758],[-45.568,-21.75],[-45.556,-21.789]]]}},{"type":"Feature","properties":{"codarea":"3119104"},"geometry":{"type":"Polygon","coordinates":[[[-44.314,-18.232],[-44.315,-18.276],[-44.348,-18.329],[-44.374,-18.334],[-44.406,-18.383],[-44.415,-18.434],[-44.456,-18.525],[-44.447,-18.55],[-44.498,-18.582],[-44.517,-18.617],[-44.541,-18.567],[-44.588,-18.52],[-44.632,-18.528],[-44.688,-18.556],[-44.706,-18.626],[-44.748,-18.678],[-44.822,-18.658],[-44.805,-18.65],[-44.821,-18.598],[-44.856,-18.569],[-44.848,-18.474],[-44.866,-18.436],[-44.838,-18.387],[-44.83,-18.315],[-44.811,-18.297],[-44.834,-18.23],[-44.813,-18.213],[-44.805,-18.171],[-44.749,-18.17],[-44.708,-18.087],[-44.673,-18.088],[-44.621,-18.056],[-44.592,-17.989],[-44.544,-17.984],[-44.527,-17.999],[-44.538,-18.049],[-44.484,-18.075],[-44.475,-18.116],[-44.448,-18.168],[-44.461,-18.197],[-44.432,-18.21],[-44.391,-18.188],[-44.314,-18.232]]]}},{"type":"Feature","properties":{"codarea":"3119203"},"geometry":{"type":"Polygon","coordinates":[[[-42.231,-18.536],[-42.224,-18.56],[-42.163,-18.565],[-42.146,-18.548],[-42.091,-18.547],[-42.049,-18.584],[-42.178,-18.669],[-42.206,-18.711],[-42.25,-18.713],[-42.301,-18.74],[-42.352,-18.744],[-42.363,-18.731],[-42.362,-18.646],[-42.42,-18.61],[-42.446,-18.532],[-42.344,-18.513],[-42.286,-18.538],[-42.279,-18.564],[-42.231,-18.536]]]}},{"type":"Feature","properties":{"codarea":"3119302"},"geometry":{"type":"Polygon","coordinates":[[[-46.81,-18.651],[-46.849,-18.669],[-46.864,-18.729],[-46.887,-18.718],[-46.961,-18.749],[-46.971,-18.718],[-47.006,-18.697],[-47.075,-18.697],[-47.115,-18.745],[-47.158,-18.761],[-47.204,-18.761],[-47.278,-18.727],[-47.339,-18.679],[-47.349,-18.644],[-47.332,-18.588],[-47.297,-18.553],[-47.33,-18.535],[-47.333,-18.505],[-47.315,-18.462],[-47.313,-18.423],[-47.36,-18.346],[-47.347,-18.317],[-47.381,-18.262],[-47.371,-18.224],[-47.411,-18.221],[-47.43,-18.165],[-47.283,-18.041],[-47.284,-18.026],[-47.224,-17.993],[-47.187,-17.955],[-47.163,-17.965],[-47.174,-18.0],[-47.157,-18.013],[-47.088,-18.12],[-47.103,-18.151],[-47.088,-18.202],[-47.035,-18.212],[-47.001,-18.194],[-46.99,-18.225],[-46.951,-18.205],[-46.92,-18.264],[-46.974,-18.269],[-46.994,-18.285],[-46.996,-18.335],[-46.972,-18.348],[-46.961,-18.407],[-46.931,-18.399],[-46.888,-18.487],[-46.844,-18.525],[-46.802,-18.529],[-46.82,-18.581],[-46.822,-18.629],[-46.81,-18.651]]]}},{"type":"Feature","properties":{"codarea":"3119401"},"geometry":{"type":"Polygon","coordinates":[[[-42.667,-19.528],[-42.725,-19.531],[-42.742,-19.514],[-42.746,-19.47],[-42.77,-19.412],[-42.792,-19.408],[-42.742,-19.355],[-42.698,-19.354],[-42.685,-19.368],[-42.706,-19.39],[-42.695,-19.418],[-42.658,-19.444],[-42.598,-19.465],[-42.605,-19.492],[-42.574,-19.515],[-42.576,-19.537],[-42.667,-19.528]]]}},{"type":"Feature","properties":{"codarea":"3119500"},"geometry":{"type":"Polygon","coordinates":[[[-42.378,-16.474],[-42.303,-16.495],[-42.265,-16.468],[-42.182,-16.479],[-42.121,-16.456],[-42.105,-16.437],[-42.023,-16.488],[-42.042,-16.549],[-42.042,-16.631],[-42.095,-16.728],[-42.151,-16.743],[-42.174,-16.767],[-42.209,-16.764],[-42.215,-16.714],[-42.255,-16.734],[-42.292,-16.667],[-42.31,-16.659],[-42.31,-16.601],[-42.289,-16.553],[-42.322,-16.515],[-42.371,-16.505],[-42.378,-16.474]]]}},{"type":"Feature","properties":{"codarea":"3119609"},"geometry":{"type":"Polygon","coordinates":[[[-43.263,-21.545],[-43.214,-21.61],[-43.226,-21.631],[-43.263,-21.637],[-43.295,-21.661],[-43.326,-21.662],[-43.359,-21.627],[-43.358,-21.588],[-43.336,-21.561],[-43.263,-21.545]]]}},{"type":"Feature","properties":{"codarea":"3119708"},"geometry":{"type":"Polygon","coordinates":[[[-44.224,-21.075],[-44.264,-21.084],[-44.278,-21.016],[-44.225,-20.979],[-44.19,-20.976],[-44.147,-20.951],[-44.134,-21.023],[-44.143,-21.073],[-44.2,-21.065],[-44.224,-21.075]]]}},{"type":"Feature","properties":{"codarea":"3119807"},"geometry":{"type":"Polygon","coordinates":[[[-45.989,-19.913],[-46.027,-19.871],[-46.064,-19.867],[-46.088,-19.833],[-46.133,-19.802],[-46.103,-19.695],[-46.119,-19.664],[-46.069,-19.65],[-46.01,-19.656],[-45.949,-19.608],[-45.936,-19.639],[-45.94,-19.696],[-45.925,-19.701],[-45.919,-19.729],[-45.878,-19.764],[-45.881,-19.781],[-45.851,-19.82],[-45.809,-19.846],[-45.821,-19.892],[-45.798,-19.915],[-45.847,-19.898],[-45.885,-19.909],[-45.989,-19.913]]]}},{"type":"Feature","properties":{"codarea":"3119906"},"geometry":{"type":"Polygon","coordinates":[[[-45.959,-22.691],[-46.014,-22.7],[-46.054,-22.687],[-46.038,-22.646],[-46.032,-22.598],[-45.99,-22.567],[-45.948,-22.552],[-45.962,-22.614],[-45.936,-22.651],[-45.959,-22.691]]]}},{"type":"Feature","properties":{"codarea":"3119955"},"geometry":{"type":"Polygon","coordinates":[[[-45.588,-20.467],[-45.586,-20.443],[-45.556,-20.385],[-45.512,-20.396],[-45.49,-20.437],[-45.484,-20.5],[-45.53,-20.516],[-45.539,-20.496],[-45.588,-20.467]]]}},{"type":"Feature","properties":{"codarea":"3120003"},"geometry":{"type":"Polygon","coordinates":[[[-42.37,-19.86],[-42.431,-19.853],[-42.459,-19.901],[-42.509,-19.907],[-42.551,-19.886],[-42.498,-19.795],[-42.474,-19.773],[-42.44,-19.76],[-42.382,-19.777],[-42.363,-19.76],[-42.336,-19.796],[-42.367,-19.832],[-42.37,-19.86]]]}},{"type":"Feature","properties":{"codarea":"3120102"},"geometry":{"type":"Polygon","coordinates":[[[-43.408,-17.947],[-43.45,-18.043],[-43.397,-18.086],[-43.361,-18.101],[-43.391,-18.154],[-43.374,-18.234],[-43.321,-18.238],[-43.273,-18.253],[-43.263,-18.303],[-43.276,-18.28],[-43.306,-18.281],[-43.324,-18.323],[-43.402,-18.294],[-43.384,-18.257],[-43.401,-18.231],[-43.433,-18.219],[-43.458,-18.189],[-43.459,-18.147],[-43.487,-18.129],[-43.496,-18.093],[-43.552,-18.045],[-43.553,-17.98],[-43.525,-17.971],[-43.5,-17.849],[-43.473,-17.835],[-43.46,-17.864],[-43.453,-17.934],[-43.408,-17.947]]]}},{"type":"Feature","properties":{"codarea":"3120151"},"geometry":{"type":"Polygon","coordinates":[[[-41.072,-17.347],[-41.106,-17.318],[-41.153,-17.304],[-41.18,-17.281],[-41.184,-17.247],[-41.205,-17.224],[-41.164,-17.189],[-41.154,-17.13],[-41.1,-17.129],[-41.055,-17.164],[-41.032,-17.131],[-40.972,-17.174],[-40.88,-17.12],[-40.842,-17.108],[-40.759,-17.16],[-40.75,-17.177],[-40.784,-17.262],[-40.748,-17.321],[-40.748,-17.347],[-40.777,-17.35],[-40.816,-17.376],[-40.854,-17.342],[-40.952,-17.333],[-40.986,-17.336],[-41.001,-17.361],[-41.033,-17.345],[-41.072,-17.347]]]}},{"type":"Feature","properties":{"codarea":"3120201"},"geometry":{"type":"Polygon","coordinates":[[[-45.679,-20.861],[-45.675,-20.804],[-45.714,-20.784],[-45.734,-20.735],[-45.614,-20.703],[-45.586,-20.687],[-45.512,-20.696],[-45.483,-20.745],[-45.453,-20.762],[-45.392,-20.829],[-45.39,-20.848],[-45.464,-20.925],[-45.537,-20.938],[-45.589,-20.936],[-45.612,-20.87],[-45.651,-20.874],[-45.679,-20.861]]]}},{"type":"Feature","properties":{"codarea":"3120300"},"geometry":{"type":"Polygon","coordinates":[[[-42.991,-16.681],[-42.955,-16.662],[-42.923,-16.592],[-42.874,-16.581],[-42.824,-16.599],[-42.786,-16.547],[-42.764,-16.544],[-42.731,-16.573],[-42.742,-16.602],[-42.737,-16.655],[-42.695,-16.676],[-42.677,-16.721],[-42.625,-16.714],[-42.6,-16.732],[-42.681,-16.809],[-42.733,-16.827],[-42.737,-16.852],[-42.809,-16.873],[-42.872,-16.805],[-42.919,-16.844],[-42.945,-16.791],[-42.997,-16.769],[-42.984,-16.729],[-42.991,-16.681]]]}},{"type":"Feature","properties":{"codarea":"3120409"},"geometry":{"type":"Polygon","coordinates":[[[-43.773,-20.801],[-43.731,-20.845],[-43.781,-20.863],[-43.797,-20.884],[-43.816,-20.872],[-43.883,-20.895],[-43.896,-20.886],[-43.881,-20.854],[-43.894,-20.804],[-43.819,-20.773],[-43.773,-20.801]]]}},{"type":"Feature","properties":{"codarea":"3120508"},"geometry":{"type":"Polygon","coordinates":[[[-45.243,-22.282],[-45.256,-22.305],[-45.325,-22.3],[-45.333,-22.26],[-45.374,-22.27],[-45.367,-22.222],[-45.394,-22.168],[-45.375,-22.141],[-45.334,-22.119],[-45.293,-22.132],[-45.251,-22.114],[-45.234,-22.149],[-45.18,-22.199],[-45.164,-22.201],[-45.227,-22.257],[-45.243,-22.282]]]}},{"type":"Feature","properties":{"codarea":"3120607"},"geometry":{"type":"Polygon","coordinates":[[[-44.278,-20.424],[-44.33,-20.46],[-44.348,-20.497],[-44.407,-20.427],[-44.413,-20.383],[-44.438,-20.346],[-44.394,-20.352],[-44.349,-20.323],[-44.328,-20.331],[-44.321,-20.386],[-44.289,-20.398],[-44.278,-20.424]]]}},{"type":"Feature","properties":{"codarea":"3120706"},"geometry":{"type":"Polygon","coordinates":[[[-46.568,-18.988],[-46.624,-19.038],[-46.647,-19.049],[-46.685,-19.006],[-46.723,-19.022],[-46.753,-19.002],[-46.775,-18.958],[-46.75,-18.94],[-46.704,-18.936],[-46.659,-18.912],[-46.644,-18.874],[-46.616,-18.924],[-46.619,-18.956],[-46.593,-19.006],[-46.568,-18.988]]]}},{"type":"Feature","properties":{"codarea":"3120805"},"geometry":{"type":"Polygon","coordinates":[[[-44.885,-21.837],[-44.866,-21.797],[-44.888,-21.757],[-44.882,-21.708],[-44.893,-21.686],[-44.868,-21.608],[-44.804,-21.587],[-44.676,-21.64],[-44.681,-21.674],[-44.703,-21.715],[-44.692,-21.743],[-44.724,-21.765],[-44.752,-21.824],[-44.754,-21.857],[-44.789,-21.869],[-44.833,-21.909],[-44.858,-21.885],[-44.862,-21.85],[-44.885,-21.837]]]}},{"type":"Feature","properties":{"codarea":"3120839"},"geometry":{"type":"Polygon","coordinates":[[[-41.061,-19.056],[-41.089,-19.079],[-41.115,-19.062],[-41.136,-19.079],[-41.234,-19.086],[-41.234,-19.062],[-41.16,-18.988],[-41.214,-18.965],[-41.181,-18.971],[-41.135,-18.93],[-41.137,-18.891],[-41.104,-18.934],[-41.065,-18.945],[-41.032,-18.991],[-41.072,-19.026],[-41.061,-19.056]]]}},{"type":"Feature","properties":{"codarea":"3120870"},"geometry":{"type":"Polygon","coordinates":[[[-41.88,-15.748],[-41.842,-15.736],[-41.819,-15.757],[-41.775,-15.761],[-41.732,-15.738],[-41.716,-15.757],[-41.734,-15.784],[-41.697,-15.801],[-41.657,-15.812],[-41.604,-15.793],[-41.591,-15.857],[-41.643,-15.881],[-41.651,-15.901],[-41.62,-15.937],[-41.663,-15.93],[-41.75,-15.966],[-41.786,-15.963],[-41.831,-15.978],[-41.864,-15.958],[-41.917,-15.906],[-41.906,-15.875],[-41.865,-15.836],[-41.859,-15.803],[-41.88,-15.748]]]}},{"type":"Feature","properties":{"codarea":"3120904"},"geometry":{"type":"Polygon","coordinates":[[[-44.157,-18.767],[-44.142,-18.829],[-44.113,-18.864],[-44.133,-18.88],[-44.114,-18.908],[-44.075,-18.915],[-44.12,-18.945],[-44.154,-18.958],[-44.217,-18.952],[-44.265,-18.984],[-44.273,-19.012],[-44.305,-19.027],[-44.343,-19.072],[-44.373,-19.074],[-44.409,-19.13],[-44.456,-19.164],[-44.522,-19.163],[-44.57,-19.201],[-44.635,-19.231],[-44.694,-19.206],[-44.671,-19.166],[-44.678,-19.141],[-44.71,-19.11],[-44.683,-19.058],[-44.736,-19.016],[-44.751,-18.986],[-44.787,-18.989],[-44.78,-18.873],[-44.711,-18.839],[-44.693,-18.81],[-44.649,-18.787],[-44.669,-18.736],[-44.632,-18.736],[-44.609,-18.703],[-44.549,-18.658],[-44.463,-18.645],[-44.517,-18.617],[-44.498,-18.582],[-44.447,-18.55],[-44.456,-18.525],[-44.415,-18.434],[-44.406,-18.383],[-44.374,-18.334],[-44.348,-18.329],[-44.315,-18.276],[-44.3,-18.317],[-44.262,-18.33],[-44.271,-18.36],[-44.235,-18.4],[-44.187,-18.421],[-44.2,-18.477],[-44.179,-18.506],[-44.182,-18.567],[-44.275,-18.611],[-44.373,-18.623],[-44.389,-18.802],[-44.372,-18.836],[-44.374,-18.883],[-44.358,-18.904],[-44.311,-18.885],[-44.27,-18.832],[-44.283,-18.806],[-44.237,-18.79],[-44.197,-18.745],[-44.157,-18.767]]]}},{"type":"Feature","properties":{"codarea":"3121001"},"geometry":{"type":"Polygon","coordinates":[[[-43.682,-18.375],[-43.684,-18.3],[-43.626,-18.307],[-43.607,-18.328],[-43.628,-18.394],[-43.594,-18.403],[-43.57,-18.439],[-43.609,-18.519],[-43.599,-18.533],[-43.601,-18.553],[-43.652,-18.631],[-43.678,-18.645],[-43.729,-18.648],[-43.736,-18.624],[-43.691,-18.607],[-43.672,-18.58],[-43.683,-18.554],[-43.691,-18.391],[-43.682,-18.375]]]}},{"type":"Feature","properties":{"codarea":"3121100"},"geometry":{"type":"Polygon","coordinates":[[[-45.167,-22.531],[-45.177,-22.547],[-45.255,-22.582],[-45.269,-22.611],[-45.333,-22.618],[-45.4,-22.654],[-45.42,-22.621],[-45.395,-22.615],[-45.373,-22.556],[-45.337,-22.519],[-45.371,-22.447],[-45.335,-22.405],[-45.3,-22.4],[-45.261,-22.376],[-45.223,-22.37],[-45.17,-22.401],[-45.24,-22.444],[-45.246,-22.474],[-45.198,-22.48],[-45.167,-22.531]]]}},{"type":"Feature","properties":{"codarea":"3121209"},"geometry":{"type":"Polygon","coordinates":[[[-46.82,-20.462],[-46.824,-20.418],[-46.901,-20.413],[-46.924,-20.361],[-46.979,-20.373],[-47.001,-20.315],[-47.051,-20.308],[-47.077,-20.276],[-47.111,-20.262],[-47.109,-20.204],[-47.047,-20.188],[-46.984,-20.196],[-46.934,-20.17],[-46.907,-20.181],[-46.873,-20.177],[-46.821,-20.195],[-46.784,-20.226],[-46.776,-20.275],[-46.743,-20.268],[-46.696,-20.277],[-46.675,-20.302],[-46.611,-20.334],[-46.572,-20.342],[-46.565,-20.366],[-46.52,-20.358],[-46.5,-20.378],[-46.464,-20.443],[-46.519,-20.495],[-46.51,-20.52],[-46.535,-20.551],[-46.594,-20.567],[-46.657,-20.534],[-46.694,-20.498],[-46.778,-20.485],[-46.82,-20.462]]]}},{"type":"Feature","properties":{"codarea":"3121258"},"geometry":{"type":"Polygon","coordinates":[[[-47.763,-19.986],[-47.851,-19.99],[-47.84,-19.929],[-47.86,-19.911],[-47.842,-19.867],[-47.797,-19.905],[-47.758,-19.903],[-47.75,-19.948],[-47.763,-19.986]]]}},{"type":"Feature","properties":{"codarea":"3121308"},"geometry":{"type":"Polygon","coordinates":[[[-43.052,-21.481],[-43.06,-21.43],[-43.046,-21.401],[-42.979,-21.39],[-42.938,-21.368],[-42.894,-21.372],[-42.894,-21.441],[-42.886,-21.483],[-42.91,-21.516],[-42.942,-21.519],[-42.985,-21.49],[-43.028,-21.504],[-43.052,-21.481]]]}},{"type":"Feature","properties":{"codarea":"3121407"},"geometry":{"type":"Polygon","coordinates":[[[-44.316,-20.585],[-44.304,-20.553],[-44.215,-20.517],[-44.18,-20.523],[-44.137,-20.556],[-44.137,-20.601],[-44.156,-20.639],[-44.195,-20.657],[-44.226,-20.649],[-44.261,-20.678],[-44.265,-20.724],[-44.332,-20.727],[-44.361,-20.712],[-44.38,-20.757],[-44.421,-20.712],[-44.394,-20.691],[-44.403,-20.667],[-44.361,-20.637],[-44.357,-20.608],[-44.334,-20.615],[-44.316,-20.585]]]}},{"type":"Feature","properties":{"codarea":"3121506"},"geometry":{"type":"Polygon","coordinates":[[[-43.417,-21.158],[-43.451,-21.194],[-43.515,-21.203],[-43.599,-21.167],[-43.607,-21.13],[-43.601,-21.112],[-43.562,-21.132],[-43.512,-21.065],[-43.498,-21.115],[-43.417,-21.158]]]}},{"type":"Feature","properties":{"codarea":"3121605"},"geometry":{"type":"Polygon","coordinates":[[[-43.682,-18.375],[-43.764,-18.336],[-43.831,-18.333],[-43.859,-18.369],[-43.879,-18.363],[-43.93,-18.378],[-43.988,-18.345],[-44.001,-18.289],[-44.055,-18.275],[-44.088,-18.22],[-44.044,-18.2],[-44.015,-18.213],[-43.954,-18.158],[-43.956,-18.141],[-43.918,-18.119],[-43.937,-18.06],[-43.82,-18.026],[-43.791,-17.955],[-43.764,-17.925],[-43.751,-17.89],[-43.696,-17.877],[-43.677,-17.831],[-43.607,-17.75],[-43.603,-17.671],[-43.611,-17.629],[-43.568,-17.611],[-43.581,-17.583],[-43.549,-17.54],[-43.503,-17.56],[-43.436,-17.531],[-43.371,-17.523],[-43.319,-17.473],[-43.28,-17.396],[-43.295,-17.38],[-43.242,-17.421],[-43.218,-17.414],[-43.227,-17.563],[-43.247,-17.573],[-43.248,-17.642],[-43.301,-17.661],[-43.291,-17.713],[-43.335,-17.734],[-43.327,-17.765],[-43.381,-17.798],[-43.376,-17.873],[-43.408,-17.947],[-43.453,-17.934],[-43.46,-17.864],[-43.473,-17.835],[-43.5,-17.849],[-43.525,-17.971],[-43.553,-17.98],[-43.552,-18.045],[-43.496,-18.093],[-43.487,-18.129],[-43.459,-18.147],[-43.458,-18.189],[-43.433,-18.219],[-43.401,-18.231],[-43.384,-18.257],[-43.402,-18.294],[-43.459,-18.306],[-43.456,-18.326],[-43.53,-18.434],[-43.57,-18.439],[-43.594,-18.403],[-43.628,-18.394],[-43.607,-18.328],[-43.626,-18.307],[-43.684,-18.3],[-43.682,-18.375]]]}},{"type":"Feature","properties":{"codarea":"3121704"},"geometry":{"type":"Polygon","coordinates":[[[-43.157,-20.512],[-43.25,-20.548],[-43.261,-20.518],[-43.291,-20.497],[-43.269,-20.451],[-43.219,-20.454],[-43.194,-20.427],[-43.155,-20.46],[-43.077,-20.432],[-43.053,-20.456],[-43.123,-20.505],[-43.157,-20.512]]]}},{"type":"Feature","properties":{"codarea":"3121803"},"geometry":{"type":"Polygon","coordinates":[[[-42.782,-19.872],[-42.827,-19.91],[-42.864,-19.892],[-42.861,-19.861],[-42.777,-19.795],[-42.739,-19.793],[-42.721,-19.758],[-42.663,-19.789],[-42.53,-19.809],[-42.488,-19.783],[-42.479,-19.752],[-42.474,-19.773],[-42.498,-19.795],[-42.551,-19.886],[-42.612,-19.886],[-42.641,-19.906],[-42.682,-19.87],[-42.782,-19.872]]]}},{"type":"Feature","properties":{"codarea":"3121902"},"geometry":{"type":"Polygon","coordinates":[[[-42.943,-20.985],[-42.923,-21.014],[-42.967,-21.046],[-43.008,-21.036],[-43.069,-20.98],[-43.069,-20.965],[-43.037,-20.929],[-42.992,-20.927],[-42.976,-20.962],[-42.943,-20.985]]]}},{"type":"Feature","properties":{"codarea":"3122009"},"geometry":{"type":"Polygon","coordinates":[[[-42.216,-20.666],[-42.248,-20.646],[-42.263,-20.615],[-42.297,-20.585],[-42.358,-20.579],[-42.319,-20.547],[-42.277,-20.548],[-42.238,-20.566],[-42.211,-20.593],[-42.196,-20.552],[-42.167,-20.526],[-42.156,-20.468],[-42.136,-20.469],[-42.135,-20.494],[-42.093,-20.492],[-42.069,-20.509],[-42.066,-20.517],[-42.087,-20.542],[-42.077,-20.6],[-42.096,-20.656],[-42.134,-20.69],[-42.184,-20.689],[-42.216,-20.666]]]}},{"type":"Feature","properties":{"codarea":"3122108"},"geometry":{"type":"Polygon","coordinates":[[[-41.378,-18.701],[-41.392,-18.728],[-41.378,-18.761],[-41.436,-18.786],[-41.505,-18.797],[-41.544,-18.818],[-41.571,-18.805],[-41.593,-18.748],[-41.581,-18.672],[-41.582,-18.616],[-41.567,-18.584],[-41.54,-18.581],[-41.514,-18.591],[-41.49,-18.637],[-41.442,-18.698],[-41.378,-18.701]]]}},{"type":"Feature","properties":{"codarea":"3122207"},"geometry":{"type":"Polygon","coordinates":[[[-42.535,-18.725],[-42.474,-18.736],[-42.505,-18.787],[-42.523,-18.78],[-42.579,-18.799],[-42.575,-18.837],[-42.606,-18.876],[-42.623,-18.871],[-42.64,-18.771],[-42.557,-18.726],[-42.535,-18.725]]]}},{"type":"Feature","properties":{"codarea":"3122306"},"geometry":{"type":"Polygon","coordinates":[[[-44.758,-20.253],[-44.774,-20.249],[-44.87,-20.306],[-44.942,-20.209],[-44.966,-20.214],[-45.008,-20.171],[-45.072,-20.149],[-45.097,-20.123],[-45.122,-20.076],[-45.078,-20.063],[-45.047,-20.012],[-44.986,-20.009],[-44.955,-19.963],[-44.965,-19.935],[-44.919,-19.942],[-44.888,-19.918],[-44.877,-19.945],[-44.905,-19.974],[-44.861,-20.09],[-44.821,-20.117],[-44.793,-20.182],[-44.753,-20.222],[-44.758,-20.253]]]}},{"type":"Feature","properties":{"codarea":"3122355"},"geometry":{"type":"Polygon","coordinates":[[[-41.33,-15.743],[-41.343,-15.801],[-41.381,-15.736],[-41.428,-15.712],[-41.413,-15.658],[-41.417,-15.636],[-41.342,-15.639],[-41.33,-15.743]]]}},{"type":"Feature","properties":{"codarea":"3122405"},"geometry":{"type":"Polygon","coordinates":[[[-46.21,-21.447],[-46.185,-21.441],[-46.188,-21.469],[-46.145,-21.481],[-46.141,-21.504],[-46.181,-21.519],[-46.174,-21.582],[-46.23,-21.591],[-46.253,-21.554],[-46.296,-21.572],[-46.322,-21.573],[-46.357,-21.528],[-46.321,-21.505],[-46.299,-21.471],[-46.21,-21.447]]]}},{"type":"Feature","properties":{"codarea":"3122454"},"geometry":{"type":"Polygon","coordinates":[[[-41.142,-15.772],[-41.122,-15.743],[-41.079,-15.72],[-41.006,-15.714],[-40.978,-15.688],[-40.963,-15.648],[-40.914,-15.661],[-40.903,-15.692],[-40.841,-15.682],[-40.817,-15.648],[-40.804,-15.713],[-40.763,-15.742],[-40.724,-15.806],[-40.733,-15.829],[-40.718,-15.861],[-40.728,-15.895],[-40.795,-15.839],[-40.841,-15.817],[-40.902,-15.833],[-40.963,-15.807],[-40.992,-15.838],[-41.01,-15.828],[-41.031,-15.799],[-41.089,-15.792],[-41.148,-15.801],[-41.142,-15.772]]]}},{"type":"Feature","properties":{"codarea":"3122470"},"geometry":{"type":"Polygon","coordinates":[[[-46.169,-16.779],[-46.195,-16.802],[-46.206,-16.855],[-46.188,-16.879],[-46.186,-16.926],[-46.205,-16.939],[-46.26,-16.925],[-46.307,-16.871],[-46.39,-16.819],[-46.436,-16.716],[-46.467,-16.701],[-46.408,-16.66],[-46.374,-16.605],[-46.305,-16.546],[-46.288,-16.579],[-46.195,-16.652],[-46.161,-16.659],[-46.156,-16.701],[-46.169,-16.779]]]}},{"type":"Feature","properties":{"codarea":"3122504"},"geometry":{"type":"Polygon","coordinates":[[[-42.136,-19.415],[-42.135,-19.376],[-42.117,-19.345],[-42.098,-19.363],[-42.042,-19.357],[-42.028,-19.377],[-42.104,-19.429],[-42.136,-19.415]]]}},{"type":"Feature","properties":{"codarea":"3122603"},"geometry":{"type":"Polygon","coordinates":[[[-43.156,-18.971],[-43.221,-19.005],[-43.261,-19.096],[-43.295,-19.098],[-43.322,-19.067],[-43.292,-19.043],[-43.312,-19.012],[-43.322,-18.95],[-43.352,-18.931],[-43.358,-18.906],[-43.308,-18.868],[-43.326,-18.814],[-43.266,-18.797],[-43.247,-18.772],[-43.213,-18.773],[-43.2,-18.86],[-43.168,-18.925],[-43.156,-18.971]]]}},{"type":"Feature","properties":{"codarea":"3122702"},"geometry":{"type":"Polygon","coordinates":[[[-42.874,-20.037],[-42.894,-20.057],[-42.896,-20.119],[-42.87,-20.145],[-42.88,-20.18],[-42.957,-20.204],[-43.06,-20.189],[-43.027,-20.163],[-42.959,-20.082],[-42.96,-20.055],[-42.928,-20.035],[-42.874,-20.037]]]}},{"type":"Feature","properties":{"codarea":"3122801"},"geometry":{"type":"Polygon","coordinates":[[[-45.074,-22.237],[-45.083,-22.232],[-45.163,-22.272],[-45.174,-22.288],[-45.219,-22.269],[-45.243,-22.282],[-45.227,-22.257],[-45.137,-22.177],[-45.112,-22.184],[-45.065,-22.175],[-45.074,-22.237]]]}},{"type":"Feature","properties":{"codarea":"3122900"},"geometry":{"type":"Polygon","coordinates":[[[-42.83,-21.388],[-42.839,-21.364],[-42.818,-21.322],[-42.814,-21.261],[-42.767,-21.296],[-42.766,-21.343],[-42.781,-21.384],[-42.83,-21.388]]]}},{"type":"Feature","properties":{"codarea":"3123007"},"geometry":{"type":"Polygon","coordinates":[[[-43.964,-21.042],[-43.93,-21.063],[-43.941,-21.122],[-44.013,-21.161],[-44.045,-21.158],[-44.044,-21.092],[-44.025,-21.045],[-43.987,-21.058],[-43.964,-21.042]]]}},{"type":"Feature","properties":{"codarea":"3123106"},"geometry":{"type":"Polygon","coordinates":[[[-43.078,-19.06],[-43.084,-19.024],[-43.044,-19.035],[-42.985,-18.964],[-42.985,-18.93],[-42.944,-18.929],[-42.928,-18.96],[-42.882,-19.01],[-42.864,-19.067],[-42.768,-19.118],[-42.747,-19.15],[-42.823,-19.159],[-42.873,-19.121],[-42.904,-19.11],[-42.934,-19.119],[-42.947,-19.152],[-42.99,-19.124],[-42.996,-19.103],[-43.043,-19.068],[-43.078,-19.06]]]}},{"type":"Feature","properties":{"codarea":"3123205"},"geometry":{"type":"Polygon","coordinates":[[[-45.745,-19.492],[-45.732,-19.452],[-45.678,-19.4],[-45.682,-19.344],[-45.713,-19.314],[-45.661,-19.31],[-45.624,-19.356],[-45.502,-19.356],[-45.466,-19.322],[-45.366,-19.351],[-45.339,-19.345],[-45.326,-19.371],[-45.364,-19.399],[-45.377,-19.442],[-45.405,-19.492],[-45.391,-19.502],[-45.424,-19.505],[-45.409,-19.551],[-45.43,-19.597],[-45.454,-19.609],[-45.489,-19.653],[-45.51,-19.698],[-45.531,-19.701],[-45.56,-19.661],[-45.597,-19.655],[-45.636,-19.663],[-45.661,-19.607],[-45.71,-19.568],[-45.684,-19.543],[-45.713,-19.498],[-45.745,-19.492]]]}},{"type":"Feature","properties":{"codarea":"3123304"},"geometry":{"type":"Polygon","coordinates":[[[-43.24,-21.088],[-43.233,-21.048],[-43.256,-21.011],[-43.239,-20.969],[-43.205,-20.931],[-43.173,-20.925],[-43.164,-20.959],[-43.13,-20.982],[-43.102,-20.956],[-43.107,-20.996],[-43.084,-21.03],[-43.087,-21.083],[-43.102,-21.111],[-43.132,-21.12],[-43.151,-21.069],[-43.24,-21.088]]]}},{"type":"Feature","properties":{"codarea":"3123403"},"geometry":{"type":"Polygon","coordinates":[[[-45.976,-20.338],[-45.94,-20.314],[-45.956,-20.296],[-45.95,-20.255],[-45.89,-20.217],[-45.867,-20.232],[-45.801,-20.308],[-45.834,-20.352],[-45.904,-20.329],[-45.924,-20.341],[-45.976,-20.338]]]}},{"type":"Feature","properties":{"codarea":"3123502"},"geometry":{"type":"Polygon","coordinates":[[[-47.712,-18.457],[-47.747,-18.423],[-47.77,-18.418],[-47.737,-18.363],[-47.694,-18.375],[-47.68,-18.356],[-47.647,-18.352],[-47.578,-18.408],[-47.512,-18.398],[-47.489,-18.419],[-47.481,-18.456],[-47.453,-18.467],[-47.488,-18.514],[-47.557,-18.522],[-47.586,-18.505],[-47.585,-18.483],[-47.625,-18.477],[-47.68,-18.453],[-47.712,-18.457]]]}},{"type":"Feature","properties":{"codarea":"3123528"},"geometry":{"type":"Polygon","coordinates":[[[-41.873,-20.198],[-41.887,-20.169],[-41.863,-20.156],[-41.83,-20.115],[-41.811,-20.043],[-41.744,-20.061],[-41.727,-20.102],[-41.745,-20.133],[-41.736,-20.192],[-41.757,-20.207],[-41.775,-20.26],[-41.82,-20.234],[-41.816,-20.209],[-41.873,-20.198]]]}},{"type":"Feature","properties":{"codarea":"3123601"},"geometry":{"type":"Polygon","coordinates":[[[-45.545,-21.498],[-45.547,-21.545],[-45.52,-21.602],[-45.457,-21.621],[-45.462,-21.658],[-45.529,-21.689],[-45.58,-21.732],[-45.568,-21.75],[-45.621,-21.758],[-45.705,-21.678],[-45.679,-21.646],[-45.692,-21.627],[-45.664,-21.595],[-45.664,-21.459],[-45.628,-21.447],[-45.59,-21.463],[-45.561,-21.503],[-45.545,-21.498]]]}},{"type":"Feature","properties":{"codarea":"3123700"},"geometry":{"type":"Polygon","coordinates":[[[-42.087,-19.244],[-42.074,-19.206],[-42.115,-19.19],[-42.056,-19.158],[-42.038,-19.119],[-42.047,-19.102],[-42.024,-19.07],[-42.054,-19.044],[-41.962,-18.988],[-41.938,-18.987],[-41.946,-19.023],[-41.987,-19.041],[-42.0,-19.072],[-41.966,-19.104],[-41.967,-19.14],[-42.006,-19.169],[-42.014,-19.231],[-42.038,-19.253],[-42.087,-19.244]]]}},{"type":"Feature","properties":{"codarea":"3123809"},"geometry":{"type":"Polygon","coordinates":[[[-44.059,-17.449],[-44.117,-17.406],[-44.128,-17.356],[-44.159,-17.3],[-44.113,-17.23],[-44.079,-17.211],[-44.111,-17.156],[-44.05,-17.158],[-43.998,-17.198],[-43.97,-17.232],[-43.939,-17.207],[-43.879,-17.23],[-43.834,-17.279],[-43.866,-17.341],[-43.922,-17.378],[-43.968,-17.379],[-44.002,-17.357],[-44.026,-17.385],[-44.021,-17.413],[-44.059,-17.449]]]}},{"type":"Feature","properties":{"codarea":"3123858"},"geometry":{"type":"Polygon","coordinates":[[[-42.241,-19.727],[-42.262,-19.716],[-42.281,-19.651],[-42.264,-19.583],[-42.228,-19.589],[-42.205,-19.697],[-42.241,-19.727]]]}},{"type":"Feature","properties":{"codarea":"3123908"},"geometry":{"type":"Polygon","coordinates":[[[-44.15,-20.765],[-44.186,-20.755],[-44.237,-20.722],[-44.265,-20.724],[-44.261,-20.678],[-44.226,-20.649],[-44.195,-20.657],[-44.156,-20.639],[-44.137,-20.601],[-44.022,-20.629],[-43.981,-20.687],[-43.945,-20.676],[-43.971,-20.731],[-43.957,-20.759],[-44.002,-20.8],[-44.055,-20.804],[-44.15,-20.765]]]}},{"type":"Feature","properties":{"codarea":"3124005"},"geometry":{"type":"Polygon","coordinates":[[[-42.721,-20.895],[-42.73,-20.862],[-42.675,-20.813],[-42.651,-20.759],[-42.606,-20.753],[-42.575,-20.775],[-42.542,-20.777],[-42.514,-20.753],[-42.479,-20.76],[-42.49,-20.829],[-42.612,-20.986],[-42.651,-20.911],[-42.721,-20.895]]]}},{"type":"Feature","properties":{"codarea":"3124104"},"geometry":{"type":"Polygon","coordinates":[[[-44.135,-19.799],[-44.162,-19.842],[-44.227,-19.841],[-44.236,-19.879],[-44.267,-19.879],[-44.316,-19.907],[-44.316,-19.938],[-44.337,-19.94],[-44.379,-19.849],[-44.444,-19.765],[-44.435,-19.74],[-44.499,-19.705],[-44.498,-19.639],[-44.449,-19.631],[-44.408,-19.638],[-44.4,-19.589],[-44.391,-19.579],[-44.315,-19.592],[-44.243,-19.578],[-44.198,-19.642],[-44.195,-19.663],[-44.157,-19.679],[-44.133,-19.709],[-44.164,-19.753],[-44.135,-19.799]]]}},{"type":"Feature","properties":{"codarea":"3124203"},"geometry":{"type":"Polygon","coordinates":[[[-41.85,-20.498],[-41.825,-20.483],[-41.804,-20.538],[-41.828,-20.557],[-41.841,-20.6],[-41.813,-20.653],[-41.851,-20.691],[-41.911,-20.661],[-41.958,-20.695],[-41.988,-20.639],[-42.022,-20.613],[-42.077,-20.6],[-42.087,-20.542],[-42.066,-20.517],[-41.994,-20.552],[-41.963,-20.547],[-41.899,-20.581],[-41.871,-20.57],[-41.85,-20.498]]]}},{"type":"Feature","properties":{"codarea":"3124302"},"geometry":{"type":"Polygon","coordinates":[[[-42.904,-15.04],[-42.881,-14.987],[-42.85,-14.952],[-42.919,-14.894],[-42.957,-14.935],[-42.984,-14.94],[-43.003,-14.91],[-43.078,-14.874],[-43.097,-14.853],[-43.196,-14.852],[-43.248,-14.806],[-43.285,-14.794],[-43.348,-14.799],[-43.382,-14.78],[-43.482,-14.801],[-43.487,-14.79],[-43.461,-14.746],[-43.424,-14.72],[-43.245,-14.656],[-43.175,-14.651],[-43.092,-14.683],[-43.037,-14.683],[-43.011,-14.702],[-42.953,-14.708],[-42.911,-14.746],[-42.872,-14.765],[-42.872,-14.775],[-42.795,-14.837],[-42.755,-14.846],[-42.747,-14.868],[-42.707,-14.881],[-42.649,-14.93],[-42.619,-14.94],[-42.586,-14.932],[-42.561,-14.962],[-42.516,-14.983],[-42.568,-15.024],[-42.599,-15.064],[-42.657,-15.037],[-42.685,-15.075],[-42.683,-15.097],[-42.778,-15.16],[-42.825,-15.037],[-42.904,-15.04]]]}},{"type":"Feature","properties":{"codarea":"3124401"},"geometry":{"type":"Polygon","coordinates":[[[-46.051,-22.036],[-46.056,-21.941],[-46.072,-21.912],[-46.062,-21.876],[-45.987,-21.91],[-45.987,-21.943],[-45.96,-21.988],[-45.92,-21.988],[-45.904,-22.048],[-45.928,-22.087],[-45.904,-22.11],[-45.96,-22.127],[-46.001,-22.111],[-46.015,-22.044],[-46.051,-22.036]]]}},{"type":"Feature","properties":{"codarea":"3124500"},"geometry":{"type":"Polygon","coordinates":[[[-46.116,-22.494],[-46.097,-22.451],[-46.097,-22.395],[-46.067,-22.409],[-46.055,-22.373],[-46.038,-22.361],[-46.007,-22.406],[-45.947,-22.415],[-45.919,-22.408],[-45.932,-22.453],[-45.924,-22.472],[-45.956,-22.535],[-45.993,-22.549],[-46.004,-22.52],[-46.062,-22.517],[-46.116,-22.494]]]}},{"type":"Feature","properties":{"codarea":"3124609"},"geometry":{"type":"Polygon","coordinates":[[[-42.559,-21.681],[-42.533,-21.65],[-42.502,-21.66],[-42.435,-21.646],[-42.435,-21.696],[-42.423,-21.74],[-42.378,-21.748],[-42.463,-21.786],[-42.482,-21.716],[-42.527,-21.703],[-42.559,-21.681]]]}},{"type":"Feature","properties":{"codarea":"3124708"},"geometry":{"type":"Polygon","coordinates":[[[-45.745,-19.492],[-45.713,-19.498],[-45.684,-19.543],[-45.71,-19.568],[-45.661,-19.607],[-45.636,-19.663],[-45.661,-19.665],[-45.699,-19.696],[-45.732,-19.69],[-45.813,-19.705],[-45.849,-19.684],[-45.894,-19.704],[-45.94,-19.696],[-45.936,-19.639],[-45.949,-19.608],[-45.903,-19.538],[-45.892,-19.48],[-45.902,-19.465],[-45.901,-19.438],[-45.864,-19.43],[-45.804,-19.479],[-45.78,-19.474],[-45.745,-19.492]]]}},{"type":"Feature","properties":{"codarea":"3124807"},"geometry":{"type":"Polygon","coordinates":[[[-47.61,-18.797],[-47.658,-18.801],[-47.659,-18.843],[-47.647,-18.885],[-47.67,-18.942],[-47.709,-18.923],[-47.691,-18.885],[-47.722,-18.83],[-47.782,-18.841],[-47.874,-18.829],[-47.873,-18.712],[-47.893,-18.676],[-47.863,-18.68],[-47.831,-18.643],[-47.808,-18.642],[-47.786,-18.595],[-47.72,-18.554],[-47.688,-18.557],[-47.664,-18.537],[-47.63,-18.538],[-47.631,-18.569],[-47.583,-18.618],[-47.609,-18.676],[-47.583,-18.72],[-47.62,-18.746],[-47.61,-18.797]]]}},{"type":"Feature","properties":{"codarea":"3124906"},"geometry":{"type":"Polygon","coordinates":[[[-42.118,-21.075],[-42.175,-21.132],[-42.213,-21.119],[-42.232,-21.134],[-42.299,-21.123],[-42.296,-21.088],[-42.254,-21.051],[-42.303,-21.018],[-42.299,-21.0],[-42.274,-20.964],[-42.26,-20.905],[-42.233,-20.89],[-42.21,-20.854],[-42.187,-20.87],[-42.17,-20.896],[-42.165,-20.974],[-42.218,-21.008],[-42.219,-21.025],[-42.173,-21.041],[-42.145,-21.072],[-42.118,-21.075]]]}},{"type":"Feature","properties":{"codarea":"3125002"},"geometry":{"type":"Polygon","coordinates":[[[-43.639,-21.608],[-43.634,-21.58],[-43.587,-21.57],[-43.556,-21.547],[-43.545,-21.521],[-43.503,-21.514],[-43.473,-21.531],[-43.51,-21.56],[-43.542,-21.621],[-43.639,-21.608]]]}},{"type":"Feature","properties":{"codarea":"3125101"},"geometry":{"type":"Polygon","coordinates":[[[-46.192,-22.865],[-46.257,-22.891],[-46.279,-22.878],[-46.345,-22.905],[-46.376,-22.877],[-46.374,-22.82],[-46.362,-22.789],[-46.333,-22.766],[-46.3,-22.722],[-46.249,-22.752],[-46.229,-22.807],[-46.169,-22.838],[-46.192,-22.865]]]}},{"type":"Feature","properties":{"codarea":"3125200"},"geometry":{"type":"Polygon","coordinates":[[[-45.856,-21.518],[-45.858,-21.478],[-45.834,-21.461],[-45.844,-21.417],[-45.831,-21.394],[-45.764,-21.423],[-45.814,-21.533],[-45.856,-21.518]]]}},{"type":"Feature","properties":{"codarea":"3125309"},"geometry":{"type":"Polygon","coordinates":[[[-41.968,-20.733],[-41.927,-20.744],[-41.93,-20.844],[-42.039,-20.807],[-42.102,-20.805],[-42.172,-20.786],[-42.146,-20.75],[-42.086,-20.731],[-42.047,-20.742],[-42.02,-20.774],[-41.967,-20.755],[-41.968,-20.733]]]}},{"type":"Feature","properties":{"codarea":"3125408"},"geometry":{"type":"Polygon","coordinates":[[[-43.137,-18.109],[-43.185,-18.178],[-43.186,-18.2],[-43.235,-18.219],[-43.221,-18.241],[-43.239,-18.275],[-43.273,-18.253],[-43.321,-18.238],[-43.303,-18.197],[-43.321,-18.15],[-43.305,-18.111],[-43.314,-18.044],[-43.281,-18.023],[-43.269,-18.041],[-43.198,-18.02],[-43.166,-18.037],[-43.16,-18.085],[-43.137,-18.109]]]}},{"type":"Feature","properties":{"codarea":"3125507"},"geometry":{"type":"Polygon","coordinates":[[[-43.408,-17.947],[-43.353,-17.942],[-43.321,-17.954],[-43.325,-18.006],[-43.294,-17.996],[-43.281,-18.023],[-43.314,-18.044],[-43.305,-18.111],[-43.321,-18.15],[-43.303,-18.197],[-43.321,-18.238],[-43.374,-18.234],[-43.391,-18.154],[-43.361,-18.101],[-43.397,-18.086],[-43.45,-18.043],[-43.408,-17.947]]]}},{"type":"Feature","properties":{"codarea":"3125606"},"geometry":{"type":"Polygon","coordinates":[[[-40.891,-16.622],[-40.885,-16.579],[-40.821,-16.481],[-40.79,-16.515],[-40.706,-16.494],[-40.665,-16.514],[-40.654,-16.556],[-40.682,-16.572],[-40.676,-16.6],[-40.635,-16.609],[-40.651,-16.68],[-40.637,-16.728],[-40.606,-16.727],[-40.579,-16.753],[-40.589,-16.782],[-40.603,-16.789],[-40.629,-16.788],[-40.672,-16.833],[-40.709,-16.84],[-40.711,-16.832],[-40.689,-16.807],[-40.697,-16.761],[-40.727,-16.723],[-40.756,-16.719],[-40.789,-16.692],[-40.826,-16.684],[-40.815,-16.646],[-40.891,-16.622]]]}},{"type":"Feature","properties":{"codarea":"3125705"},"geometry":{"type":"Polygon","coordinates":[[[-45.186,-18.809],[-45.202,-18.782],[-45.19,-18.729],[-45.246,-18.636],[-45.237,-18.593],[-45.214,-18.645],[-45.162,-18.667],[-45.145,-18.645],[-45.156,-18.599],[-45.096,-18.535],[-45.044,-18.502],[-44.999,-18.521],[-44.923,-18.504],[-44.903,-18.526],[-44.85,-18.546],[-44.856,-18.569],[-44.821,-18.598],[-44.805,-18.65],[-44.822,-18.658],[-44.804,-18.688],[-44.755,-18.724],[-44.711,-18.704],[-44.669,-18.736],[-44.649,-18.787],[-44.693,-18.81],[-44.711,-18.839],[-44.78,-18.873],[-44.871,-18.844],[-44.891,-18.862],[-44.986,-18.823],[-45.056,-18.822],[-45.067,-18.847],[-45.133,-18.838],[-45.16,-18.808],[-45.186,-18.809]]]}},{"type":"Feature","properties":{"codarea":"3125804"},"geometry":{"type":"Polygon","coordinates":[[[-42.178,-19.121],[-42.133,-19.059],[-42.136,-19.036],[-42.127,-19.025],[-42.09,-19.052],[-42.054,-19.044],[-42.024,-19.07],[-42.047,-19.102],[-42.038,-19.119],[-42.056,-19.158],[-42.115,-19.19],[-42.13,-19.133],[-42.178,-19.121]]]}},{"type":"Feature","properties":{"codarea":"3125903"},"geometry":{"type":"Polygon","coordinates":[[[-43.103,-19.382],[-43.108,-19.338],[-43.14,-19.334],[-43.149,-19.313],[-43.129,-19.284],[-43.118,-19.198],[-43.163,-19.115],[-43.094,-19.106],[-43.078,-19.06],[-43.043,-19.068],[-42.996,-19.103],[-42.99,-19.124],[-42.947,-19.152],[-42.934,-19.119],[-42.904,-19.11],[-42.873,-19.121],[-42.823,-19.159],[-42.747,-19.15],[-42.781,-19.16],[-42.792,-19.188],[-42.776,-19.215],[-42.746,-19.225],[-42.744,-19.282],[-42.727,-19.32],[-42.742,-19.355],[-42.792,-19.408],[-42.821,-19.409],[-42.877,-19.432],[-42.897,-19.43],[-42.942,-19.321],[-42.958,-19.306],[-43.045,-19.312],[-43.069,-19.33],[-43.079,-19.371],[-43.103,-19.382]]]}},{"type":"Feature","properties":{"codarea":"3125952"},"geometry":{"type":"Polygon","coordinates":[[[-42.216,-20.666],[-42.247,-20.737],[-42.295,-20.736],[-42.361,-20.778],[-42.391,-20.758],[-42.417,-20.769],[-42.471,-20.75],[-42.48,-20.721],[-42.409,-20.655],[-42.41,-20.635],[-42.379,-20.589],[-42.358,-20.579],[-42.297,-20.585],[-42.263,-20.615],[-42.248,-20.646],[-42.216,-20.666]]]}},{"type":"Feature","properties":{"codarea":"3126000"},"geometry":{"type":"Polygon","coordinates":[[[-44.439,-19.931],[-44.48,-19.916],[-44.527,-19.953],[-44.514,-19.86],[-44.482,-19.836],[-44.442,-19.782],[-44.444,-19.765],[-44.379,-19.849],[-44.355,-19.905],[-44.439,-19.931]]]}},{"type":"Feature","properties":{"codarea":"3126109"},"geometry":{"type":"Polygon","coordinates":[[[-45.26,-20.651],[-45.294,-20.671],[-45.317,-20.656],[-45.357,-20.674],[-45.411,-20.659],[-45.486,-20.671],[-45.512,-20.696],[-45.586,-20.687],[-45.614,-20.703],[-45.734,-20.735],[-45.759,-20.712],[-45.788,-20.717],[-45.832,-20.667],[-45.799,-20.629],[-45.784,-20.589],[-45.756,-20.574],[-45.74,-20.532],[-45.669,-20.439],[-45.648,-20.463],[-45.606,-20.479],[-45.588,-20.467],[-45.539,-20.496],[-45.53,-20.516],[-45.484,-20.5],[-45.49,-20.437],[-45.512,-20.396],[-45.505,-20.351],[-45.47,-20.326],[-45.419,-20.345],[-45.386,-20.319],[-45.337,-20.334],[-45.304,-20.377],[-45.322,-20.436],[-45.299,-20.475],[-45.304,-20.52],[-45.263,-20.563],[-45.292,-20.59],[-45.262,-20.608],[-45.26,-20.651]]]}},{"type":"Feature","properties":{"codarea":"3126208"},"geometry":{"type":"Polygon","coordinates":[[[-46.039,-14.875],[-46.004,-14.902],[-45.966,-14.966],[-45.975,-15.037],[-46.044,-15.118],[-46.048,-15.164],[-46.117,-15.205],[-46.097,-15.243],[-46.058,-15.263],[-46.029,-15.202],[-45.984,-15.196],[-45.961,-15.144],[-45.919,-15.133],[-45.872,-15.159],[-45.812,-15.113],[-45.74,-15.12],[-45.768,-15.179],[-45.754,-15.209],[-45.72,-15.242],[-45.637,-15.229],[-45.608,-15.235],[-45.71,-15.34],[-45.777,-15.368],[-45.844,-15.425],[-45.901,-15.423],[-45.934,-15.383],[-45.99,-15.381],[-46.022,-15.367],[-46.033,-15.406],[-46.062,-15.422],[-46.112,-15.403],[-46.151,-15.413],[-46.195,-15.407],[-46.211,-15.425],[-46.255,-15.398],[-46.288,-15.412],[-46.303,-15.392],[-46.306,-15.345],[-46.336,-15.299],[-46.401,-15.235],[-46.418,-15.198],[-46.409,-15.18],[-46.438,-15.131],[-46.422,-15.098],[-46.503,-15.051],[-46.531,-15.005],[-46.518,-14.97],[-46.541,-14.952],[-46.54,-14.892],[-46.522,-14.851],[-46.56,-14.815],[-46.564,-14.783],[-46.544,-14.753],[-46.51,-14.738],[-46.503,-14.704],[-46.475,-14.705],[-46.424,-14.756],[-46.322,-14.815],[-46.325,-14.846],[-46.3,-14.858],[-46.319,-14.9],[-46.287,-14.928],[-46.232,-14.922],[-46.172,-14.947],[-46.119,-14.921],[-46.088,-14.936],[-46.039,-14.875]]]}},{"type":"Feature","properties":{"codarea":"3126307"},"geometry":{"type":"Polygon","coordinates":[[[-46.706,-20.841],[-46.672,-20.868],[-46.673,-20.898],[-46.699,-20.927],[-46.747,-20.939],[-46.752,-20.969],[-46.798,-20.976],[-46.804,-20.929],[-46.845,-20.916],[-46.875,-20.886],[-46.837,-20.821],[-46.809,-20.812],[-46.764,-20.85],[-46.747,-20.833],[-46.706,-20.841]]]}},{"type":"Feature","properties":{"codarea":"3126406"},"geometry":{"type":"Polygon","coordinates":[[[-44.447,-19.544],[-44.4,-19.589],[-44.408,-19.638],[-44.449,-19.631],[-44.498,-19.639],[-44.541,-19.607],[-44.565,-19.604],[-44.546,-19.586],[-44.57,-19.562],[-44.558,-19.537],[-44.579,-19.508],[-44.55,-19.426],[-44.542,-19.428],[-44.514,-19.484],[-44.522,-19.512],[-44.49,-19.551],[-44.447,-19.544]]]}},{"type":"Feature","properties":{"codarea":"3126505"},"geometry":{"type":"Polygon","coordinates":[[[-42.187,-16.865],[-42.163,-16.908],[-42.167,-16.927],[-42.231,-16.959],[-42.257,-16.992],[-42.235,-17.062],[-42.273,-17.057],[-42.327,-17.08],[-42.342,-17.108],[-42.394,-17.117],[-42.431,-17.091],[-42.421,-17.016],[-42.376,-16.959],[-42.367,-16.934],[-42.391,-16.914],[-42.351,-16.892],[-42.337,-16.861],[-42.274,-16.863],[-42.215,-16.883],[-42.187,-16.865]]]}},{"type":"Feature","properties":{"codarea":"3126604"},"geometry":{"type":"Polygon","coordinates":[[[-44.085,-17.427],[-44.096,-17.531],[-44.125,-17.572],[-44.116,-17.613],[-44.16,-17.655],[-44.191,-17.654],[-44.293,-17.701],[-44.36,-17.703],[-44.396,-17.692],[-44.447,-17.61],[-44.468,-17.605],[-44.451,-17.529],[-44.458,-17.505],[-44.434,-17.456],[-44.42,-17.447],[-44.422,-17.358],[-44.405,-17.307],[-44.375,-17.303],[-44.357,-17.258],[-44.329,-17.25],[-44.31,-17.289],[-44.257,-17.259],[-44.223,-17.278],[-44.174,-17.216],[-44.164,-17.19],[-44.111,-17.162],[-44.079,-17.211],[-44.113,-17.23],[-44.159,-17.3],[-44.128,-17.356],[-44.117,-17.406],[-44.085,-17.427]]]}},{"type":"Feature","properties":{"codarea":"3126703"},"geometry":{"type":"Polygon","coordinates":[[[-43.487,-16.815],[-43.506,-16.809],[-43.543,-16.748],[-43.563,-16.731],[-43.623,-16.711],[-43.668,-16.725],[-43.704,-16.691],[-43.702,-16.674],[-43.75,-16.578],[-43.741,-16.544],[-43.762,-16.534],[-43.759,-16.501],[-43.736,-16.484],[-43.747,-16.405],[-43.696,-16.416],[-43.676,-16.405],[-43.673,-16.297],[-43.538,-16.142],[-43.528,-16.087],[-43.49,-16.097],[-43.462,-16.084],[-43.389,-16.1],[-43.372,-16.122],[-43.334,-16.116],[-43.3,-16.129],[-43.26,-16.121],[-43.235,-16.158],[-43.157,-16.207],[-43.133,-16.232],[-43.157,-16.289],[-43.166,-16.361],[-43.193,-16.389],[-43.213,-16.384],[-43.285,-16.42],[-43.356,-16.427],[-43.376,-16.411],[-43.405,-16.45],[-43.417,-16.492],[-43.409,-16.517],[-43.437,-16.554],[-43.432,-16.581],[-43.445,-16.642],[-43.47,-16.674],[-43.473,-16.707],[-43.493,-16.73],[-43.475,-16.782],[-43.487,-16.815]]]}},{"type":"Feature","properties":{"codarea":"3126752"},"geometry":{"type":"Polygon","coordinates":[[[-42.148,-18.016],[-42.051,-17.952],[-42.059,-17.912],[-42.02,-17.857],[-41.989,-17.868],[-41.918,-17.853],[-41.872,-17.86],[-41.876,-17.894],[-41.84,-17.932],[-41.799,-17.94],[-41.818,-18.01],[-41.835,-18.041],[-41.865,-18.046],[-41.915,-18.117],[-42.0,-18.123],[-42.05,-18.146],[-42.06,-18.104],[-42.094,-18.083],[-42.148,-18.016]]]}},{"type":"Feature","properties":{"codarea":"3126802"},"geometry":{"type":"Polygon","coordinates":[[[-41.583,-18.26],[-41.598,-18.233],[-41.643,-18.201],[-41.657,-18.141],[-41.626,-18.108],[-41.618,-18.072],[-41.575,-18.04],[-41.571,-18.019],[-41.541,-18.008],[-41.504,-18.037],[-41.462,-18.007],[-41.394,-18.002],[-41.369,-18.032],[-41.372,-18.062],[-41.409,-18.075],[-41.414,-18.104],[-41.441,-18.138],[-41.423,-18.169],[-41.425,-18.202],[-41.37,-18.248],[-41.364,-18.272],[-41.419,-18.282],[-41.453,-18.262],[-41.528,-18.252],[-41.583,-18.26]]]}},{"type":"Feature","properties":{"codarea":"3126901"},"geometry":{"type":"Polygon","coordinates":[[[-41.972,-18.534],[-42.022,-18.519],[-42.044,-18.47],[-42.028,-18.455],[-42.012,-18.458],[-41.966,-18.38],[-41.926,-18.38],[-41.928,-18.444],[-41.9,-18.436],[-41.842,-18.44],[-41.812,-18.465],[-41.807,-18.527],[-41.778,-18.553],[-41.727,-18.532],[-41.695,-18.561],[-41.724,-18.601],[-41.758,-18.595],[-41.782,-18.652],[-41.829,-18.661],[-41.82,-18.639],[-41.841,-18.606],[-41.886,-18.573],[-41.935,-18.58],[-41.972,-18.534]]]}},{"type":"Feature","properties":{"codarea":"3126950"},"geometry":{"type":"Polygon","coordinates":[[[-42.829,-18.098],[-42.794,-18.105],[-42.762,-18.083],[-42.703,-18.092],[-42.684,-18.105],[-42.675,-18.136],[-42.699,-18.189],[-42.761,-18.214],[-42.804,-18.209],[-42.825,-18.162],[-42.829,-18.098]]]}},{"type":"Feature","properties":{"codarea":"3127008"},"geometry":{"type":"Polygon","coordinates":[[[-49.26,-20.259],[-49.265,-20.23],[-49.218,-20.234],[-49.169,-20.216],[-49.139,-20.149],[-49.102,-20.124],[-49.066,-20.154],[-49.121,-20.27],[-49.184,-20.315],[-49.225,-20.305],[-49.26,-20.259]]]}},{"type":"Feature","properties":{"codarea":"3127057"},"geometry":{"type":"Polygon","coordinates":[[[-40.966,-16.899],[-40.965,-16.869],[-40.921,-16.816],[-40.894,-16.805],[-40.848,-16.866],[-40.827,-16.864],[-40.799,-16.833],[-40.757,-16.82],[-40.711,-16.832],[-40.709,-16.84],[-40.745,-16.896],[-40.72,-16.959],[-40.805,-16.975],[-40.88,-16.964],[-40.915,-16.918],[-40.966,-16.899]]]}},{"type":"Feature","properties":{"codarea":"3127073"},"geometry":{"type":"Polygon","coordinates":[[[-42.493,-16.308],[-42.511,-16.266],[-42.543,-16.24],[-42.544,-16.21],[-42.626,-16.162],[-42.7,-16.172],[-42.706,-16.158],[-42.681,-16.15],[-42.664,-16.121],[-42.665,-16.076],[-42.632,-16.009],[-42.636,-15.974],[-42.617,-15.952],[-42.588,-15.968],[-42.54,-15.954],[-42.516,-15.96],[-42.527,-15.993],[-42.472,-15.978],[-42.464,-15.999],[-42.481,-16.061],[-42.424,-16.08],[-42.419,-16.108],[-42.388,-16.129],[-42.382,-16.16],[-42.353,-16.196],[-42.359,-16.283],[-42.342,-16.296],[-42.395,-16.279],[-42.425,-16.25],[-42.469,-16.258],[-42.47,-16.292],[-42.493,-16.308]]]}},{"type":"Feature","properties":{"codarea":"3127107"},"geometry":{"type":"Polygon","coordinates":[[[-49.265,-20.23],[-49.299,-20.167],[-49.307,-20.06],[-49.297,-20.017],[-49.248,-20.0],[-49.25,-19.969],[-49.222,-19.931],[-49.204,-19.928],[-49.157,-19.86],[-49.139,-19.787],[-49.081,-19.776],[-49.026,-19.784],[-49.008,-19.799],[-48.922,-19.802],[-48.879,-19.78],[-48.834,-19.808],[-48.781,-19.825],[-48.772,-19.846],[-48.777,-19.884],[-48.758,-19.994],[-48.735,-20.012],[-48.73,-20.031],[-48.743,-20.118],[-48.73,-20.15],[-48.781,-20.164],[-48.822,-20.162],[-48.855,-20.18],[-48.853,-20.215],[-48.887,-20.275],[-48.867,-20.399],[-48.886,-20.437],[-48.904,-20.439],[-48.963,-20.403],[-48.972,-20.208],[-48.986,-20.171],[-49.033,-20.15],[-49.066,-20.154],[-49.102,-20.124],[-49.139,-20.149],[-49.169,-20.216],[-49.218,-20.234],[-49.265,-20.23]]]}},{"type":"Feature","properties":{"codarea":"3127206"},"geometry":{"type":"Polygon","coordinates":[[[-44.128,-19.433],[-44.154,-19.371],[-44.148,-19.303],[-44.105,-19.29],[-44.073,-19.299],[-44.058,-19.331],[-44.006,-19.333],[-43.99,-19.404],[-44.004,-19.444],[-44.039,-19.424],[-44.044,-19.402],[-44.122,-19.412],[-44.128,-19.433]]]}},{"type":"Feature","properties":{"codarea":"3127305"},"geometry":{"type":"Polygon","coordinates":[[[-41.713,-18.91],[-41.711,-18.889],[-41.678,-18.844],[-41.69,-18.795],[-41.646,-18.751],[-41.593,-18.748],[-41.571,-18.805],[-41.544,-18.818],[-41.505,-18.797],[-41.436,-18.786],[-41.378,-18.761],[-41.346,-18.767],[-41.361,-18.825],[-41.406,-18.866],[-41.461,-18.883],[-41.431,-18.908],[-41.459,-18.952],[-41.402,-19.023],[-41.434,-19.006],[-41.486,-19.011],[-41.532,-19.038],[-41.537,-19.014],[-41.613,-18.974],[-41.673,-18.963],[-41.706,-18.941],[-41.713,-18.91]]]}},{"type":"Feature","properties":{"codarea":"3127339"},"geometry":{"type":"Polygon","coordinates":[[[-43.27,-15.15],[-43.273,-15.125],[-43.325,-15.066],[-43.369,-15.06],[-43.469,-15.078],[-43.487,-15.04],[-43.507,-15.03],[-43.504,-14.987],[-43.525,-14.977],[-43.538,-14.957],[-43.498,-14.934],[-43.495,-14.883],[-43.531,-14.815],[-43.487,-14.79],[-43.482,-14.801],[-43.382,-14.78],[-43.348,-14.799],[-43.285,-14.794],[-43.248,-14.806],[-43.196,-14.852],[-43.097,-14.853],[-43.078,-14.874],[-43.003,-14.91],[-42.984,-14.94],[-43.015,-14.989],[-43.033,-15.042],[-43.014,-15.072],[-43.04,-15.118],[-43.041,-15.167],[-43.102,-15.186],[-43.142,-15.171],[-43.166,-15.146],[-43.223,-15.159],[-43.27,-15.15]]]}},{"type":"Feature","properties":{"codarea":"3127354"},"geometry":{"type":"Polygon","coordinates":[[[-43.686,-16.927],[-43.682,-16.883],[-43.701,-16.851],[-43.674,-16.809],[-43.633,-16.83],[-43.623,-16.887],[-43.605,-16.893],[-43.568,-16.945],[-43.62,-16.989],[-43.686,-16.927]]]}},{"type":"Feature","properties":{"codarea":"3127370"},"geometry":{"type":"Polygon","coordinates":[[[-41.214,-18.965],[-41.16,-18.988],[-41.234,-19.062],[-41.234,-19.086],[-41.277,-19.123],[-41.281,-19.08],[-41.273,-19.016],[-41.288,-18.982],[-41.214,-18.965]]]}},{"type":"Feature","properties":{"codarea":"3127388"},"geometry":{"type":"Polygon","coordinates":[[[-43.263,-21.545],[-43.257,-21.506],[-43.235,-21.495],[-43.215,-21.507],[-43.164,-21.504],[-43.132,-21.521],[-43.123,-21.571],[-43.135,-21.598],[-43.169,-21.618],[-43.189,-21.609],[-43.226,-21.631],[-43.214,-21.61],[-43.263,-21.545]]]}},{"type":"Feature","properties":{"codarea":"3127404"},"geometry":{"type":"Polygon","coordinates":[[[-45.805,-22.737],[-45.843,-22.757],[-45.873,-22.725],[-45.921,-22.721],[-45.949,-22.694],[-45.886,-22.676],[-45.879,-22.615],[-45.839,-22.629],[-45.809,-22.611],[-45.747,-22.625],[-45.73,-22.619],[-45.698,-22.65],[-45.743,-22.659],[-45.788,-22.693],[-45.812,-22.699],[-45.805,-22.737]]]}},{"type":"Feature","properties":{"codarea":"3127503"},"geometry":{"type":"Polygon","coordinates":[[[-42.556,-18.94],[-42.568,-18.914],[-42.544,-18.87],[-42.575,-18.837],[-42.579,-18.799],[-42.523,-18.78],[-42.456,-18.814],[-42.463,-18.89],[-42.391,-18.928],[-42.445,-18.939],[-42.485,-18.963],[-42.556,-18.94]]]}},{"type":"Feature","properties":{"codarea":"3127602"},"geometry":{"type":"Polygon","coordinates":[[[-43.736,-18.624],[-43.766,-18.639],[-43.802,-18.619],[-43.82,-18.653],[-43.869,-18.672],[-43.894,-18.664],[-43.92,-18.633],[-43.98,-18.64],[-43.999,-18.668],[-44.048,-18.647],[-44.069,-18.567],[-44.013,-18.541],[-43.987,-18.547],[-43.869,-18.482],[-43.861,-18.444],[-43.825,-18.399],[-43.859,-18.369],[-43.831,-18.333],[-43.764,-18.336],[-43.682,-18.375],[-43.691,-18.391],[-43.683,-18.554],[-43.672,-18.58],[-43.691,-18.607],[-43.736,-18.624]]]}},{"type":"Feature","properties":{"codarea":"3127701"},"geometry":{"type":"Polygon","coordinates":[[[-41.713,-18.91],[-41.759,-18.898],[-41.892,-18.933],[-41.963,-18.935],[-42.021,-18.927],[-42.091,-18.974],[-42.096,-19.001],[-42.136,-19.036],[-42.208,-18.984],[-42.246,-18.993],[-42.277,-18.972],[-42.263,-18.942],[-42.261,-18.899],[-42.274,-18.874],[-42.273,-18.825],[-42.303,-18.806],[-42.327,-18.818],[-42.34,-18.792],[-42.324,-18.748],[-42.25,-18.713],[-42.206,-18.711],[-42.178,-18.669],[-42.008,-18.552],[-41.998,-18.611],[-42.018,-18.642],[-41.829,-18.661],[-41.782,-18.652],[-41.758,-18.595],[-41.724,-18.601],[-41.695,-18.561],[-41.646,-18.612],[-41.573,-18.573],[-41.54,-18.581],[-41.567,-18.584],[-41.582,-18.616],[-41.581,-18.672],[-41.593,-18.748],[-41.646,-18.751],[-41.69,-18.795],[-41.678,-18.844],[-41.711,-18.889],[-41.713,-18.91]]]}},{"type":"Feature","properties":{"codarea":"3127800"},"geometry":{"type":"Polygon","coordinates":[[[-42.631,-16.417],[-42.644,-16.476],[-42.677,-16.526],[-42.661,-16.543],[-42.663,-16.608],[-42.578,-16.642],[-42.454,-16.66],[-42.542,-16.709],[-42.558,-16.734],[-42.6,-16.732],[-42.625,-16.714],[-42.677,-16.721],[-42.695,-16.676],[-42.737,-16.655],[-42.742,-16.602],[-42.731,-16.573],[-42.764,-16.544],[-42.786,-16.547],[-42.824,-16.599],[-42.874,-16.581],[-42.923,-16.592],[-42.955,-16.662],[-43.024,-16.696],[-43.119,-16.708],[-43.159,-16.659],[-43.215,-16.644],[-43.23,-16.662],[-43.275,-16.659],[-43.342,-16.697],[-43.36,-16.733],[-43.394,-16.732],[-43.448,-16.799],[-43.487,-16.815],[-43.475,-16.782],[-43.493,-16.73],[-43.473,-16.707],[-43.47,-16.674],[-43.445,-16.642],[-43.432,-16.581],[-43.437,-16.554],[-43.409,-16.517],[-43.417,-16.492],[-43.405,-16.45],[-43.376,-16.411],[-43.356,-16.427],[-43.285,-16.42],[-43.213,-16.384],[-43.193,-16.389],[-43.166,-16.361],[-43.157,-16.289],[-43.132,-16.272],[-43.112,-16.232],[-43.038,-16.194],[-42.918,-16.151],[-42.853,-16.155],[-42.827,-16.14],[-42.769,-16.134],[-42.706,-16.158],[-42.7,-16.172],[-42.724,-16.216],[-42.723,-16.259],[-42.695,-16.284],[-42.641,-16.264],[-42.615,-16.292],[-42.656,-16.402],[-42.631,-16.417]]]}},{"type":"Feature","properties":{"codarea":"3127909"},"geometry":{"type":"Polygon","coordinates":[[[-47.77,-18.418],[-47.747,-18.423],[-47.712,-18.457],[-47.714,-18.491],[-47.666,-18.517],[-47.664,-18.537],[-47.688,-18.557],[-47.72,-18.554],[-47.76,-18.576],[-47.789,-18.514],[-47.817,-18.509],[-47.827,-18.473],[-47.865,-18.449],[-47.83,-18.411],[-47.77,-18.418]]]}},{"type":"Feature","properties":{"codarea":"3128006"},"geometry":{"type":"Polygon","coordinates":[[[-42.8,-19.096],[-42.864,-19.067],[-42.882,-19.01],[-42.928,-18.96],[-42.944,-18.929],[-42.985,-18.93],[-43.007,-18.902],[-42.991,-18.851],[-43.01,-18.825],[-43.063,-18.79],[-43.041,-18.761],[-42.98,-18.736],[-43.008,-18.694],[-42.972,-18.654],[-42.851,-18.675],[-42.823,-18.672],[-42.803,-18.616],[-42.734,-18.623],[-42.718,-18.655],[-42.72,-18.688],[-42.777,-18.708],[-42.76,-18.803],[-42.763,-18.844],[-42.735,-18.893],[-42.7,-18.888],[-42.63,-18.906],[-42.6,-18.926],[-42.556,-18.937],[-42.595,-18.962],[-42.616,-18.991],[-42.656,-18.975],[-42.704,-18.918],[-42.741,-18.925],[-42.758,-18.9],[-42.794,-18.905],[-42.777,-18.978],[-42.808,-19.001],[-42.788,-19.039],[-42.807,-19.069],[-42.8,-19.096]]]}},{"type":"Feature","properties":{"codarea":"3128105"},"geometry":{"type":"Polygon","coordinates":[[[-45.941,-20.891],[-45.975,-20.871],[-46.051,-20.863],[-46.063,-20.823],[-46.13,-20.818],[-46.167,-20.801],[-46.141,-20.774],[-46.129,-20.717],[-46.084,-20.691],[-46.026,-20.694],[-45.968,-20.588],[-45.928,-20.604],[-45.877,-20.65],[-45.832,-20.667],[-45.788,-20.717],[-45.759,-20.712],[-45.734,-20.735],[-45.714,-20.784],[-45.675,-20.804],[-45.679,-20.861],[-45.692,-20.897],[-45.788,-20.836],[-45.84,-20.865],[-45.884,-20.854],[-45.941,-20.891]]]}},{"type":"Feature","properties":{"codarea":"3128204"},"geometry":{"type":"Polygon","coordinates":[[[-43.138,-20.562],[-43.157,-20.512],[-43.123,-20.505],[-43.036,-20.449],[-42.994,-20.467],[-42.974,-20.509],[-42.928,-20.527],[-42.882,-20.569],[-42.947,-20.619],[-42.93,-20.661],[-42.967,-20.678],[-42.973,-20.658],[-43.02,-20.655],[-43.02,-20.6],[-43.06,-20.598],[-43.08,-20.581],[-43.117,-20.601],[-43.138,-20.562]]]}},{"type":"Feature","properties":{"codarea":"3128253"},"geometry":{"type":"Polygon","coordinates":[[[-43.686,-16.927],[-43.62,-16.989],[-43.566,-16.964],[-43.554,-17.007],[-43.568,-17.071],[-43.517,-17.151],[-43.489,-17.178],[-43.515,-17.192],[-43.564,-17.18],[-43.602,-17.196],[-43.623,-17.173],[-43.668,-17.171],[-43.685,-17.105],[-43.707,-17.068],[-43.713,-17.017],[-43.702,-16.999],[-43.698,-16.945],[-43.686,-16.927]]]}},{"type":"Feature","properties":{"codarea":"3128303"},"geometry":{"type":"Polygon","coordinates":[[[-46.785,-21.152],[-46.73,-21.187],[-46.717,-21.227],[-46.721,-21.265],[-46.758,-21.296],[-46.765,-21.36],[-46.782,-21.371],[-46.836,-21.371],[-46.842,-21.389],[-46.885,-21.407],[-46.893,-21.382],[-46.879,-21.291],[-46.812,-21.176],[-46.785,-21.152]]]}},{"type":"Feature","properties":{"codarea":"3128402"},"geometry":{"type":"Polygon","coordinates":[[[-42.938,-21.368],[-42.979,-21.39],[-43.046,-21.401],[-43.06,-21.43],[-43.086,-21.439],[-43.159,-21.391],[-43.183,-21.352],[-43.157,-21.311],[-43.073,-21.291],[-43.046,-21.316],[-43.007,-21.307],[-42.962,-21.314],[-42.926,-21.303],[-42.938,-21.368]]]}},{"type":"Feature","properties":{"codarea":"3128501"},"geometry":{"type":"Polygon","coordinates":[[[-43.02,-21.699],[-43.013,-21.715],[-42.963,-21.709],[-42.961,-21.733],[-43.004,-21.78],[-43.021,-21.782],[-43.043,-21.827],[-43.061,-21.823],[-43.076,-21.799],[-43.052,-21.742],[-43.054,-21.715],[-43.02,-21.699]]]}},{"type":"Feature","properties":{"codarea":"3128600"},"geometry":{"type":"Polygon","coordinates":[[[-47.163,-17.965],[-47.187,-17.955],[-47.224,-17.993],[-47.284,-18.026],[-47.283,-18.041],[-47.323,-17.983],[-47.342,-17.9],[-47.357,-17.894],[-47.355,-17.815],[-47.317,-17.725],[-47.314,-17.7],[-47.273,-17.674],[-47.279,-17.643],[-47.265,-17.611],[-47.313,-17.543],[-47.286,-17.487],[-47.263,-17.478],[-47.238,-17.511],[-47.21,-17.492],[-47.151,-17.498],[-47.13,-17.549],[-47.106,-17.543],[-47.056,-17.582],[-47.005,-17.567],[-47.002,-17.54],[-46.945,-17.474],[-46.904,-17.464],[-46.868,-17.502],[-46.901,-17.538],[-46.879,-17.597],[-46.858,-17.614],[-46.881,-17.649],[-46.9,-17.703],[-46.92,-17.716],[-46.923,-17.767],[-46.945,-17.791],[-46.94,-17.843],[-46.97,-17.896],[-46.996,-17.899],[-47.031,-17.934],[-47.09,-17.921],[-47.163,-17.965]]]}},{"type":"Feature","properties":{"codarea":"3128709"},"geometry":{"type":"Polygon","coordinates":[[[-46.765,-21.36],[-46.758,-21.296],[-46.721,-21.265],[-46.717,-21.227],[-46.73,-21.187],[-46.667,-21.193],[-46.644,-21.177],[-46.618,-21.193],[-46.622,-21.247],[-46.601,-21.326],[-46.648,-21.38],[-46.675,-21.375],[-46.739,-21.393],[-46.765,-21.36]]]}},{"type":"Feature","properties":{"codarea":"3128808"},"geometry":{"type":"Polygon","coordinates":[[[-42.862,-21.157],[-42.846,-21.107],[-42.79,-21.096],[-42.748,-21.109],[-42.707,-21.142],[-42.753,-21.203],[-42.77,-21.267],[-42.795,-21.271],[-42.814,-21.261],[-42.799,-21.229],[-42.805,-21.178],[-42.862,-21.157]]]}},{"type":"Feature","properties":{"codarea":"3128907"},"geometry":{"type":"Polygon","coordinates":[[[-46.864,-18.729],[-46.849,-18.669],[-46.81,-18.651],[-46.777,-18.671],[-46.78,-18.693],[-46.74,-18.776],[-46.711,-18.803],[-46.667,-18.811],[-46.624,-18.855],[-46.644,-18.874],[-46.659,-18.912],[-46.704,-18.936],[-46.75,-18.94],[-46.795,-18.918],[-46.792,-18.896],[-46.816,-18.864],[-46.788,-18.822],[-46.808,-18.797],[-46.828,-18.727],[-46.864,-18.729]]]}},{"type":"Feature","properties":{"codarea":"3129004"},"geometry":{"type":"Polygon","coordinates":[[[-42.612,-20.986],[-42.632,-21.012],[-42.655,-21.078],[-42.707,-21.142],[-42.748,-21.109],[-42.79,-21.096],[-42.764,-21.063],[-42.758,-20.966],[-42.73,-20.938],[-42.721,-20.895],[-42.651,-20.911],[-42.612,-20.986]]]}},{"type":"Feature","properties":{"codarea":"3129103"},"geometry":{"type":"Polygon","coordinates":[[[-50.122,-19.198],[-50.129,-19.161],[-50.077,-19.077],[-50.023,-19.044],[-49.967,-18.959],[-49.984,-18.946],[-50.012,-18.864],[-50.002,-18.834],[-49.968,-18.786],[-49.946,-18.813],[-49.909,-18.798],[-49.872,-18.802],[-49.862,-18.847],[-49.802,-18.932],[-49.731,-18.99],[-49.696,-19.037],[-49.599,-19.117],[-49.6,-19.142],[-49.635,-19.188],[-49.644,-19.222],[-49.679,-19.277],[-49.75,-19.287],[-49.76,-19.316],[-49.787,-19.33],[-49.821,-19.295],[-49.89,-19.274],[-49.966,-19.3],[-50.001,-19.273],[-50.042,-19.275],[-50.086,-19.246],[-50.122,-19.198]]]}},{"type":"Feature","properties":{"codarea":"3129202"},"geometry":{"type":"Polygon","coordinates":[[[-45.459,-22.082],[-45.598,-22.103],[-45.605,-22.073],[-45.64,-22.032],[-45.619,-22.019],[-45.477,-21.99],[-45.451,-22.062],[-45.459,-22.082]]]}},{"type":"Feature","properties":{"codarea":"3129301"},"geometry":{"type":"Polygon","coordinates":[[[-42.153,-19.438],[-42.197,-19.47],[-42.244,-19.547],[-42.3,-19.52],[-42.292,-19.472],[-42.275,-19.448],[-42.245,-19.441],[-42.254,-19.356],[-42.285,-19.291],[-42.325,-19.289],[-42.336,-19.268],[-42.316,-19.238],[-42.254,-19.187],[-42.232,-19.156],[-42.211,-19.17],[-42.18,-19.264],[-42.202,-19.279],[-42.206,-19.322],[-42.228,-19.375],[-42.203,-19.376],[-42.191,-19.421],[-42.153,-19.438]]]}},{"type":"Feature","properties":{"codarea":"3129400"},"geometry":{"type":"Polygon","coordinates":[[[-43.823,-21.509],[-43.869,-21.497],[-44.015,-21.538],[-44.055,-21.517],[-44.051,-21.451],[-44.089,-21.435],[-44.005,-21.363],[-43.921,-21.374],[-43.88,-21.353],[-43.891,-21.383],[-43.857,-21.413],[-43.823,-21.509]]]}},{"type":"Feature","properties":{"codarea":"3129509"},"geometry":{"type":"Polygon","coordinates":[[[-46.328,-19.642],[-46.354,-19.644],[-46.364,-19.674],[-46.399,-19.668],[-46.424,-19.698],[-46.449,-19.668],[-46.48,-19.655],[-46.511,-19.671],[-46.545,-19.665],[-46.571,-19.681],[-46.544,-19.733],[-46.547,-19.772],[-46.51,-19.796],[-46.495,-19.825],[-46.516,-19.859],[-46.586,-19.898],[-46.601,-19.927],[-46.612,-19.905],[-46.667,-19.872],[-46.68,-19.897],[-46.714,-19.846],[-46.826,-19.775],[-46.836,-19.745],[-46.762,-19.675],[-46.742,-19.619],[-46.817,-19.576],[-46.859,-19.541],[-46.862,-19.506],[-46.906,-19.482],[-46.858,-19.469],[-46.837,-19.303],[-46.72,-19.296],[-46.69,-19.318],[-46.594,-19.318],[-46.546,-19.337],[-46.496,-19.314],[-46.45,-19.311],[-46.422,-19.331],[-46.391,-19.402],[-46.317,-19.383],[-46.307,-19.411],[-46.266,-19.432],[-46.28,-19.46],[-46.326,-19.492],[-46.268,-19.564],[-46.284,-19.605],[-46.328,-19.642]]]}},{"type":"Feature","properties":{"codarea":"3129608"},"geometry":{"type":"Polygon","coordinates":[[[-45.02,-16.754],[-44.981,-16.753],[-44.938,-16.726],[-44.886,-16.721],[-44.854,-16.698],[-44.803,-16.686],[-44.785,-16.733],[-44.716,-16.678],[-44.674,-16.68],[-44.673,-16.74],[-44.685,-16.796],[-44.635,-16.776],[-44.613,-16.814],[-44.629,-16.835],[-44.608,-16.881],[-44.663,-16.928],[-44.692,-16.93],[-44.775,-16.981],[-44.841,-16.992],[-44.871,-16.974],[-44.874,-16.93],[-44.913,-16.914],[-44.919,-16.849],[-44.934,-16.806],[-45.02,-16.754]]]}},{"type":"Feature","properties":{"codarea":"3129657"},"geometry":{"type":"Polygon","coordinates":[[[-44.03,-15.487],[-44.058,-15.519],[-44.066,-15.582],[-44.055,-15.608],[-44.08,-15.653],[-44.063,-15.771],[-44.124,-15.781],[-44.203,-15.829],[-44.237,-15.771],[-44.278,-15.744],[-44.248,-15.727],[-44.233,-15.676],[-44.191,-15.68],[-44.167,-15.648],[-44.12,-15.666],[-44.118,-15.615],[-44.096,-15.581],[-44.093,-15.547],[-44.055,-15.473],[-44.03,-15.487]]]}},{"type":"Feature","properties":{"codarea":"3129707"},"geometry":{"type":"Polygon","coordinates":[[[-47.224,-20.491],[-47.197,-20.465],[-47.193,-20.383],[-47.215,-20.367],[-47.211,-20.33],[-47.184,-20.291],[-47.233,-20.227],[-47.231,-20.219],[-47.18,-20.239],[-47.152,-20.233],[-47.13,-20.284],[-47.077,-20.276],[-47.051,-20.308],[-47.001,-20.315],[-46.979,-20.373],[-47.028,-20.392],[-47.007,-20.446],[-47.034,-20.475],[-47.048,-20.518],[-47.113,-20.538],[-47.138,-20.561],[-47.154,-20.52],[-47.224,-20.491]]]}},{"type":"Feature","properties":{"codarea":"3129806"},"geometry":{"type":"Polygon","coordinates":[[[-44.116,-20.024],[-44.112,-20.002],[-44.076,-19.967],[-44.063,-19.977],[-44.019,-20.054],[-44.064,-20.08],[-44.094,-20.029],[-44.116,-20.024]]]}},{"type":"Feature","properties":{"codarea":"3129905"},"geometry":{"type":"Polygon","coordinates":[[[-46.432,-22.121],[-46.453,-22.095],[-46.436,-22.037],[-46.395,-22.014],[-46.397,-22.043],[-46.347,-22.054],[-46.402,-22.106],[-46.432,-22.121]]]}},{"type":"Feature","properties":{"codarea":"3130002"},"geometry":{"type":"Polygon","coordinates":[[[-44.863,-21.167],[-44.878,-21.155],[-44.872,-21.135],[-44.765,-21.113],[-44.736,-21.142],[-44.711,-21.137],[-44.707,-21.196],[-44.76,-21.235],[-44.777,-21.209],[-44.81,-21.221],[-44.848,-21.194],[-44.863,-21.167]]]}},{"type":"Feature","properties":{"codarea":"3130051"},"geometry":{"type":"Polygon","coordinates":[[[-45.057,-16.365],[-45.061,-16.293],[-45.047,-16.243],[-45.055,-16.2],[-45.08,-16.146],[-45.08,-16.122],[-45.05,-16.144],[-44.976,-16.163],[-44.856,-16.129],[-44.811,-16.156],[-44.774,-16.16],[-44.674,-16.093],[-44.66,-16.134],[-44.752,-16.195],[-44.872,-16.288],[-44.946,-16.333],[-44.961,-16.354],[-45.044,-16.382],[-45.057,-16.365]]]}},{"type":"Feature","properties":{"codarea":"3130101"},"geometry":{"type":"Polygon","coordinates":[[[-44.276,-20.112],[-44.354,-20.121],[-44.376,-20.072],[-44.344,-20.005],[-44.322,-19.996],[-44.272,-20.005],[-44.288,-20.057],[-44.276,-20.112]]]}},{"type":"Feature","properties":{"codarea":"3130200"},"geometry":{"type":"Polygon","coordinates":[[[-44.754,-20.054],[-44.744,-19.962],[-44.789,-19.954],[-44.817,-19.919],[-44.816,-19.893],[-44.781,-19.867],[-44.742,-19.898],[-44.686,-19.877],[-44.62,-19.936],[-44.612,-19.954],[-44.66,-19.987],[-44.696,-20.0],[-44.712,-20.031],[-44.718,-20.085],[-44.754,-20.054]]]}},{"type":"Feature","properties":{"codarea":"3130309"},"geometry":{"type":"Polygon","coordinates":[[[-45.661,-20.297],[-45.694,-20.288],[-45.759,-20.303],[-45.82,-20.289],[-45.867,-20.232],[-45.89,-20.217],[-45.886,-20.19],[-45.854,-20.145],[-45.843,-20.087],[-45.809,-20.056],[-45.776,-20.054],[-45.796,-20.001],[-45.76,-19.973],[-45.723,-19.991],[-45.706,-20.017],[-45.632,-20.073],[-45.653,-20.12],[-45.652,-20.194],[-45.666,-20.249],[-45.661,-20.297]]]}},{"type":"Feature","properties":{"codarea":"3130408"},"geometry":{"type":"Polygon","coordinates":[[[-44.993,-21.134],[-44.95,-21.109],[-44.926,-21.124],[-44.909,-21.172],[-44.878,-21.155],[-44.863,-21.167],[-44.869,-21.212],[-44.907,-21.212],[-44.946,-21.239],[-44.974,-21.193],[-44.993,-21.134]]]}},{"type":"Feature","properties":{"codarea":"3130507"},"geometry":{"type":"Polygon","coordinates":[[[-45.908,-20.971],[-45.895,-20.925],[-45.938,-20.93],[-45.941,-20.891],[-45.884,-20.854],[-45.84,-20.865],[-45.788,-20.836],[-45.692,-20.897],[-45.683,-20.962],[-45.733,-21.017],[-45.763,-21.029],[-45.868,-20.995],[-45.908,-20.971]]]}},{"type":"Feature","properties":{"codarea":"3130556"},"geometry":{"type":"Polygon","coordinates":[[[-42.046,-19.6],[-42.049,-19.572],[-41.992,-19.539],[-41.919,-19.552],[-41.902,-19.565],[-41.903,-19.621],[-41.917,-19.669],[-41.962,-19.727],[-42.008,-19.733],[-42.018,-19.709],[-41.967,-19.663],[-42.004,-19.622],[-42.038,-19.634],[-42.046,-19.6]]]}},{"type":"Feature","properties":{"codarea":"3130606"},"geometry":{"type":"Polygon","coordinates":[[[-46.235,-22.267],[-46.221,-22.306],[-46.261,-22.419],[-46.278,-22.386],[-46.309,-22.41],[-46.334,-22.388],[-46.339,-22.308],[-46.3,-22.283],[-46.235,-22.267]]]}},{"type":"Feature","properties":{"codarea":"3130655"},"geometry":{"type":"Polygon","coordinates":[[[-42.318,-15.47],[-42.245,-15.46],[-42.23,-15.418],[-42.176,-15.414],[-42.112,-15.424],[-42.077,-15.395],[-42.055,-15.436],[-42.014,-15.469],[-41.976,-15.521],[-41.978,-15.564],[-41.935,-15.625],[-41.989,-15.656],[-42.06,-15.676],[-42.108,-15.681],[-42.123,-15.728],[-42.157,-15.719],[-42.193,-15.746],[-42.203,-15.704],[-42.258,-15.686],[-42.285,-15.655],[-42.323,-15.566],[-42.306,-15.521],[-42.318,-15.47]]]}},{"type":"Feature","properties":{"codarea":"3130705"},"geometry":{"type":"Polygon","coordinates":[[[-48.061,-18.886],[-48.019,-18.867],[-47.985,-18.877],[-47.955,-18.847],[-47.874,-18.829],[-47.782,-18.841],[-47.722,-18.83],[-47.691,-18.885],[-47.709,-18.923],[-47.666,-18.999],[-47.67,-19.035],[-47.694,-19.054],[-47.735,-19.051],[-47.766,-19.03],[-47.801,-19.038],[-47.819,-19.089],[-47.891,-19.107],[-47.913,-19.097],[-47.932,-19.068],[-47.956,-19.07],[-47.979,-19.001],[-48.007,-18.972],[-48.02,-18.916],[-48.061,-18.886]]]}},{"type":"Feature","properties":{"codarea":"3130804"},"geometry":{"type":"Polygon","coordinates":[[[-45.061,-21.409],[-45.085,-21.399],[-45.038,-21.373],[-45.002,-21.334],[-44.946,-21.349],[-44.904,-21.343],[-44.879,-21.363],[-44.836,-21.367],[-44.818,-21.393],[-44.813,-21.469],[-44.821,-21.522],[-44.87,-21.498],[-44.889,-21.469],[-44.987,-21.463],[-45.011,-21.435],[-45.061,-21.409]]]}},{"type":"Feature","properties":{"codarea":"3130903"},"geometry":{"type":"Polygon","coordinates":[[[-41.823,-19.427],[-41.808,-19.456],[-41.758,-19.508],[-41.7,-19.499],[-41.664,-19.455],[-41.653,-19.533],[-41.721,-19.582],[-41.752,-19.595],[-41.804,-19.578],[-41.815,-19.594],[-41.854,-19.583],[-41.903,-19.621],[-41.894,-19.538],[-41.938,-19.498],[-41.957,-19.455],[-42.0,-19.459],[-42.019,-19.485],[-42.059,-19.499],[-42.07,-19.54],[-42.049,-19.572],[-42.046,-19.6],[-42.069,-19.596],[-42.127,-19.62],[-42.207,-19.608],[-42.214,-19.559],[-42.244,-19.547],[-42.197,-19.47],[-42.153,-19.438],[-42.136,-19.415],[-42.104,-19.429],[-42.028,-19.377],[-41.991,-19.38],[-41.96,-19.348],[-41.888,-19.387],[-41.847,-19.422],[-41.823,-19.427]]]}},{"type":"Feature","properties":{"codarea":"3131000"},"geometry":{"type":"Polygon","coordinates":[[[-44.514,-19.484],[-44.542,-19.428],[-44.502,-19.429],[-44.46,-19.409],[-44.355,-19.47],[-44.313,-19.511],[-44.307,-19.567],[-44.315,-19.592],[-44.391,-19.579],[-44.4,-19.589],[-44.447,-19.544],[-44.425,-19.524],[-44.432,-19.497],[-44.514,-19.484]]]}},{"type":"Feature","properties":{"codarea":"3131109"},"geometry":{"type":"Polygon","coordinates":[[[-44.22,-18.582],[-44.194,-18.634],[-44.192,-18.684],[-44.169,-18.713],[-44.157,-18.767],[-44.197,-18.745],[-44.237,-18.79],[-44.283,-18.806],[-44.27,-18.832],[-44.311,-18.885],[-44.358,-18.904],[-44.374,-18.883],[-44.372,-18.836],[-44.389,-18.802],[-44.373,-18.623],[-44.275,-18.611],[-44.22,-18.582]]]}},{"type":"Feature","properties":{"codarea":"3131158"},"geometry":{"type":"Polygon","coordinates":[[[-42.419,-19.336],[-42.387,-19.328],[-42.39,-19.353],[-42.355,-19.374],[-42.329,-19.41],[-42.297,-19.413],[-42.278,-19.444],[-42.295,-19.455],[-42.338,-19.445],[-42.395,-19.45],[-42.432,-19.439],[-42.413,-19.39],[-42.419,-19.336]]]}},{"type":"Feature","properties":{"codarea":"3131208"},"geometry":{"type":"Polygon","coordinates":[[[-41.655,-19.832],[-41.67,-19.859],[-41.715,-19.873],[-41.737,-19.914],[-41.777,-19.927],[-41.844,-19.925],[-41.802,-19.832],[-41.785,-19.813],[-41.796,-19.775],[-41.786,-19.739],[-41.818,-19.708],[-41.804,-19.623],[-41.815,-19.594],[-41.804,-19.578],[-41.752,-19.595],[-41.695,-19.644],[-41.665,-19.769],[-41.674,-19.799],[-41.655,-19.832]]]}},{"type":"Feature","properties":{"codarea":"3131307"},"geometry":{"type":"Polygon","coordinates":[[[-42.685,-19.368],[-42.678,-19.382],[-42.593,-19.379],[-42.56,-19.402],[-42.544,-19.448],[-42.513,-19.466],[-42.502,-19.492],[-42.574,-19.515],[-42.605,-19.492],[-42.598,-19.465],[-42.658,-19.444],[-42.695,-19.418],[-42.706,-19.39],[-42.685,-19.368]]]}},{"type":"Feature","properties":{"codarea":"3131406"},"geometry":{"type":"Polygon","coordinates":[[[-49.872,-18.802],[-49.909,-18.798],[-49.946,-18.813],[-49.968,-18.786],[-50.051,-18.732],[-50.058,-18.684],[-50.08,-18.672],[-50.05,-18.643],[-50.029,-18.602],[-49.981,-18.605],[-49.932,-18.624],[-49.889,-18.61],[-49.795,-18.644],[-49.819,-18.698],[-49.803,-18.738],[-49.872,-18.802]]]}},{"type":"Feature","properties":{"codarea":"3131505"},"geometry":{"type":"Polygon","coordinates":[[[-46.092,-21.877],[-46.081,-21.858],[-46.062,-21.876],[-46.072,-21.912],[-46.056,-21.941],[-46.051,-22.036],[-46.074,-22.09],[-46.1,-22.101],[-46.14,-22.101],[-46.199,-22.138],[-46.255,-22.146],[-46.238,-22.11],[-46.238,-22.073],[-46.176,-22.03],[-46.15,-21.996],[-46.137,-21.944],[-46.092,-21.877]]]}},{"type":"Feature","properties":{"codarea":"3131604"},"geometry":{"type":"Polygon","coordinates":[[[-47.57,-19.106],[-47.595,-19.045],[-47.573,-19.013],[-47.535,-19.009],[-47.496,-18.988],[-47.493,-18.963],[-47.458,-18.978],[-47.407,-18.961],[-47.34,-18.959],[-47.341,-19.017],[-47.36,-19.033],[-47.389,-19.128],[-47.441,-19.139],[-47.47,-19.119],[-47.558,-19.098],[-47.57,-19.106]]]}},{"type":"Feature","properties":{"codarea":"3131703"},"geometry":{"type":"Polygon","coordinates":[[[-43.4,-19.672],[-43.422,-19.663],[-43.452,-19.683],[-43.513,-19.651],[-43.542,-19.624],[-43.543,-19.541],[-43.48,-19.453],[-43.482,-19.419],[-43.461,-19.426],[-43.439,-19.462],[-43.384,-19.428],[-43.36,-19.431],[-43.36,-19.474],[-43.327,-19.511],[-43.295,-19.46],[-43.244,-19.452],[-43.201,-19.422],[-43.232,-19.456],[-43.197,-19.501],[-43.192,-19.525],[-43.13,-19.529],[-43.109,-19.559],[-43.057,-19.578],[-43.062,-19.627],[-43.083,-19.653],[-43.11,-19.727],[-43.166,-19.748],[-43.163,-19.776],[-43.196,-19.789],[-43.271,-19.777],[-43.329,-19.736],[-43.334,-19.677],[-43.4,-19.672]]]}},{"type":"Feature","properties":{"codarea":"3131802"},"geometry":{"type":"Polygon","coordinates":[[[-41.183,-18.442],[-41.188,-18.502],[-41.158,-18.528],[-41.19,-18.543],[-41.211,-18.576],[-41.225,-18.654],[-41.265,-18.661],[-41.305,-18.59],[-41.289,-18.562],[-41.295,-18.515],[-41.321,-18.505],[-41.312,-18.477],[-41.282,-18.502],[-41.239,-18.489],[-41.183,-18.442]]]}},{"type":"Feature","properties":{"codarea":"3131901"},"geometry":{"type":"Polygon","coordinates":[[[-43.93,-20.382],[-43.95,-20.279],[-43.976,-20.223],[-43.938,-20.208],[-43.908,-20.215],[-43.794,-20.18],[-43.79,-20.154],[-43.696,-20.149],[-43.66,-20.119],[-43.618,-20.194],[-43.618,-20.207],[-43.699,-20.256],[-43.752,-20.268],[-43.76,-20.306],[-43.798,-20.322],[-43.803,-20.352],[-43.838,-20.386],[-43.93,-20.382]]]}},{"type":"Feature","properties":{"codarea":"3132008"},"geometry":{"type":"Polygon","coordinates":[[[-43.207,-17.106],[-43.229,-17.137],[-43.283,-17.136],[-43.489,-17.178],[-43.517,-17.151],[-43.568,-17.071],[-43.554,-17.007],[-43.566,-16.964],[-43.436,-16.954],[-43.441,-16.925],[-43.468,-16.92],[-43.455,-16.873],[-43.461,-16.839],[-43.487,-16.815],[-43.448,-16.799],[-43.394,-16.732],[-43.36,-16.733],[-43.342,-16.697],[-43.275,-16.659],[-43.23,-16.662],[-43.215,-16.644],[-43.159,-16.659],[-43.13,-16.694],[-43.199,-16.692],[-43.18,-16.725],[-43.147,-16.843],[-43.121,-16.889],[-43.119,-16.921],[-43.135,-16.981],[-43.175,-17.014],[-43.18,-17.086],[-43.207,-17.106]]]}},{"type":"Feature","properties":{"codarea":"3132107"},"geometry":{"type":"Polygon","coordinates":[[[-44.487,-14.964],[-44.484,-14.907],[-44.454,-14.926],[-44.394,-14.931],[-44.278,-14.994],[-44.215,-14.969],[-44.139,-14.976],[-44.106,-14.963],[-44.063,-14.991],[-43.997,-14.977],[-44.018,-15.014],[-44.016,-15.059],[-44.042,-15.11],[-44.042,-15.15],[-44.069,-15.196],[-44.026,-15.25],[-43.991,-15.256],[-43.929,-15.308],[-43.938,-15.368],[-43.93,-15.438],[-43.965,-15.462],[-44.002,-15.505],[-44.03,-15.487],[-44.046,-15.448],[-44.107,-15.431],[-44.139,-15.393],[-44.154,-15.358],[-44.127,-15.319],[-44.116,-15.276],[-44.136,-15.26],[-44.106,-15.211],[-44.169,-15.175],[-44.224,-15.168],[-44.242,-15.136],[-44.231,-15.1],[-44.276,-15.088],[-44.327,-15.041],[-44.35,-14.992],[-44.38,-14.973],[-44.468,-14.98],[-44.487,-14.964]]]}},{"type":"Feature","properties":{"codarea":"3132206"},"geometry":{"type":"Polygon","coordinates":[[[-44.435,-20.292],[-44.438,-20.346],[-44.413,-20.383],[-44.407,-20.427],[-44.463,-20.441],[-44.543,-20.483],[-44.594,-20.457],[-44.628,-20.405],[-44.659,-20.338],[-44.623,-20.3],[-44.532,-20.261],[-44.493,-20.29],[-44.435,-20.292]]]}},{"type":"Feature","properties":{"codarea":"3132305"},"geometry":{"type":"Polygon","coordinates":[[[-41.754,-17.442],[-41.764,-17.405],[-41.733,-17.356],[-41.729,-17.325],[-41.69,-17.277],[-41.689,-17.252],[-41.656,-17.234],[-41.608,-17.293],[-41.59,-17.296],[-41.569,-17.344],[-41.595,-17.357],[-41.587,-17.401],[-41.602,-17.433],[-41.592,-17.47],[-41.566,-17.492],[-41.601,-17.557],[-41.622,-17.553],[-41.65,-17.602],[-41.68,-17.595],[-41.657,-17.559],[-41.683,-17.524],[-41.735,-17.483],[-41.754,-17.442]]]}},{"type":"Feature","properties":{"codarea":"3132404"},"geometry":{"type":"Polygon","coordinates":[[[-45.524,-22.46],[-45.516,-22.437],[-45.529,-22.388],[-45.482,-22.355],[-45.446,-22.355],[-45.423,-22.378],[-45.34,-22.339],[-45.289,-22.355],[-45.261,-22.376],[-45.3,-22.4],[-45.335,-22.405],[-45.371,-22.447],[-45.359,-22.467],[-45.392,-22.5],[-45.393,-22.524],[-45.43,-22.54],[-45.43,-22.514],[-45.524,-22.46]]]}},{"type":"Feature","properties":{"codarea":"3132503"},"geometry":{"type":"Polygon","coordinates":[[[-42.838,-17.555],[-42.805,-17.547],[-42.772,-17.584],[-42.76,-17.625],[-42.721,-17.588],[-42.724,-17.547],[-42.684,-17.55],[-42.696,-17.588],[-42.66,-17.658],[-42.614,-17.671],[-42.6,-17.722],[-42.645,-17.778],[-42.651,-17.825],[-42.683,-17.882],[-42.644,-17.923],[-42.607,-17.992],[-42.645,-18.046],[-42.694,-18.068],[-42.703,-18.092],[-42.762,-18.083],[-42.794,-18.105],[-42.829,-18.098],[-42.867,-18.123],[-42.909,-18.11],[-42.944,-18.113],[-42.99,-18.149],[-43.034,-18.087],[-43.076,-18.068],[-43.088,-18.099],[-43.137,-18.108],[-43.11,-18.064],[-43.142,-18.045],[-43.142,-18.023],[-43.107,-18.002],[-43.127,-17.958],[-43.122,-17.889],[-43.137,-17.807],[-43.158,-17.772],[-43.14,-17.725],[-43.032,-17.62],[-43.016,-17.638],[-43.016,-17.679],[-42.975,-17.715],[-42.962,-17.646],[-42.916,-17.594],[-42.873,-17.605],[-42.838,-17.555]]]}},{"type":"Feature","properties":{"codarea":"3132602"},"geometry":{"type":"Polygon","coordinates":[[[-42.894,-21.372],[-42.859,-21.403],[-42.83,-21.388],[-42.781,-21.384],[-42.823,-21.47],[-42.886,-21.483],[-42.894,-21.441],[-42.894,-21.372]]]}},{"type":"Feature","properties":{"codarea":"3132701"},"geometry":{"type":"Polygon","coordinates":[[[-41.571,-18.019],[-41.575,-18.04],[-41.618,-18.072],[-41.626,-18.108],[-41.657,-18.141],[-41.682,-18.19],[-41.735,-18.202],[-41.749,-18.177],[-41.783,-18.24],[-41.845,-18.25],[-41.833,-18.281],[-41.879,-18.317],[-41.875,-18.352],[-41.926,-18.38],[-41.966,-18.38],[-42.012,-18.458],[-42.028,-18.455],[-42.053,-18.418],[-42.051,-18.381],[-42.082,-18.348],[-42.063,-18.291],[-42.066,-18.261],[-42.089,-18.212],[-42.048,-18.195],[-42.05,-18.146],[-42.0,-18.123],[-41.915,-18.117],[-41.865,-18.046],[-41.835,-18.041],[-41.818,-18.01],[-41.799,-17.94],[-41.762,-17.915],[-41.666,-17.913],[-41.644,-17.952],[-41.593,-17.971],[-41.593,-18.008],[-41.571,-18.019]]]}},{"type":"Feature","properties":{"codarea":"3132800"},"geometry":{"type":"Polygon","coordinates":[[[-43.194,-19.387],[-43.201,-19.422],[-43.244,-19.452],[-43.295,-19.46],[-43.327,-19.511],[-43.36,-19.474],[-43.36,-19.431],[-43.384,-19.428],[-43.439,-19.462],[-43.461,-19.426],[-43.482,-19.419],[-43.487,-19.371],[-43.519,-19.33],[-43.518,-19.316],[-43.509,-19.332],[-43.383,-19.336],[-43.351,-19.326],[-43.324,-19.352],[-43.286,-19.347],[-43.266,-19.31],[-43.244,-19.325],[-43.245,-19.352],[-43.214,-19.388],[-43.194,-19.387]]]}},{"type":"Feature","properties":{"codarea":"3132909"},"geometry":{"type":"Polygon","coordinates":[[[-46.935,-21.062],[-46.963,-21.087],[-46.983,-21.127],[-47.118,-21.153],[-47.133,-21.133],[-47.115,-21.105],[-47.141,-21.086],[-47.148,-21.035],[-47.108,-21.015],[-47.019,-21.014],[-46.965,-21.033],[-46.935,-21.062]]]}},{"type":"Feature","properties":{"codarea":"3133006"},"geometry":{"type":"Polygon","coordinates":[[[-44.886,-22.264],[-44.853,-22.211],[-44.817,-22.192],[-44.767,-22.201],[-44.761,-22.222],[-44.607,-22.226],[-44.598,-22.255],[-44.613,-22.287],[-44.666,-22.32],[-44.666,-22.373],[-44.73,-22.361],[-44.803,-22.394],[-44.826,-22.364],[-44.858,-22.366],[-44.864,-22.309],[-44.89,-22.304],[-44.886,-22.264]]]}},{"type":"Feature","properties":{"codarea":"3133105"},"geometry":{"type":"Polygon","coordinates":[[[-45.015,-22.34],[-45.015,-22.276],[-44.979,-22.277],[-44.935,-22.254],[-44.886,-22.264],[-44.89,-22.304],[-44.864,-22.309],[-44.858,-22.366],[-44.826,-22.364],[-44.803,-22.394],[-44.809,-22.404],[-44.824,-22.404],[-44.918,-22.36],[-44.915,-22.326],[-44.958,-22.317],[-44.968,-22.337],[-45.015,-22.34]]]}},{"type":"Feature","properties":{"codarea":"3133204"},"geometry":{"type":"Polygon","coordinates":[[[-41.967,-19.14],[-41.966,-19.104],[-42.0,-19.072],[-41.987,-19.041],[-41.946,-19.023],[-41.943,-19.061],[-41.899,-19.066],[-41.904,-19.118],[-41.844,-19.124],[-41.74,-19.089],[-41.705,-19.095],[-41.674,-19.148],[-41.634,-19.177],[-41.704,-19.273],[-41.776,-19.246],[-41.783,-19.218],[-41.888,-19.218],[-41.907,-19.242],[-41.959,-19.231],[-41.931,-19.178],[-41.967,-19.14]]]}},{"type":"Feature","properties":{"codarea":"3133303"},"geometry":{"type":"Polygon","coordinates":[[[-41.355,-16.624],[-41.421,-16.672],[-41.452,-16.679],[-41.465,-16.724],[-41.499,-16.709],[-41.557,-16.73],[-41.604,-16.699],[-41.64,-16.661],[-41.658,-16.523],[-41.682,-16.497],[-41.617,-16.453],[-41.589,-16.456],[-41.559,-16.427],[-41.487,-16.466],[-41.451,-16.454],[-41.421,-16.486],[-41.464,-16.522],[-41.458,-16.567],[-41.4,-16.571],[-41.355,-16.624]]]}},{"type":"Feature","properties":{"codarea":"3133402"},"geometry":{"type":"Polygon","coordinates":[[[-49.139,-19.787],[-49.157,-19.86],[-49.204,-19.928],[-49.222,-19.931],[-49.25,-19.969],[-49.297,-19.96],[-49.356,-19.987],[-49.454,-19.978],[-49.493,-19.95],[-49.514,-19.914],[-49.551,-19.906],[-49.634,-19.932],[-49.749,-19.925],[-49.729,-19.878],[-49.649,-19.831],[-49.671,-19.757],[-49.654,-19.689],[-49.63,-19.676],[-49.573,-19.68],[-49.508,-19.668],[-49.484,-19.636],[-49.475,-19.56],[-49.432,-19.533],[-49.365,-19.539],[-49.374,-19.553],[-49.33,-19.661],[-49.268,-19.693],[-49.221,-19.673],[-49.203,-19.695],[-49.209,-19.747],[-49.139,-19.787]]]}},{"type":"Feature","properties":{"codarea":"3133501"},"geometry":{"type":"Polygon","coordinates":[[[-44.904,-20.259],[-44.914,-20.318],[-44.883,-20.392],[-44.892,-20.471],[-44.946,-20.495],[-44.983,-20.486],[-45.013,-20.504],[-45.019,-20.619],[-45.046,-20.633],[-45.073,-20.595],[-45.125,-20.56],[-45.182,-20.585],[-45.26,-20.651],[-45.262,-20.608],[-45.292,-20.59],[-45.263,-20.563],[-45.304,-20.52],[-45.299,-20.475],[-45.322,-20.436],[-45.304,-20.377],[-45.321,-20.351],[-45.286,-20.359],[-45.253,-20.385],[-45.234,-20.381],[-45.203,-20.343],[-45.173,-20.354],[-45.128,-20.333],[-45.127,-20.363],[-45.045,-20.356],[-45.033,-20.336],[-44.979,-20.329],[-44.94,-20.305],[-44.904,-20.259]]]}},{"type":"Feature","properties":{"codarea":"3133600"},"geometry":{"type":"Polygon","coordinates":[[[-46.229,-22.807],[-46.249,-22.752],[-46.3,-22.722],[-46.308,-22.692],[-46.287,-22.692],[-46.153,-22.608],[-46.133,-22.627],[-46.124,-22.67],[-46.229,-22.807]]]}},{"type":"Feature","properties":{"codarea":"3133709"},"geometry":{"type":"Polygon","coordinates":[[[-44.435,-20.292],[-44.493,-20.29],[-44.532,-20.261],[-44.566,-20.279],[-44.57,-20.224],[-44.547,-20.172],[-44.475,-20.169],[-44.405,-20.128],[-44.338,-20.12],[-44.362,-20.237],[-44.391,-20.257],[-44.418,-20.255],[-44.435,-20.292]]]}},{"type":"Feature","properties":{"codarea":"3133758"},"geometry":{"type":"Polygon","coordinates":[[[-46.841,-20.681],[-46.832,-20.631],[-46.811,-20.669],[-46.766,-20.674],[-46.727,-20.729],[-46.731,-20.766],[-46.696,-20.827],[-46.706,-20.841],[-46.747,-20.833],[-46.803,-20.784],[-46.794,-20.751],[-46.841,-20.681]]]}},{"type":"Feature","properties":{"codarea":"3133808"},"geometry":{"type":"Polygon","coordinates":[[[-44.718,-20.085],[-44.712,-20.031],[-44.696,-20.0],[-44.66,-19.987],[-44.612,-19.954],[-44.62,-19.936],[-44.569,-19.975],[-44.542,-19.967],[-44.516,-19.981],[-44.499,-20.013],[-44.501,-20.073],[-44.445,-20.148],[-44.475,-20.169],[-44.547,-20.172],[-44.57,-20.224],[-44.613,-20.2],[-44.619,-20.164],[-44.666,-20.129],[-44.717,-20.108],[-44.718,-20.085]]]}},{"type":"Feature","properties":{"codarea":"3133907"},"geometry":{"type":"Polygon","coordinates":[[[-43.691,-20.719],[-43.679,-20.622],[-43.653,-20.593],[-43.601,-20.584],[-43.565,-20.606],[-43.559,-20.658],[-43.535,-20.72],[-43.497,-20.734],[-43.528,-20.767],[-43.562,-20.754],[-43.587,-20.765],[-43.651,-20.768],[-43.691,-20.719]]]}},{"type":"Feature","properties":{"codarea":"3134004"},"geometry":{"type":"Polygon","coordinates":[[[-42.043,-16.584],[-42.042,-16.549],[-42.023,-16.488],[-42.105,-16.437],[-42.094,-16.388],[-42.027,-16.377],[-41.987,-16.383],[-41.95,-16.402],[-41.895,-16.363],[-41.898,-16.337],[-41.872,-16.375],[-41.844,-16.355],[-41.804,-16.373],[-41.762,-16.413],[-41.723,-16.426],[-41.703,-16.452],[-41.712,-16.506],[-41.698,-16.545],[-41.652,-16.573],[-41.64,-16.661],[-41.604,-16.699],[-41.649,-16.765],[-41.653,-16.801],[-41.679,-16.807],[-41.757,-16.865],[-41.798,-16.811],[-41.853,-16.802],[-41.898,-16.811],[-41.912,-16.789],[-41.899,-16.728],[-41.902,-16.677],[-41.972,-16.643],[-41.989,-16.596],[-42.009,-16.579],[-42.043,-16.584]]]}},{"type":"Feature","properties":{"codarea":"3134103"},"geometry":{"type":"Polygon","coordinates":[[[-40.932,-19.251],[-40.944,-19.279],[-40.925,-19.302],[-40.938,-19.346],[-40.93,-19.384],[-40.966,-19.424],[-41.034,-19.377],[-41.084,-19.392],[-41.159,-19.454],[-41.257,-19.495],[-41.276,-19.492],[-41.263,-19.472],[-41.29,-19.43],[-41.283,-19.372],[-41.207,-19.373],[-41.194,-19.34],[-41.144,-19.341],[-41.153,-19.313],[-41.119,-19.292],[-41.07,-19.307],[-41.002,-19.304],[-40.958,-19.262],[-40.932,-19.251]]]}},{"type":"Feature","properties":{"codarea":"3134202"},"geometry":{"type":"Polygon","coordinates":[[[-49.26,-18.94],[-49.226,-18.936],[-49.229,-18.99],[-49.196,-19.057],[-49.228,-19.078],[-49.227,-19.122],[-49.249,-19.136],[-49.306,-19.138],[-49.315,-19.125],[-49.377,-19.125],[-49.377,-19.159],[-49.422,-19.263],[-49.475,-19.241],[-49.496,-19.294],[-49.538,-19.355],[-49.569,-19.337],[-49.59,-19.354],[-49.654,-19.332],[-49.679,-19.277],[-49.644,-19.222],[-49.635,-19.188],[-49.6,-19.142],[-49.599,-19.117],[-49.696,-19.037],[-49.731,-18.99],[-49.802,-18.932],[-49.862,-18.847],[-49.872,-18.802],[-49.803,-18.738],[-49.819,-18.698],[-49.795,-18.644],[-49.758,-18.61],[-49.723,-18.609],[-49.718,-18.642],[-49.728,-18.718],[-49.715,-18.749],[-49.665,-18.769],[-49.636,-18.797],[-49.56,-18.779],[-49.529,-18.756],[-49.484,-18.789],[-49.424,-18.811],[-49.433,-18.845],[-49.377,-18.868],[-49.331,-18.867],[-49.323,-18.89],[-49.34,-18.952],[-49.26,-18.94]]]}},{"type":"Feature","properties":{"codarea":"3134301"},"geometry":{"type":"Polygon","coordinates":[[[-44.869,-21.212],[-44.863,-21.167],[-44.848,-21.194],[-44.81,-21.221],[-44.777,-21.209],[-44.76,-21.235],[-44.754,-21.28],[-44.771,-21.362],[-44.818,-21.393],[-44.836,-21.367],[-44.879,-21.363],[-44.904,-21.343],[-44.882,-21.312],[-44.865,-21.239],[-44.869,-21.212]]]}},{"type":"Feature","properties":{"codarea":"3134400"},"geometry":{"type":"Polygon","coordinates":[[[-50.337,-19.869],[-50.417,-19.801],[-50.469,-19.78],[-50.562,-19.814],[-50.573,-19.76],[-50.606,-19.722],[-50.616,-19.688],[-50.601,-19.652],[-50.663,-19.626],[-50.692,-19.574],[-50.579,-19.61],[-50.517,-19.613],[-50.498,-19.592],[-50.455,-19.581],[-50.417,-19.592],[-50.364,-19.58],[-50.343,-19.55],[-50.266,-19.593],[-50.235,-19.584],[-50.215,-19.559],[-50.16,-19.629],[-50.116,-19.751],[-50.091,-19.77],[-50.083,-19.834],[-50.106,-19.874],[-50.172,-19.875],[-50.216,-19.867],[-50.245,-19.877],[-50.337,-19.869]]]}},{"type":"Feature","properties":{"codarea":"3134509"},"geometry":{"type":"Polygon","coordinates":[[[-44.602,-21.347],[-44.609,-21.371],[-44.649,-21.406],[-44.638,-21.449],[-44.716,-21.437],[-44.765,-21.443],[-44.763,-21.478],[-44.813,-21.469],[-44.818,-21.393],[-44.771,-21.362],[-44.754,-21.28],[-44.76,-21.235],[-44.733,-21.212],[-44.69,-21.218],[-44.657,-21.275],[-44.599,-21.308],[-44.602,-21.347]]]}},{"type":"Feature","properties":{"codarea":"3134608"},"geometry":{"type":"Polygon","coordinates":[[[-43.798,-19.613],[-43.842,-19.579],[-43.887,-19.58],[-43.922,-19.536],[-43.921,-19.513],[-43.95,-19.487],[-43.947,-19.431],[-43.892,-19.383],[-43.821,-19.388],[-43.792,-19.346],[-43.81,-19.335],[-43.797,-19.291],[-43.778,-19.285],[-43.749,-19.236],[-43.734,-19.255],[-43.68,-19.283],[-43.669,-19.331],[-43.594,-19.348],[-43.519,-19.33],[-43.487,-19.371],[-43.48,-19.453],[-43.543,-19.541],[-43.546,-19.511],[-43.582,-19.514],[-43.637,-19.559],[-43.719,-19.55],[-43.768,-19.569],[-43.782,-19.611],[-43.798,-19.613]]]}},{"type":"Feature","properties":{"codarea":"3134707"},"geometry":{"type":"Polygon","coordinates":[[[-40.42,-16.428],[-40.431,-16.382],[-40.416,-16.332],[-40.47,-16.182],[-40.416,-16.121],[-40.426,-16.053],[-40.461,-16.046],[-40.491,-16.015],[-40.498,-15.973],[-40.419,-15.932],[-40.364,-15.933],[-40.36,-15.965],[-40.311,-15.993],[-40.261,-15.969],[-40.229,-15.968],[-40.192,-16.009],[-40.204,-16.025],[-40.182,-16.084],[-40.195,-16.102],[-40.135,-16.127],[-40.146,-16.169],[-40.178,-16.228],[-40.201,-16.23],[-40.217,-16.313],[-40.167,-16.384],[-40.154,-16.417],[-40.221,-16.444],[-40.256,-16.447],[-40.285,-16.399],[-40.349,-16.397],[-40.365,-16.376],[-40.404,-16.387],[-40.42,-16.428]]]}},{"type":"Feature","properties":{"codarea":"3134806"},"geometry":{"type":"Polygon","coordinates":[[[-46.673,-20.898],[-46.639,-20.904],[-46.648,-20.934],[-46.614,-20.971],[-46.637,-21.011],[-46.649,-21.089],[-46.679,-21.11],[-46.76,-21.118],[-46.782,-21.158],[-46.812,-21.085],[-46.836,-21.088],[-46.868,-21.052],[-46.892,-21.065],[-46.868,-21.011],[-46.824,-20.998],[-46.798,-20.976],[-46.752,-20.969],[-46.747,-20.939],[-46.699,-20.927],[-46.673,-20.898]]]}},{"type":"Feature","properties":{"codarea":"3134905"},"geometry":{"type":"Polygon","coordinates":[[[-46.661,-22.366],[-46.723,-22.307],[-46.707,-22.258],[-46.68,-22.216],[-46.575,-22.22],[-46.533,-22.186],[-46.489,-22.184],[-46.505,-22.208],[-46.484,-22.261],[-46.526,-22.276],[-46.529,-22.3],[-46.506,-22.341],[-46.545,-22.348],[-46.57,-22.38],[-46.611,-22.386],[-46.661,-22.366]]]}},{"type":"Feature","properties":{"codarea":"3135001"},"geometry":{"type":"Polygon","coordinates":[[[-42.689,-19.541],[-42.708,-19.598],[-42.673,-19.585],[-42.638,-19.592],[-42.653,-19.604],[-42.625,-19.642],[-42.662,-19.676],[-42.723,-19.683],[-42.791,-19.701],[-42.8,-19.712],[-42.808,-19.691],[-42.783,-19.62],[-42.713,-19.57],[-42.689,-19.541]]]}},{"type":"Feature","properties":{"codarea":"3135050"},"geometry":{"type":"Polygon","coordinates":[[[-43.312,-15.327],[-43.646,-15.401],[-43.66,-15.377],[-43.734,-15.378],[-43.763,-15.414],[-43.804,-15.415],[-43.863,-15.444],[-43.917,-15.512],[-43.971,-15.532],[-44.002,-15.505],[-43.965,-15.462],[-43.93,-15.438],[-43.938,-15.368],[-43.929,-15.308],[-43.991,-15.256],[-44.026,-15.25],[-44.069,-15.196],[-44.042,-15.15],[-44.042,-15.11],[-44.016,-15.059],[-43.791,-15.112],[-43.66,-15.113],[-43.614,-15.094],[-43.626,-15.046],[-43.59,-15.055],[-43.584,-15.013],[-43.537,-15.023],[-43.559,-14.97],[-43.504,-14.987],[-43.507,-15.03],[-43.487,-15.04],[-43.469,-15.078],[-43.369,-15.06],[-43.325,-15.066],[-43.312,-15.084],[-43.331,-15.106],[-43.316,-15.156],[-43.309,-15.237],[-43.323,-15.254],[-43.312,-15.327]]]}},{"type":"Feature","properties":{"codarea":"3135076"},"geometry":{"type":"Polygon","coordinates":[[[-41.926,-18.38],[-41.875,-18.352],[-41.804,-18.37],[-41.796,-18.41],[-41.756,-18.408],[-41.747,-18.363],[-41.724,-18.347],[-41.691,-18.357],[-41.685,-18.388],[-41.629,-18.433],[-41.628,-18.525],[-41.583,-18.535],[-41.573,-18.573],[-41.646,-18.612],[-41.727,-18.532],[-41.778,-18.553],[-41.807,-18.527],[-41.812,-18.465],[-41.842,-18.44],[-41.9,-18.436],[-41.928,-18.444],[-41.926,-18.38]]]}},{"type":"Feature","properties":{"codarea":"3135100"},"geometry":{"type":"Polygon","coordinates":[[[-43.262,-15.829],[-43.216,-15.83],[-43.204,-15.873],[-43.208,-15.91],[-43.226,-15.934],[-43.215,-15.977],[-43.231,-16.042],[-43.269,-16.08],[-43.26,-16.121],[-43.3,-16.129],[-43.334,-16.116],[-43.372,-16.122],[-43.389,-16.1],[-43.462,-16.084],[-43.49,-16.097],[-43.528,-16.087],[-43.557,-16.005],[-43.542,-15.953],[-43.557,-15.91],[-43.613,-15.862],[-43.62,-15.785],[-43.594,-15.754],[-43.603,-15.721],[-43.508,-15.662],[-43.393,-15.531],[-43.388,-15.5],[-43.363,-15.467],[-43.384,-15.44],[-43.401,-15.39],[-43.443,-15.359],[-43.312,-15.327],[-43.29,-15.393],[-43.294,-15.413],[-43.254,-15.479],[-43.279,-15.526],[-43.277,-15.606],[-43.301,-15.668],[-43.297,-15.736],[-43.317,-15.781],[-43.289,-15.824],[-43.262,-15.829]]]}},{"type":"Feature","properties":{"codarea":"3135209"},"geometry":{"type":"Polygon","coordinates":[[[-44.487,-14.964],[-44.468,-14.98],[-44.38,-14.973],[-44.35,-14.992],[-44.327,-15.041],[-44.276,-15.088],[-44.231,-15.1],[-44.242,-15.136],[-44.224,-15.168],[-44.169,-15.175],[-44.106,-15.211],[-44.136,-15.26],[-44.15,-15.32],[-44.192,-15.398],[-44.234,-15.401],[-44.294,-15.476],[-44.354,-15.488],[-44.373,-15.516],[-44.371,-15.556],[-44.389,-15.593],[-44.485,-15.637],[-44.533,-15.689],[-44.583,-15.703],[-44.683,-15.776],[-44.72,-15.777],[-44.779,-15.807],[-44.797,-15.772],[-44.858,-15.735],[-44.982,-15.611],[-45.016,-15.564],[-45.036,-15.554],[-45.094,-15.587],[-45.156,-15.557],[-45.182,-15.557],[-45.236,-15.499],[-45.236,-15.465],[-45.268,-15.363],[-45.321,-15.338],[-45.362,-15.341],[-45.44,-15.309],[-45.465,-15.273],[-45.47,-15.22],[-45.448,-15.2],[-45.434,-15.133],[-45.49,-15.098],[-45.51,-15.049],[-45.565,-15.026],[-45.586,-15.034],[-45.617,-15.014],[-45.594,-14.979],[-45.536,-14.938],[-45.49,-14.961],[-45.455,-14.949],[-45.435,-14.923],[-45.41,-14.923],[-45.369,-14.89],[-45.364,-14.872],[-45.306,-14.834],[-45.283,-14.863],[-45.239,-14.877],[-45.217,-14.907],[-45.185,-14.983],[-45.073,-15.075],[-45.042,-15.081],[-45.033,-15.113],[-44.975,-15.198],[-45.007,-15.26],[-44.984,-15.345],[-44.92,-15.384],[-44.882,-15.396],[-44.831,-15.44],[-44.772,-15.465],[-44.767,-15.484],[-44.71,-15.457],[-44.627,-15.34],[-44.55,-15.313],[-44.53,-15.287],[-44.506,-15.291],[-44.501,-15.326],[-44.365,-15.461],[-44.336,-15.437],[-44.368,-15.399],[-44.363,-15.302],[-44.436,-15.22],[-44.469,-15.27],[-44.494,-15.268],[-44.559,-15.177],[-44.578,-15.124],[-44.579,-15.08],[-44.546,-15.033],[-44.521,-14.978],[-44.487,-14.964]]]}},{"type":"Feature","properties":{"codarea":"3135308"},"geometry":{"type":"Polygon","coordinates":[[[-45.624,-20.074],[-45.603,-20.072],[-45.579,-20.093],[-45.526,-20.072],[-45.466,-20.102],[-45.441,-20.178],[-45.456,-20.207],[-45.565,-20.159],[-45.589,-20.166],[-45.612,-20.135],[-45.624,-20.074]]]}},{"type":"Feature","properties":{"codarea":"3135357"},"geometry":{"type":"Polygon","coordinates":[[[-44.43,-15.973],[-44.411,-15.929],[-44.42,-15.86],[-44.439,-15.851],[-44.427,-15.805],[-44.369,-15.785],[-44.344,-15.824],[-44.364,-15.892],[-44.337,-15.919],[-44.298,-15.931],[-44.229,-15.906],[-44.202,-15.938],[-44.236,-15.98],[-44.206,-16.024],[-44.226,-16.082],[-44.314,-16.041],[-44.33,-16.011],[-44.371,-15.995],[-44.402,-16.008],[-44.43,-15.973]]]}},{"type":"Feature","properties":{"codarea":"3135407"},"geometry":{"type":"Polygon","coordinates":[[[-43.915,-20.584],[-43.965,-20.597],[-44.006,-20.566],[-44.043,-20.625],[-44.137,-20.601],[-44.137,-20.556],[-44.18,-20.523],[-44.159,-20.511],[-44.123,-20.511],[-44.065,-20.494],[-44.029,-20.508],[-43.986,-20.507],[-43.977,-20.539],[-43.93,-20.531],[-43.908,-20.558],[-43.915,-20.584]]]}},{"type":"Feature","properties":{"codarea":"3135456"},"geometry":{"type":"Polygon","coordinates":[[[-42.342,-17.108],[-42.327,-17.08],[-42.273,-17.057],[-42.235,-17.062],[-42.224,-17.098],[-42.171,-17.165],[-42.151,-17.167],[-42.112,-17.204],[-42.08,-17.212],[-42.079,-17.238],[-42.115,-17.316],[-42.132,-17.308],[-42.149,-17.257],[-42.249,-17.174],[-42.271,-17.145],[-42.315,-17.186],[-42.347,-17.126],[-42.342,-17.108]]]}},{"type":"Feature","properties":{"codarea":"3135506"},"geometry":{"type":"Polygon","coordinates":[[[-42.486,-20.557],[-42.487,-20.578],[-42.609,-20.606],[-42.641,-20.584],[-42.68,-20.531],[-42.724,-20.52],[-42.757,-20.456],[-42.746,-20.398],[-42.716,-20.385],[-42.689,-20.344],[-42.653,-20.349],[-42.642,-20.373],[-42.562,-20.379],[-42.543,-20.36],[-42.514,-20.37],[-42.529,-20.459],[-42.505,-20.475],[-42.51,-20.511],[-42.486,-20.557]]]}},{"type":"Feature","properties":{"codarea":"3135605"},"geometry":{"type":"Polygon","coordinates":[[[-44.332,-16.946],[-44.283,-16.993],[-44.297,-17.021],[-44.333,-17.046],[-44.35,-17.109],[-44.326,-17.131],[-44.269,-17.158],[-44.306,-17.196],[-44.329,-17.25],[-44.357,-17.258],[-44.375,-17.303],[-44.405,-17.307],[-44.422,-17.358],[-44.42,-17.447],[-44.434,-17.456],[-44.484,-17.446],[-44.518,-17.403],[-44.534,-17.413],[-44.578,-17.368],[-44.587,-17.395],[-44.625,-17.365],[-44.614,-17.328],[-44.652,-17.284],[-44.688,-17.221],[-44.679,-17.182],[-44.65,-17.168],[-44.609,-17.103],[-44.574,-17.076],[-44.462,-17.073],[-44.407,-17.028],[-44.348,-16.951],[-44.332,-16.946]]]}},{"type":"Feature","properties":{"codarea":"3135704"},"geometry":{"type":"Polygon","coordinates":[[[-44.148,-19.303],[-44.16,-19.293],[-44.138,-19.244],[-44.096,-19.215],[-44.093,-19.177],[-44.055,-19.157],[-44.026,-19.104],[-44.041,-19.079],[-44.012,-19.084],[-43.969,-19.148],[-43.921,-19.125],[-43.887,-19.145],[-43.85,-19.144],[-43.839,-19.159],[-43.843,-19.212],[-43.904,-19.225],[-43.939,-19.248],[-43.992,-19.264],[-43.99,-19.337],[-44.058,-19.331],[-44.073,-19.299],[-44.105,-19.29],[-44.148,-19.303]]]}},{"type":"Feature","properties":{"codarea":"3135803"},"geometry":{"type":"Polygon","coordinates":[[[-40.665,-16.514],[-40.706,-16.494],[-40.79,-16.515],[-40.821,-16.481],[-40.885,-16.579],[-40.891,-16.622],[-40.95,-16.574],[-40.966,-16.547],[-41.056,-16.56],[-41.093,-16.61],[-41.12,-16.61],[-41.152,-16.651],[-41.232,-16.697],[-41.261,-16.731],[-41.292,-16.748],[-41.301,-16.727],[-41.286,-16.673],[-41.311,-16.666],[-41.324,-16.629],[-41.355,-16.624],[-41.4,-16.571],[-41.458,-16.567],[-41.464,-16.522],[-41.421,-16.486],[-41.451,-16.454],[-41.462,-16.415],[-41.412,-16.401],[-41.393,-16.368],[-41.303,-16.333],[-41.306,-16.287],[-41.281,-16.273],[-41.308,-16.242],[-41.28,-16.177],[-41.297,-16.171],[-41.257,-16.151],[-41.22,-16.105],[-41.218,-16.072],[-41.156,-16.055],[-41.084,-16.082],[-41.048,-16.071],[-40.97,-16.085],[-40.964,-16.11],[-40.989,-16.144],[-40.962,-16.176],[-40.989,-16.213],[-40.962,-16.258],[-40.928,-16.262],[-40.865,-16.237],[-40.812,-16.247],[-40.773,-16.275],[-40.752,-16.232],[-40.708,-16.27],[-40.722,-16.303],[-40.67,-16.322],[-40.645,-16.371],[-40.672,-16.454],[-40.665,-16.514]]]}},{"type":"Feature","properties":{"codarea":"3135902"},"geometry":{"type":"Polygon","coordinates":[[[-45.27,-21.949],[-45.216,-21.91],[-45.217,-21.961],[-45.2,-21.985],[-45.21,-22.018],[-45.237,-22.041],[-45.26,-22.043],[-45.337,-22.103],[-45.371,-22.082],[-45.324,-22.034],[-45.317,-21.987],[-45.27,-21.949]]]}},{"type":"Feature","properties":{"codarea":"3136009"},"geometry":{"type":"Polygon","coordinates":[[[-40.891,-16.622],[-40.815,-16.646],[-40.826,-16.684],[-40.789,-16.692],[-40.756,-16.719],[-40.727,-16.723],[-40.697,-16.761],[-40.689,-16.807],[-40.711,-16.832],[-40.757,-16.82],[-40.799,-16.833],[-40.827,-16.864],[-40.848,-16.866],[-40.894,-16.805],[-40.921,-16.816],[-40.965,-16.869],[-40.966,-16.899],[-41.0,-16.93],[-41.039,-16.927],[-41.057,-16.96],[-41.094,-16.944],[-41.122,-16.965],[-41.157,-17.018],[-41.194,-17.038],[-41.257,-17.048],[-41.278,-17.032],[-41.276,-17.006],[-41.244,-16.984],[-41.188,-16.898],[-41.142,-16.859],[-41.203,-16.804],[-41.224,-16.769],[-41.252,-16.773],[-41.292,-16.748],[-41.261,-16.731],[-41.232,-16.697],[-41.152,-16.651],[-41.12,-16.61],[-41.093,-16.61],[-41.056,-16.56],[-40.966,-16.547],[-40.95,-16.574],[-40.891,-16.622]]]}},{"type":"Feature","properties":{"codarea":"3136108"},"geometry":{"type":"Polygon","coordinates":[[[-42.623,-19.119],[-42.622,-19.148],[-42.647,-19.184],[-42.659,-19.234],[-42.687,-19.273],[-42.679,-19.294],[-42.698,-19.354],[-42.742,-19.355],[-42.727,-19.32],[-42.744,-19.282],[-42.746,-19.225],[-42.776,-19.215],[-42.792,-19.188],[-42.781,-19.16],[-42.719,-19.147],[-42.704,-19.112],[-42.664,-19.098],[-42.661,-19.125],[-42.623,-19.119]]]}},{"type":"Feature","properties":{"codarea":"3136207"},"geometry":{"type":"Polygon","coordinates":[[[-43.223,-19.783],[-43.098,-19.823],[-43.089,-19.858],[-43.145,-19.896],[-43.22,-19.848],[-43.205,-19.817],[-43.223,-19.783]]]}},{"type":"Feature","properties":{"codarea":"3136306"},"geometry":{"type":"Polygon","coordinates":[[[-46.329,-17.736],[-46.363,-17.692],[-46.356,-17.658],[-46.385,-17.61],[-46.43,-17.595],[-46.446,-17.568],[-46.551,-17.489],[-46.542,-17.419],[-46.494,-17.4],[-46.479,-17.338],[-46.489,-17.292],[-46.42,-17.259],[-46.359,-17.213],[-46.337,-17.186],[-46.308,-17.213],[-46.286,-17.204],[-46.277,-17.146],[-46.293,-17.123],[-46.272,-17.099],[-46.279,-17.075],[-46.204,-17.011],[-46.237,-16.984],[-46.205,-16.962],[-46.201,-16.997],[-46.156,-16.999],[-46.123,-17.048],[-46.09,-17.054],[-46.157,-17.11],[-46.122,-17.15],[-46.083,-17.145],[-46.06,-17.188],[-46.032,-17.194],[-45.976,-17.177],[-45.926,-17.11],[-45.894,-17.143],[-45.846,-17.153],[-45.806,-17.145],[-45.769,-17.176],[-45.73,-17.149],[-45.715,-17.118],[-45.662,-17.113],[-45.615,-17.097],[-45.561,-17.044],[-45.521,-17.084],[-45.529,-17.099],[-45.436,-17.118],[-45.453,-17.155],[-45.486,-17.182],[-45.507,-17.271],[-45.505,-17.323],[-45.529,-17.358],[-45.562,-17.382],[-45.553,-17.408],[-45.517,-17.422],[-45.504,-17.451],[-45.441,-17.487],[-45.42,-17.485],[-45.385,-17.521],[-45.391,-17.579],[-45.435,-17.583],[-45.455,-17.605],[-45.404,-17.668],[-45.412,-17.706],[-45.445,-17.737],[-45.429,-17.756],[-45.434,-17.787],[-45.466,-17.831],[-45.456,-17.847],[-45.515,-17.862],[-45.584,-17.942],[-45.607,-18.004],[-45.634,-18.013],[-45.633,-18.058],[-45.645,-18.088],[-45.69,-18.14],[-45.754,-18.169],[-45.806,-18.179],[-45.846,-18.233],[-45.882,-18.255],[-45.908,-18.31],[-46.007,-18.323],[-46.021,-18.286],[-46.007,-18.266],[-46.004,-18.213],[-46.073,-18.137],[-46.078,-18.102],[-46.115,-18.08],[-46.242,-18.058],[-46.275,-18.015],[-46.263,-17.892],[-46.288,-17.858],[-46.307,-17.787],[-46.329,-17.766],[-46.329,-17.736]]]}},{"type":"Feature","properties":{"codarea":"3136405"},"geometry":{"type":"Polygon","coordinates":[[[-44.298,-17.811],[-44.279,-17.756],[-44.293,-17.701],[-44.191,-17.654],[-44.16,-17.655],[-44.116,-17.613],[-44.125,-17.572],[-44.096,-17.531],[-44.085,-17.427],[-43.956,-17.555],[-43.973,-17.572],[-43.972,-17.62],[-43.989,-17.638],[-43.997,-17.719],[-44.055,-17.782],[-44.074,-17.834],[-44.173,-17.813],[-44.272,-17.82],[-44.298,-17.811]]]}},{"type":"Feature","properties":{"codarea":"3136504"},"geometry":{"type":"Polygon","coordinates":[[[-40.127,-15.907],[-40.114,-15.955],[-40.156,-15.957],[-40.199,-15.979],[-40.229,-15.968],[-40.261,-15.969],[-40.311,-15.993],[-40.36,-15.965],[-40.364,-15.933],[-40.419,-15.932],[-40.435,-15.877],[-40.475,-15.852],[-40.496,-15.812],[-40.52,-15.798],[-40.45,-15.762],[-40.425,-15.806],[-40.378,-15.818],[-40.294,-15.817],[-40.236,-15.803],[-40.207,-15.854],[-40.174,-15.87],[-40.16,-15.909],[-40.127,-15.907]]]}},{"type":"Feature","properties":{"codarea":"3136520"},"geometry":{"type":"Polygon","coordinates":[[[-42.552,-16.946],[-42.582,-16.948],[-42.657,-16.993],[-42.681,-17.045],[-42.707,-17.036],[-42.705,-16.967],[-42.758,-16.944],[-42.744,-16.908],[-42.757,-16.886],[-42.737,-16.852],[-42.733,-16.827],[-42.681,-16.809],[-42.642,-16.77],[-42.641,-16.794],[-42.597,-16.817],[-42.566,-16.859],[-42.552,-16.946]]]}},{"type":"Feature","properties":{"codarea":"3136553"},"geometry":{"type":"Polygon","coordinates":[[[-42.553,-18.235],[-42.582,-18.184],[-42.538,-18.16],[-42.488,-18.185],[-42.464,-18.178],[-42.446,-18.221],[-42.409,-18.272],[-42.411,-18.32],[-42.397,-18.354],[-42.472,-18.347],[-42.451,-18.331],[-42.477,-18.299],[-42.481,-18.269],[-42.51,-18.263],[-42.553,-18.235]]]}},{"type":"Feature","properties":{"codarea":"3136579"},"geometry":{"type":"Polygon","coordinates":[[[-42.631,-16.417],[-42.613,-16.379],[-42.586,-16.413],[-42.533,-16.43],[-42.513,-16.456],[-42.477,-16.439],[-42.464,-16.525],[-42.425,-16.59],[-42.425,-16.625],[-42.454,-16.66],[-42.578,-16.642],[-42.663,-16.608],[-42.661,-16.543],[-42.677,-16.526],[-42.644,-16.476],[-42.631,-16.417]]]}},{"type":"Feature","properties":{"codarea":"3136603"},"geometry":{"type":"Polygon","coordinates":[[[-43.629,-19.695],[-43.599,-19.627],[-43.594,-19.578],[-43.575,-19.545],[-43.582,-19.514],[-43.546,-19.511],[-43.542,-19.624],[-43.549,-19.664],[-43.533,-19.723],[-43.538,-19.754],[-43.629,-19.695]]]}},{"type":"Feature","properties":{"codarea":"3136652"},"geometry":{"type":"Polygon","coordinates":[[[-44.344,-20.005],[-44.346,-19.982],[-44.391,-19.978],[-44.428,-19.956],[-44.439,-19.931],[-44.355,-19.905],[-44.337,-19.94],[-44.316,-19.938],[-44.276,-19.971],[-44.272,-20.005],[-44.322,-19.996],[-44.344,-20.005]]]}},{"type":"Feature","properties":{"codarea":"3136702"},"geometry":{"type":"Polygon","coordinates":[[[-43.188,-21.743],[-43.171,-21.759],[-43.157,-21.827],[-43.189,-21.855],[-43.209,-21.841],[-43.237,-21.862],[-43.252,-21.828],[-43.308,-21.826],[-43.335,-21.809],[-43.383,-21.833],[-43.392,-21.86],[-43.375,-21.896],[-43.399,-21.883],[-43.481,-21.88],[-43.495,-21.933],[-43.585,-21.999],[-43.577,-21.963],[-43.598,-21.924],[-43.666,-21.853],[-43.634,-21.811],[-43.668,-21.75],[-43.679,-21.712],[-43.684,-21.627],[-43.666,-21.605],[-43.542,-21.621],[-43.51,-21.56],[-43.473,-21.531],[-43.419,-21.531],[-43.388,-21.547],[-43.358,-21.588],[-43.359,-21.627],[-43.326,-21.662],[-43.295,-21.661],[-43.262,-21.685],[-43.258,-21.754],[-43.247,-21.77],[-43.188,-21.743]]]}},{"type":"Feature","properties":{"codarea":"3136801"},"geometry":{"type":"Polygon","coordinates":[[[-43.674,-16.809],[-43.698,-16.775],[-43.668,-16.725],[-43.623,-16.711],[-43.563,-16.731],[-43.543,-16.748],[-43.506,-16.809],[-43.487,-16.815],[-43.461,-16.839],[-43.455,-16.873],[-43.468,-16.92],[-43.441,-16.925],[-43.436,-16.954],[-43.566,-16.964],[-43.62,-16.989],[-43.568,-16.945],[-43.605,-16.893],[-43.623,-16.887],[-43.633,-16.83],[-43.674,-16.809]]]}},{"type":"Feature","properties":{"codarea":"3136900"},"geometry":{"type":"Polygon","coordinates":[[[-46.612,-21.292],[-46.622,-21.247],[-46.618,-21.193],[-46.571,-21.197],[-46.551,-21.151],[-46.46,-21.172],[-46.425,-21.17],[-46.416,-21.195],[-46.411,-21.247],[-46.494,-21.237],[-46.546,-21.27],[-46.572,-21.307],[-46.612,-21.292]]]}},{"type":"Feature","properties":{"codarea":"3136959"},"geometry":{"type":"Polygon","coordinates":[[[-44.046,-14.284],[-43.997,-14.266],[-43.962,-14.291],[-43.897,-14.299],[-43.881,-14.312],[-43.828,-14.316],[-43.783,-14.339],[-43.818,-14.388],[-43.87,-14.408],[-43.919,-14.514],[-43.952,-14.529],[-44.011,-14.536],[-44.059,-14.372],[-44.116,-14.365],[-44.146,-14.406],[-44.191,-14.409],[-44.216,-14.444],[-44.195,-14.467],[-44.235,-14.516],[-44.258,-14.565],[-44.301,-14.543],[-44.321,-14.549],[-44.337,-14.511],[-44.312,-14.454],[-44.325,-14.385],[-44.264,-14.323],[-44.235,-14.309],[-44.296,-14.253],[-44.209,-14.247],[-44.17,-14.269],[-44.107,-14.259],[-44.046,-14.284]]]}},{"type":"Feature","properties":{"codarea":"3137007"},"geometry":{"type":"Polygon","coordinates":[[[-41.65,-17.602],[-41.639,-17.607],[-41.633,-17.678],[-41.671,-17.684],[-41.75,-17.723],[-41.786,-17.726],[-41.84,-17.749],[-41.862,-17.738],[-41.99,-17.756],[-42.029,-17.771],[-42.044,-17.757],[-42.043,-17.716],[-42.002,-17.695],[-41.984,-17.655],[-41.996,-17.638],[-41.93,-17.578],[-41.909,-17.53],[-41.871,-17.512],[-41.809,-17.499],[-41.781,-17.459],[-41.754,-17.442],[-41.735,-17.483],[-41.683,-17.524],[-41.657,-17.559],[-41.68,-17.595],[-41.65,-17.602]]]}},{"type":"Feature","properties":{"codarea":"3137106"},"geometry":{"type":"Polygon","coordinates":[[[-46.595,-18.01],[-46.553,-18.067],[-46.545,-18.111],[-46.546,-18.176],[-46.578,-18.183],[-46.595,-18.219],[-46.6,-18.266],[-46.64,-18.299],[-46.692,-18.29],[-46.761,-18.309],[-46.786,-18.301],[-46.816,-18.32],[-46.852,-18.308],[-46.92,-18.264],[-46.951,-18.205],[-46.952,-18.174],[-46.925,-18.067],[-46.892,-18.071],[-46.87,-18.054],[-46.84,-18.002],[-46.81,-17.97],[-46.775,-17.952],[-46.718,-17.852],[-46.687,-17.836],[-46.664,-17.794],[-46.672,-17.771],[-46.613,-17.739],[-46.574,-17.747],[-46.62,-17.796],[-46.626,-17.828],[-46.66,-17.866],[-46.678,-17.924],[-46.67,-17.947],[-46.615,-17.951],[-46.595,-18.01]]]}},{"type":"Feature","properties":{"codarea":"3137205"},"geometry":{"type":"Polygon","coordinates":[[[-45.603,-20.072],[-45.587,-20.017],[-45.614,-19.997],[-45.562,-19.924],[-45.576,-19.901],[-45.54,-19.886],[-45.546,-19.856],[-45.505,-19.85],[-45.496,-19.893],[-45.438,-19.941],[-45.435,-19.967],[-45.385,-20.031],[-45.396,-20.063],[-45.374,-20.122],[-45.406,-20.152],[-45.46,-20.126],[-45.466,-20.102],[-45.526,-20.072],[-45.579,-20.093],[-45.603,-20.072]]]}},{"type":"Feature","properties":{"codarea":"3137304"},"geometry":{"type":"Polygon","coordinates":[[[-44.608,-16.881],[-44.567,-16.858],[-44.481,-16.995],[-44.537,-17.033],[-44.569,-17.046],[-44.574,-17.076],[-44.609,-17.103],[-44.65,-17.168],[-44.709,-17.12],[-44.712,-17.087],[-44.757,-17.078],[-44.77,-17.053],[-44.806,-17.051],[-44.804,-17.025],[-44.841,-16.992],[-44.775,-16.981],[-44.692,-16.93],[-44.663,-16.928],[-44.608,-16.881]]]}},{"type":"Feature","properties":{"codarea":"3137403"},"geometry":{"type":"Polygon","coordinates":[[[-44.002,-20.8],[-44.006,-20.823],[-43.975,-20.881],[-43.922,-20.927],[-43.969,-20.974],[-43.995,-20.989],[-44.034,-21.004],[-44.085,-20.996],[-44.134,-21.023],[-44.15,-20.901],[-44.202,-20.864],[-44.193,-20.798],[-44.15,-20.765],[-44.055,-20.804],[-44.002,-20.8]]]}},{"type":"Feature","properties":{"codarea":"3137502"},"geometry":{"type":"Polygon","coordinates":[[[-46.403,-18.881],[-46.446,-18.86],[-46.503,-18.855],[-46.529,-18.809],[-46.518,-18.752],[-46.54,-18.73],[-46.494,-18.694],[-46.434,-18.68],[-46.427,-18.64],[-46.398,-18.625],[-46.314,-18.645],[-46.3,-18.693],[-46.279,-18.719],[-46.179,-18.721],[-46.15,-18.744],[-46.096,-18.706],[-46.062,-18.719],[-46.069,-18.755],[-46.093,-18.768],[-46.128,-18.813],[-46.179,-18.84],[-46.194,-18.822],[-46.24,-18.824],[-46.241,-18.854],[-46.272,-18.857],[-46.298,-18.893],[-46.336,-18.897],[-46.403,-18.881]]]}},{"type":"Feature","properties":{"codarea":"3137536"},"geometry":{"type":"Polygon","coordinates":[[[-46.595,-18.01],[-46.615,-17.951],[-46.67,-17.947],[-46.678,-17.924],[-46.66,-17.866],[-46.626,-17.828],[-46.62,-17.796],[-46.574,-17.747],[-46.608,-17.714],[-46.612,-17.654],[-46.588,-17.599],[-46.585,-17.515],[-46.551,-17.489],[-46.446,-17.568],[-46.43,-17.595],[-46.385,-17.61],[-46.356,-17.658],[-46.363,-17.692],[-46.329,-17.736],[-46.359,-17.774],[-46.349,-17.82],[-46.361,-17.845],[-46.401,-17.843],[-46.407,-17.874],[-46.388,-17.91],[-46.425,-17.951],[-46.446,-17.953],[-46.514,-17.993],[-46.572,-17.967],[-46.57,-18.006],[-46.595,-18.01]]]}},{"type":"Feature","properties":{"codarea":"3137601"},"geometry":{"type":"Polygon","coordinates":[[[-43.945,-19.672],[-43.972,-19.598],[-43.96,-19.54],[-43.922,-19.536],[-43.887,-19.58],[-43.842,-19.579],[-43.798,-19.613],[-43.817,-19.639],[-43.8,-19.679],[-43.816,-19.716],[-43.898,-19.699],[-43.945,-19.672]]]}},{"type":"Feature","properties":{"codarea":"3137700"},"geometry":{"type":"Polygon","coordinates":[[[-41.666,-20.207],[-41.757,-20.207],[-41.736,-20.192],[-41.745,-20.133],[-41.727,-20.102],[-41.664,-20.097],[-41.589,-20.059],[-41.559,-20.033],[-41.538,-20.059],[-41.499,-20.076],[-41.502,-20.108],[-41.454,-20.121],[-41.428,-20.165],[-41.437,-20.192],[-41.412,-20.206],[-41.666,-20.207]]]}},{"type":"Feature","properties":{"codarea":"3137809"},"geometry":{"type":"Polygon","coordinates":[[[-45.364,-22.074],[-45.459,-22.082],[-45.451,-22.062],[-45.477,-21.99],[-45.272,-21.909],[-45.27,-21.949],[-45.317,-21.987],[-45.324,-22.034],[-45.364,-22.074]]]}},{"type":"Feature","properties":{"codarea":"3137908"},"geometry":{"type":"Polygon","coordinates":[[[-43.425,-20.824],[-43.512,-20.832],[-43.553,-20.779],[-43.562,-20.754],[-43.528,-20.767],[-43.497,-20.734],[-43.474,-20.738],[-43.436,-20.716],[-43.411,-20.751],[-43.425,-20.824]]]}},{"type":"Feature","properties":{"codarea":"3138005"},"geometry":{"type":"Polygon","coordinates":[[[-42.523,-21.4],[-42.536,-21.373],[-42.529,-21.337],[-42.463,-21.27],[-42.418,-21.259],[-42.399,-21.301],[-42.416,-21.349],[-42.384,-21.378],[-42.377,-21.421],[-42.392,-21.445],[-42.453,-21.438],[-42.491,-21.391],[-42.523,-21.4]]]}},{"type":"Feature","properties":{"codarea":"3138104"},"geometry":{"type":"Polygon","coordinates":[[[-44.468,-17.605],[-44.447,-17.61],[-44.396,-17.692],[-44.36,-17.703],[-44.293,-17.701],[-44.279,-17.756],[-44.306,-17.852],[-44.302,-17.91],[-44.351,-17.913],[-44.387,-17.934],[-44.405,-18.02],[-44.427,-18.076],[-44.484,-18.075],[-44.538,-18.049],[-44.527,-17.999],[-44.544,-17.984],[-44.592,-17.989],[-44.621,-18.056],[-44.673,-18.088],[-44.708,-18.087],[-44.734,-18.14],[-44.749,-18.152],[-44.801,-18.132],[-44.848,-18.13],[-44.874,-18.097],[-44.932,-18.081],[-44.952,-18.086],[-45.01,-18.06],[-45.02,-18.008],[-45.073,-17.968],[-45.099,-17.963],[-45.116,-17.931],[-45.109,-17.86],[-45.12,-17.814],[-45.077,-17.782],[-45.032,-17.784],[-45.014,-17.77],[-45.007,-17.721],[-44.985,-17.717],[-44.879,-17.744],[-44.849,-17.732],[-44.823,-17.745],[-44.752,-17.757],[-44.737,-17.705],[-44.704,-17.69],[-44.649,-17.691],[-44.648,-17.76],[-44.61,-17.783],[-44.596,-17.732],[-44.558,-17.66],[-44.558,-17.619],[-44.528,-17.6],[-44.468,-17.605]]]}},{"type":"Feature","properties":{"codarea":"3138203"},"geometry":{"type":"Polygon","coordinates":[[[-44.869,-21.212],[-44.865,-21.239],[-44.882,-21.312],[-44.904,-21.343],[-44.946,-21.349],[-45.002,-21.334],[-45.038,-21.373],[-45.085,-21.399],[-45.116,-21.362],[-45.166,-21.334],[-45.152,-21.272],[-45.175,-21.25],[-45.165,-21.221],[-45.177,-21.182],[-45.16,-21.145],[-45.129,-21.169],[-45.052,-21.184],[-45.045,-21.145],[-44.993,-21.134],[-44.974,-21.193],[-44.946,-21.239],[-44.907,-21.212],[-44.869,-21.212]]]}},{"type":"Feature","properties":{"codarea":"3138302"},"geometry":{"type":"Polygon","coordinates":[[[-44.948,-19.689],[-44.968,-19.713],[-44.964,-19.753],[-44.989,-19.761],[-44.991,-19.793],[-45.014,-19.782],[-45.051,-19.797],[-45.11,-19.806],[-45.128,-19.781],[-45.1,-19.744],[-45.091,-19.672],[-45.108,-19.616],[-45.101,-19.576],[-45.052,-19.561],[-45.028,-19.533],[-45.004,-19.53],[-45.007,-19.563],[-44.983,-19.608],[-44.972,-19.675],[-44.948,-19.689]]]}},{"type":"Feature","properties":{"codarea":"3138351"},"geometry":{"type":"Polygon","coordinates":[[[-42.692,-17.126],[-42.742,-17.136],[-42.764,-17.171],[-42.826,-17.181],[-42.809,-17.126],[-42.821,-17.107],[-42.794,-17.051],[-42.796,-17.02],[-42.758,-16.944],[-42.705,-16.967],[-42.707,-17.036],[-42.681,-17.045],[-42.63,-17.089],[-42.628,-17.104],[-42.692,-17.126]]]}},{"type":"Feature","properties":{"codarea":"3138401"},"geometry":{"type":"Polygon","coordinates":[[[-42.523,-21.4],[-42.491,-21.391],[-42.453,-21.438],[-42.468,-21.465],[-42.529,-21.513],[-42.514,-21.561],[-42.43,-21.584],[-42.411,-21.602],[-42.435,-21.646],[-42.502,-21.66],[-42.533,-21.65],[-42.559,-21.681],[-42.623,-21.702],[-42.7,-21.686],[-42.746,-21.651],[-42.748,-21.624],[-42.791,-21.59],[-42.831,-21.544],[-42.866,-21.585],[-42.848,-21.529],[-42.893,-21.529],[-42.91,-21.516],[-42.886,-21.483],[-42.823,-21.47],[-42.799,-21.424],[-42.782,-21.461],[-42.724,-21.429],[-42.681,-21.445],[-42.611,-21.411],[-42.593,-21.436],[-42.532,-21.436],[-42.523,-21.4]]]}},{"type":"Feature","properties":{"codarea":"3138500"},"geometry":{"type":"Polygon","coordinates":[[[-44.228,-22.076],[-44.261,-22.105],[-44.292,-22.112],[-44.319,-22.155],[-44.349,-22.106],[-44.43,-22.115],[-44.437,-22.067],[-44.408,-22.018],[-44.409,-21.974],[-44.379,-21.941],[-44.399,-21.866],[-44.327,-21.87],[-44.319,-21.925],[-44.286,-21.929],[-44.257,-21.975],[-44.24,-22.012],[-44.228,-22.076]]]}},{"type":"Feature","properties":{"codarea":"3138609"},"geometry":{"type":"Polygon","coordinates":[[[-43.668,-21.75],[-43.634,-21.811],[-43.666,-21.853],[-43.743,-21.855],[-43.778,-21.875],[-43.765,-21.908],[-43.781,-21.937],[-43.815,-21.957],[-43.868,-21.962],[-43.865,-21.929],[-43.915,-21.89],[-43.934,-21.844],[-43.978,-21.862],[-44.018,-21.854],[-44.087,-21.885],[-44.099,-21.876],[-44.091,-21.797],[-44.071,-21.73],[-44.026,-21.714],[-43.994,-21.689],[-43.957,-21.635],[-43.886,-21.684],[-43.873,-21.679],[-43.872,-21.71],[-43.829,-21.72],[-43.789,-21.713],[-43.714,-21.805],[-43.695,-21.761],[-43.668,-21.75]]]}},{"type":"Feature","properties":{"codarea":"3138625"},"geometry":{"type":"Polygon","coordinates":[[[-50.455,-19.581],[-50.498,-19.592],[-50.517,-19.613],[-50.579,-19.61],[-50.692,-19.574],[-50.749,-19.499],[-50.809,-19.467],[-50.826,-19.473],[-50.875,-19.423],[-50.817,-19.289],[-50.746,-19.24],[-50.74,-19.213],[-50.648,-19.215],[-50.614,-19.232],[-50.584,-19.228],[-50.546,-19.245],[-50.468,-19.322],[-50.477,-19.366],[-50.517,-19.43],[-50.488,-19.469],[-50.493,-19.507],[-50.468,-19.539],[-50.455,-19.581]]]}},{"type":"Feature","properties":{"codarea":"3138658"},"geometry":{"type":"Polygon","coordinates":[[[-44.344,-15.824],[-44.291,-15.833],[-44.302,-15.788],[-44.278,-15.744],[-44.237,-15.771],[-44.175,-15.864],[-44.171,-15.903],[-44.202,-15.938],[-44.229,-15.906],[-44.298,-15.931],[-44.337,-15.919],[-44.364,-15.892],[-44.344,-15.824]]]}},{"type":"Feature","properties":{"codarea":"3138674"},"geometry":{"type":"Polygon","coordinates":[[[-42.059,-20.499],[-42.069,-20.509],[-42.093,-20.492],[-42.135,-20.494],[-42.136,-20.469],[-42.116,-20.389],[-42.089,-20.36],[-42.046,-20.377],[-42.013,-20.41],[-42.006,-20.441],[-42.024,-20.474],[-42.059,-20.499]]]}},{"type":"Feature","properties":{"codarea":"3138682"},"geometry":{"type":"Polygon","coordinates":[[[-44.667,-16.336],[-44.676,-16.314],[-44.678,-16.246],[-44.67,-16.209],[-44.72,-16.179],[-44.584,-16.083],[-44.508,-16.071],[-44.498,-16.058],[-44.486,-16.13],[-44.493,-16.153],[-44.545,-16.173],[-44.514,-16.261],[-44.598,-16.303],[-44.617,-16.326],[-44.667,-16.336]]]}},{"type":"Feature","properties":{"codarea":"3138708"},"geometry":{"type":"Polygon","coordinates":[[[-44.792,-21.596],[-44.804,-21.587],[-44.868,-21.608],[-44.878,-21.628],[-44.911,-21.642],[-44.965,-21.629],[-45.037,-21.632],[-45.028,-21.598],[-45.054,-21.557],[-45.064,-21.5],[-45.042,-21.455],[-45.061,-21.409],[-45.011,-21.435],[-44.987,-21.463],[-44.889,-21.469],[-44.87,-21.498],[-44.821,-21.522],[-44.813,-21.469],[-44.763,-21.478],[-44.741,-21.511],[-44.792,-21.596]]]}},{"type":"Feature","properties":{"codarea":"3138807"},"geometry":{"type":"Polygon","coordinates":[[[-45.505,-19.85],[-45.546,-19.856],[-45.54,-19.886],[-45.576,-19.901],[-45.562,-19.924],[-45.614,-19.997],[-45.587,-20.017],[-45.603,-20.072],[-45.632,-20.073],[-45.706,-20.017],[-45.723,-19.991],[-45.76,-19.973],[-45.821,-19.892],[-45.809,-19.846],[-45.851,-19.82],[-45.881,-19.781],[-45.878,-19.764],[-45.919,-19.729],[-45.925,-19.701],[-45.894,-19.704],[-45.849,-19.684],[-45.813,-19.705],[-45.732,-19.69],[-45.699,-19.696],[-45.661,-19.665],[-45.597,-19.655],[-45.56,-19.661],[-45.531,-19.701],[-45.51,-19.698],[-45.482,-19.73],[-45.477,-19.757],[-45.499,-19.798],[-45.48,-19.829],[-45.505,-19.85]]]}},{"type":"Feature","properties":{"codarea":"3138906"},"geometry":{"type":"Polygon","coordinates":[[[-40.805,-16.975],[-40.72,-16.959],[-40.665,-17.035],[-40.648,-17.074],[-40.664,-17.114],[-40.63,-17.175],[-40.614,-17.186],[-40.633,-17.205],[-40.699,-17.209],[-40.799,-17.137],[-40.774,-17.104],[-40.787,-17.046],[-40.808,-17.002],[-40.805,-16.975]]]}},{"type":"Feature","properties":{"codarea":"3139003"},"geometry":{"type":"Polygon","coordinates":[[[-46.108,-21.705],[-46.084,-21.652],[-46.112,-21.615],[-46.056,-21.579],[-46.002,-21.576],[-45.981,-21.532],[-45.951,-21.556],[-45.905,-21.552],[-45.853,-21.587],[-45.823,-21.626],[-45.817,-21.67],[-45.784,-21.682],[-45.78,-21.705],[-45.729,-21.707],[-45.707,-21.754],[-45.732,-21.805],[-45.788,-21.823],[-45.766,-21.777],[-45.801,-21.767],[-45.796,-21.731],[-45.817,-21.723],[-45.884,-21.749],[-45.897,-21.777],[-45.928,-21.721],[-45.986,-21.696],[-46.023,-21.718],[-46.06,-21.723],[-46.108,-21.705]]]}},{"type":"Feature","properties":{"codarea":"3139102"},"geometry":{"type":"Polygon","coordinates":[[[-44.386,-21.586],[-44.426,-21.555],[-44.424,-21.532],[-44.456,-21.518],[-44.455,-21.471],[-44.482,-21.408],[-44.364,-21.409],[-44.349,-21.393],[-44.261,-21.37],[-44.218,-21.375],[-44.199,-21.391],[-44.205,-21.431],[-44.276,-21.45],[-44.27,-21.489],[-44.243,-21.486],[-44.221,-21.567],[-44.243,-21.613],[-44.271,-21.577],[-44.328,-21.597],[-44.386,-21.586]]]}},{"type":"Feature","properties":{"codarea":"3139201"},"geometry":{"type":"Polygon","coordinates":[[[-42.148,-18.016],[-42.184,-17.993],[-42.196,-17.955],[-42.246,-17.91],[-42.282,-17.85],[-42.267,-17.788],[-42.214,-17.771],[-42.142,-17.766],[-42.144,-17.702],[-42.116,-17.712],[-42.045,-17.698],[-42.044,-17.757],[-42.029,-17.771],[-41.99,-17.756],[-41.95,-17.776],[-41.92,-17.769],[-41.918,-17.853],[-41.989,-17.868],[-42.02,-17.857],[-42.059,-17.912],[-42.051,-17.952],[-42.148,-18.016]]]}},{"type":"Feature","properties":{"codarea":"3139250"},"geometry":{"type":"Polygon","coordinates":[[[-43.04,-15.118],[-43.014,-15.072],[-43.033,-15.042],[-43.015,-14.989],[-42.984,-14.94],[-42.957,-14.935],[-42.919,-14.894],[-42.85,-14.952],[-42.881,-14.987],[-42.904,-15.04],[-42.942,-15.074],[-42.948,-15.119],[-42.988,-15.135],[-43.04,-15.118]]]}},{"type":"Feature","properties":{"codarea":"3139300"},"geometry":{"type":"Polygon","coordinates":[[[-43.818,-14.388],[-43.832,-14.443],[-43.87,-14.513],[-43.918,-14.661],[-43.918,-14.718],[-43.934,-14.772],[-43.92,-14.843],[-43.955,-14.916],[-43.997,-14.977],[-44.007,-14.979],[-44.012,-14.961],[-44.056,-14.949],[-44.064,-14.895],[-44.099,-14.861],[-44.094,-14.828],[-44.142,-14.799],[-44.164,-14.773],[-44.213,-14.766],[-44.236,-14.788],[-44.296,-14.82],[-44.324,-14.803],[-44.289,-14.775],[-44.338,-14.645],[-44.369,-14.604],[-44.398,-14.593],[-44.367,-14.583],[-44.321,-14.549],[-44.301,-14.543],[-44.258,-14.565],[-44.235,-14.516],[-44.195,-14.467],[-44.216,-14.444],[-44.191,-14.409],[-44.146,-14.406],[-44.116,-14.365],[-44.059,-14.372],[-44.011,-14.536],[-43.952,-14.529],[-43.919,-14.514],[-43.87,-14.408],[-43.818,-14.388]]]}},{"type":"Feature","properties":{"codarea":"3139409"},"geometry":{"type":"Polygon","coordinates":[[[-41.959,-20.156],[-41.958,-20.181],[-42.005,-20.242],[-42.0,-20.31],[-42.008,-20.339],[-42.046,-20.377],[-42.124,-20.343],[-42.114,-20.305],[-42.152,-20.291],[-42.197,-20.294],[-42.213,-20.283],[-42.194,-20.195],[-42.213,-20.169],[-42.197,-20.003],[-42.163,-19.99],[-42.126,-20.019],[-42.082,-20.075],[-42.073,-20.117],[-42.082,-20.149],[-42.05,-20.168],[-42.027,-20.149],[-41.959,-20.156]]]}},{"type":"Feature","properties":{"codarea":"3139508"},"geometry":{"type":"Polygon","coordinates":[[[-41.822,-20.311],[-41.859,-20.373],[-41.907,-20.387],[-41.943,-20.385],[-42.013,-20.41],[-42.046,-20.377],[-42.008,-20.339],[-42.0,-20.31],[-41.921,-20.291],[-41.888,-20.305],[-41.851,-20.296],[-41.822,-20.311]]]}},{"type":"Feature","properties":{"codarea":"3139607"},"geometry":{"type":"Polygon","coordinates":[[[-40.941,-18.691],[-40.94,-18.77],[-40.917,-18.816],[-40.964,-18.841],[-41.111,-18.839],[-41.147,-18.798],[-41.072,-18.777],[-41.14,-18.716],[-41.202,-18.683],[-41.247,-18.709],[-41.265,-18.661],[-41.225,-18.654],[-41.211,-18.576],[-41.19,-18.543],[-41.158,-18.528],[-41.112,-18.535],[-41.077,-18.523],[-41.061,-18.538],[-41.026,-18.528],[-41.051,-18.634],[-41.005,-18.667],[-40.941,-18.691]]]}},{"type":"Feature","properties":{"codarea":"3139706"},"geometry":{"type":"Polygon","coordinates":[[[-44.554,-19.431],[-44.579,-19.508],[-44.558,-19.537],[-44.607,-19.527],[-44.651,-19.556],[-44.683,-19.553],[-44.722,-19.57],[-44.725,-19.614],[-44.755,-19.606],[-44.751,-19.569],[-44.776,-19.541],[-44.779,-19.503],[-44.738,-19.5],[-44.713,-19.471],[-44.708,-19.429],[-44.66,-19.415],[-44.638,-19.44],[-44.611,-19.426],[-44.572,-19.441],[-44.554,-19.431]]]}},{"type":"Feature","properties":{"codarea":"3139805"},"geometry":{"type":"Polygon","coordinates":[[[-42.894,-21.812],[-42.882,-21.832],[-42.882,-21.863],[-42.955,-21.924],[-42.968,-21.944],[-43.055,-21.959],[-43.087,-21.996],[-43.121,-21.986],[-43.109,-21.951],[-43.148,-21.917],[-43.124,-21.858],[-43.061,-21.823],[-43.043,-21.827],[-43.021,-21.782],[-43.004,-21.78],[-42.961,-21.733],[-42.948,-21.779],[-42.967,-21.823],[-42.935,-21.829],[-42.894,-21.812]]]}},{"type":"Feature","properties":{"codarea":"3139904"},"geometry":{"type":"Polygon","coordinates":[[[-45.243,-22.282],[-45.219,-22.269],[-45.174,-22.288],[-45.199,-22.312],[-45.223,-22.37],[-45.261,-22.376],[-45.289,-22.355],[-45.34,-22.339],[-45.423,-22.378],[-45.446,-22.355],[-45.45,-22.326],[-45.416,-22.318],[-45.374,-22.27],[-45.333,-22.26],[-45.325,-22.3],[-45.256,-22.305],[-45.243,-22.282]]]}},{"type":"Feature","properties":{"codarea":"3140001"},"geometry":{"type":"Polygon","coordinates":[[[-43.534,-20.161],[-43.511,-20.129],[-43.458,-20.144],[-43.422,-20.122],[-43.404,-20.143],[-43.345,-20.14],[-43.356,-20.197],[-43.292,-20.214],[-43.253,-20.189],[-43.227,-20.202],[-43.192,-20.174],[-43.163,-20.177],[-43.146,-20.233],[-43.181,-20.287],[-43.133,-20.341],[-43.164,-20.363],[-43.168,-20.4],[-43.123,-20.43],[-43.125,-20.449],[-43.155,-20.46],[-43.194,-20.427],[-43.219,-20.454],[-43.269,-20.451],[-43.291,-20.497],[-43.367,-20.549],[-43.403,-20.547],[-43.43,-20.52],[-43.428,-20.489],[-43.496,-20.444],[-43.473,-20.404],[-43.472,-20.346],[-43.453,-20.304],[-43.469,-20.228],[-43.5,-20.215],[-43.497,-20.173],[-43.534,-20.161]]]}},{"type":"Feature","properties":{"codarea":"3140100"},"geometry":{"type":"Polygon","coordinates":[[[-41.972,-18.534],[-42.049,-18.584],[-42.091,-18.547],[-42.137,-18.524],[-42.113,-18.492],[-42.14,-18.468],[-42.138,-18.428],[-42.053,-18.418],[-42.028,-18.455],[-42.044,-18.47],[-42.022,-18.519],[-41.972,-18.534]]]}},{"type":"Feature","properties":{"codarea":"3140159"},"geometry":{"type":"Polygon","coordinates":[[[-44.21,-20.101],[-44.196,-20.051],[-44.181,-20.046],[-44.152,-20.057],[-44.124,-20.099],[-44.21,-20.101]]]}},{"type":"Feature","properties":{"codarea":"3140209"},"geometry":{"type":"Polygon","coordinates":[[[-43.02,-21.699],[-43.029,-21.676],[-42.981,-21.65],[-42.958,-21.67],[-42.913,-21.664],[-42.899,-21.693],[-42.906,-21.728],[-42.961,-21.733],[-42.963,-21.709],[-43.013,-21.715],[-43.02,-21.699]]]}},{"type":"Feature","properties":{"codarea":"3140308"},"geometry":{"type":"Polygon","coordinates":[[[-42.777,-19.795],[-42.806,-19.785],[-42.812,-19.753],[-42.791,-19.701],[-42.662,-19.676],[-42.625,-19.642],[-42.653,-19.604],[-42.638,-19.592],[-42.573,-19.613],[-42.566,-19.586],[-42.524,-19.557],[-42.495,-19.575],[-42.484,-19.64],[-42.502,-19.68],[-42.479,-19.752],[-42.488,-19.783],[-42.53,-19.809],[-42.663,-19.789],[-42.721,-19.758],[-42.739,-19.793],[-42.777,-19.795]]]}},{"type":"Feature","properties":{"codarea":"3140407"},"geometry":{"type":"Polygon","coordinates":[[[-45.17,-22.401],[-45.161,-22.432],[-45.098,-22.459],[-45.103,-22.49],[-45.124,-22.497],[-45.167,-22.531],[-45.198,-22.48],[-45.246,-22.474],[-45.24,-22.444],[-45.17,-22.401]]]}},{"type":"Feature","properties":{"codarea":"3140506"},"geometry":{"type":"Polygon","coordinates":[[[-45.391,-19.502],[-45.405,-19.492],[-45.377,-19.442],[-45.364,-19.399],[-45.326,-19.371],[-45.339,-19.345],[-45.335,-19.317],[-45.312,-19.314],[-45.295,-19.281],[-45.236,-19.269],[-45.211,-19.221],[-45.188,-19.238],[-45.139,-19.21],[-45.13,-19.278],[-45.062,-19.311],[-45.06,-19.372],[-45.038,-19.409],[-44.993,-19.442],[-45.012,-19.476],[-45.004,-19.53],[-45.028,-19.533],[-45.052,-19.561],[-45.101,-19.576],[-45.116,-19.534],[-45.197,-19.549],[-45.283,-19.527],[-45.321,-19.536],[-45.372,-19.524],[-45.391,-19.502]]]}},{"type":"Feature","properties":{"codarea":"3140530"},"geometry":{"type":"Polygon","coordinates":[[[-41.888,-20.305],[-41.898,-20.227],[-41.873,-20.198],[-41.816,-20.209],[-41.82,-20.234],[-41.775,-20.26],[-41.782,-20.294],[-41.822,-20.311],[-41.851,-20.296],[-41.888,-20.305]]]}},{"type":"Feature","properties":{"codarea":"3140555"},"geometry":{"type":"Polygon","coordinates":[[[-40.724,-15.806],[-40.763,-15.742],[-40.804,-15.713],[-40.817,-15.648],[-40.78,-15.68],[-40.744,-15.684],[-40.701,-15.667],[-40.681,-15.7],[-40.645,-15.729],[-40.636,-15.867],[-40.72,-15.829],[-40.724,-15.806]]]}},{"type":"Feature","properties":{"codarea":"3140605"},"geometry":{"type":"Polygon","coordinates":[[[-42.869,-18.364],[-42.883,-18.389],[-42.916,-18.394],[-42.931,-18.439],[-42.956,-18.436],[-42.996,-18.455],[-43.014,-18.491],[-43.038,-18.505],[-43.075,-18.567],[-43.113,-18.551],[-43.153,-18.554],[-43.169,-18.526],[-43.168,-18.482],[-43.102,-18.468],[-43.113,-18.43],[-43.067,-18.401],[-43.003,-18.394],[-42.869,-18.364]]]}},{"type":"Feature","properties":{"codarea":"3140704"},"geometry":{"type":"Polygon","coordinates":[[[-44.354,-20.121],[-44.405,-20.128],[-44.445,-20.148],[-44.501,-20.073],[-44.499,-20.013],[-44.516,-19.981],[-44.542,-19.967],[-44.48,-19.916],[-44.439,-19.931],[-44.428,-19.956],[-44.391,-19.978],[-44.346,-19.982],[-44.344,-20.005],[-44.376,-20.072],[-44.354,-20.121]]]}},{"type":"Feature","properties":{"codarea":"3140803"},"geometry":{"type":"Polygon","coordinates":[[[-43.346,-21.916],[-43.375,-21.896],[-43.392,-21.86],[-43.383,-21.833],[-43.335,-21.809],[-43.308,-21.826],[-43.252,-21.828],[-43.222,-21.889],[-43.254,-21.93],[-43.268,-21.901],[-43.308,-21.919],[-43.346,-21.916]]]}},{"type":"Feature","properties":{"codarea":"3140852"},"geometry":{"type":"Polygon","coordinates":[[[-44.016,-15.059],[-44.018,-15.014],[-43.955,-14.916],[-43.92,-14.843],[-43.934,-14.772],[-43.918,-14.718],[-43.918,-14.661],[-43.881,-14.562],[-43.875,-14.637],[-43.847,-14.672],[-43.712,-14.715],[-43.615,-14.76],[-43.586,-14.75],[-43.542,-14.779],[-43.531,-14.815],[-43.495,-14.883],[-43.498,-14.934],[-43.538,-14.957],[-43.525,-14.977],[-43.559,-14.97],[-43.537,-15.023],[-43.584,-15.013],[-43.59,-15.055],[-43.626,-15.046],[-43.614,-15.094],[-43.66,-15.113],[-43.791,-15.112],[-44.016,-15.059]]]}},{"type":"Feature","properties":{"codarea":"3140902"},"geometry":{"type":"Polygon","coordinates":[[[-42.415,-20.35],[-42.411,-20.319],[-42.367,-20.252],[-42.321,-20.233],[-42.315,-20.202],[-42.253,-20.247],[-42.251,-20.274],[-42.197,-20.294],[-42.206,-20.324],[-42.277,-20.343],[-42.278,-20.367],[-42.322,-20.37],[-42.364,-20.405],[-42.415,-20.35]]]}},{"type":"Feature","properties":{"codarea":"3141009"},"geometry":{"type":"Polygon","coordinates":[[[-42.912,-15.495],[-42.951,-15.434],[-42.98,-15.433],[-43.02,-15.4],[-43.04,-15.406],[-43.016,-15.358],[-42.986,-15.388],[-42.938,-15.368],[-42.963,-15.327],[-42.934,-15.326],[-42.907,-15.304],[-42.879,-15.319],[-42.831,-15.324],[-42.765,-15.368],[-42.744,-15.464],[-42.782,-15.485],[-42.79,-15.518],[-42.782,-15.578],[-42.804,-15.606],[-42.813,-15.558],[-42.835,-15.535],[-42.882,-15.523],[-42.912,-15.495]]]}},{"type":"Feature","properties":{"codarea":"3141108"},"geometry":{"type":"Polygon","coordinates":[[[-44.195,-19.663],[-44.198,-19.642],[-44.188,-19.619],[-44.12,-19.591],[-44.105,-19.557],[-44.109,-19.521],[-44.082,-19.47],[-44.044,-19.462],[-44.039,-19.424],[-44.004,-19.444],[-43.99,-19.404],[-43.947,-19.431],[-43.95,-19.487],[-43.984,-19.515],[-43.988,-19.54],[-44.049,-19.562],[-44.099,-19.615],[-44.13,-19.621],[-44.177,-19.66],[-44.195,-19.663]]]}},{"type":"Feature","properties":{"codarea":"3141207"},"geometry":{"type":"Polygon","coordinates":[[[-45.834,-19.18],[-45.922,-19.216],[-45.931,-19.288],[-46.002,-19.267],[-46.11,-19.197],[-46.082,-19.13],[-46.089,-19.108],[-46.056,-19.079],[-46.002,-19.179],[-45.984,-19.189],[-45.933,-19.157],[-45.876,-19.154],[-45.834,-19.18]]]}},{"type":"Feature","properties":{"codarea":"3141306"},"geometry":{"type":"Polygon","coordinates":[[[-46.226,-20.185],[-46.276,-20.142],[-46.31,-20.14],[-46.359,-20.058],[-46.405,-20.0],[-46.451,-19.975],[-46.489,-19.976],[-46.499,-20.005],[-46.582,-20.012],[-46.626,-19.994],[-46.629,-19.941],[-46.601,-19.927],[-46.586,-19.898],[-46.516,-19.859],[-46.457,-19.884],[-46.425,-19.867],[-46.359,-19.875],[-46.311,-19.863],[-46.276,-19.913],[-46.236,-19.92],[-46.222,-19.9],[-46.142,-19.957],[-46.117,-19.96],[-46.155,-19.997],[-46.113,-20.062],[-46.16,-20.112],[-46.216,-20.134],[-46.226,-20.185]]]}},{"type":"Feature","properties":{"codarea":"3141405"},"geometry":{"type":"Polygon","coordinates":[[[-41.451,-16.454],[-41.487,-16.466],[-41.559,-16.427],[-41.589,-16.456],[-41.617,-16.453],[-41.682,-16.497],[-41.658,-16.523],[-41.652,-16.573],[-41.698,-16.545],[-41.712,-16.506],[-41.703,-16.452],[-41.723,-16.426],[-41.669,-16.374],[-41.627,-16.382],[-41.639,-16.328],[-41.63,-16.23],[-41.651,-16.211],[-41.691,-16.204],[-41.696,-16.165],[-41.682,-16.111],[-41.618,-16.08],[-41.594,-16.084],[-41.546,-16.066],[-41.542,-16.108],[-41.477,-16.092],[-41.481,-16.062],[-41.457,-16.047],[-41.428,-16.048],[-41.419,-16.079],[-41.436,-16.097],[-41.365,-16.146],[-41.329,-16.131],[-41.297,-16.171],[-41.28,-16.177],[-41.308,-16.242],[-41.281,-16.273],[-41.306,-16.287],[-41.303,-16.333],[-41.393,-16.368],[-41.412,-16.401],[-41.462,-16.415],[-41.451,-16.454]]]}},{"type":"Feature","properties":{"codarea":"3141504"},"geometry":{"type":"Polygon","coordinates":[[[-41.49,-18.637],[-41.427,-18.621],[-41.384,-18.588],[-41.356,-18.517],[-41.365,-18.499],[-41.321,-18.505],[-41.295,-18.515],[-41.289,-18.562],[-41.305,-18.59],[-41.265,-18.661],[-41.247,-18.709],[-41.326,-18.716],[-41.378,-18.701],[-41.442,-18.698],[-41.49,-18.637]]]}},{"type":"Feature","properties":{"codarea":"3141603"},"geometry":{"type":"Polygon","coordinates":[[[-43.372,-21.285],[-43.393,-21.256],[-43.441,-21.251],[-43.451,-21.194],[-43.417,-21.158],[-43.364,-21.152],[-43.353,-21.093],[-43.272,-21.058],[-43.24,-21.088],[-43.254,-21.105],[-43.253,-21.161],[-43.276,-21.191],[-43.245,-21.211],[-43.27,-21.251],[-43.268,-21.278],[-43.324,-21.297],[-43.372,-21.285]]]}},{"type":"Feature","properties":{"codarea":"3141702"},"geometry":{"type":"Polygon","coordinates":[[[-42.623,-19.119],[-42.57,-19.168],[-42.519,-19.157],[-42.519,-19.191],[-42.551,-19.254],[-42.555,-19.296],[-42.678,-19.382],[-42.698,-19.354],[-42.679,-19.294],[-42.687,-19.273],[-42.659,-19.234],[-42.647,-19.184],[-42.622,-19.148],[-42.623,-19.119]]]}},{"type":"Feature","properties":{"codarea":"3141801"},"geometry":{"type":"Polygon","coordinates":[[[-42.692,-17.126],[-42.628,-17.104],[-42.594,-17.127],[-42.559,-17.171],[-42.527,-17.146],[-42.473,-17.149],[-42.422,-17.201],[-42.387,-17.224],[-42.37,-17.266],[-42.324,-17.234],[-42.293,-17.285],[-42.2,-17.321],[-42.175,-17.367],[-42.114,-17.345],[-42.088,-17.377],[-42.177,-17.416],[-42.19,-17.442],[-42.22,-17.459],[-42.261,-17.532],[-42.253,-17.554],[-42.288,-17.596],[-42.37,-17.61],[-42.416,-17.579],[-42.443,-17.576],[-42.463,-17.549],[-42.518,-17.521],[-42.559,-17.485],[-42.583,-17.417],[-42.574,-17.346],[-42.602,-17.342],[-42.61,-17.383],[-42.655,-17.363],[-42.699,-17.322],[-42.691,-17.201],[-42.659,-17.163],[-42.692,-17.126]]]}},{"type":"Feature","properties":{"codarea":"3141900"},"geometry":{"type":"Polygon","coordinates":[[[-44.676,-21.64],[-44.646,-21.621],[-44.497,-21.576],[-44.515,-21.618],[-44.57,-21.654],[-44.581,-21.751],[-44.613,-21.751],[-44.646,-21.774],[-44.692,-21.743],[-44.703,-21.715],[-44.681,-21.674],[-44.676,-21.64]]]}},{"type":"Feature","properties":{"codarea":"3142007"},"geometry":{"type":"Polygon","coordinates":[[[-44.211,-16.39],[-44.283,-16.391],[-44.309,-16.361],[-44.254,-16.278],[-44.253,-16.224],[-44.279,-16.214],[-44.293,-16.172],[-44.269,-16.126],[-44.236,-16.092],[-44.161,-16.139],[-44.123,-16.146],[-44.101,-16.191],[-44.055,-16.201],[-44.052,-16.18],[-43.99,-16.163],[-43.993,-16.209],[-43.981,-16.235],[-44.046,-16.297],[-44.061,-16.382],[-44.05,-16.425],[-44.118,-16.377],[-44.162,-16.37],[-44.211,-16.39]]]}},{"type":"Feature","properties":{"codarea":"3142106"},"geometry":{"type":"Polygon","coordinates":[[[-42.348,-20.959],[-42.416,-20.944],[-42.441,-20.876],[-42.514,-20.867],[-42.49,-20.829],[-42.479,-20.76],[-42.471,-20.75],[-42.417,-20.769],[-42.391,-20.758],[-42.361,-20.778],[-42.352,-20.822],[-42.302,-20.862],[-42.26,-20.842],[-42.267,-20.861],[-42.323,-20.904],[-42.348,-20.959]]]}},{"type":"Feature","properties":{"codarea":"3142205"},"geometry":{"type":"Polygon","coordinates":[[[-42.753,-21.203],[-42.655,-21.078],[-42.626,-21.077],[-42.547,-21.044],[-42.553,-21.069],[-42.505,-21.089],[-42.523,-21.132],[-42.552,-21.154],[-42.522,-21.172],[-42.529,-21.203],[-42.557,-21.223],[-42.592,-21.215],[-42.613,-21.233],[-42.662,-21.22],[-42.723,-21.221],[-42.753,-21.203]]]}},{"type":"Feature","properties":{"codarea":"3142254"},"geometry":{"type":"Polygon","coordinates":[[[-44.296,-14.82],[-44.38,-14.849],[-44.484,-14.907],[-44.53,-14.861],[-44.516,-14.715],[-44.528,-14.703],[-44.51,-14.677],[-44.523,-14.655],[-44.466,-14.634],[-44.446,-14.638],[-44.398,-14.593],[-44.369,-14.604],[-44.338,-14.645],[-44.289,-14.775],[-44.324,-14.803],[-44.296,-14.82]]]}},{"type":"Feature","properties":{"codarea":"3142304"},"geometry":{"type":"Polygon","coordinates":[[[-44.082,-20.309],[-44.055,-20.314],[-43.997,-20.254],[-43.965,-20.259],[-43.95,-20.279],[-43.927,-20.405],[-43.999,-20.379],[-44.025,-20.384],[-44.069,-20.352],[-44.082,-20.309]]]}},{"type":"Feature","properties":{"codarea":"3142403"},"geometry":{"type":"Polygon","coordinates":[[[-45.503,-19.854],[-45.48,-19.829],[-45.499,-19.798],[-45.477,-19.757],[-45.46,-19.776],[-45.403,-19.765],[-45.362,-19.801],[-45.364,-19.85],[-45.33,-19.866],[-45.29,-19.914],[-45.307,-19.935],[-45.367,-19.917],[-45.383,-19.885],[-45.419,-19.871],[-45.47,-19.87],[-45.503,-19.854]]]}},{"type":"Feature","properties":{"codarea":"3142502"},"geometry":{"type":"Polygon","coordinates":[[[-44.195,-18.246],[-44.164,-18.247],[-44.12,-18.22],[-44.088,-18.22],[-44.055,-18.275],[-44.001,-18.289],[-43.988,-18.345],[-43.93,-18.378],[-43.879,-18.363],[-43.859,-18.369],[-43.825,-18.399],[-43.861,-18.444],[-43.869,-18.482],[-43.987,-18.547],[-44.013,-18.541],[-44.069,-18.567],[-44.078,-18.558],[-44.051,-18.507],[-44.007,-18.472],[-44.022,-18.445],[-44.1,-18.437],[-44.109,-18.403],[-44.157,-18.384],[-44.171,-18.348],[-44.157,-18.303],[-44.196,-18.27],[-44.195,-18.246]]]}},{"type":"Feature","properties":{"codarea":"3142601"},"geometry":{"type":"Polygon","coordinates":[[[-45.568,-21.75],[-45.58,-21.732],[-45.529,-21.689],[-45.462,-21.658],[-45.417,-21.668],[-45.379,-21.711],[-45.393,-21.745],[-45.457,-21.794],[-45.493,-21.813],[-45.517,-21.795],[-45.556,-21.789],[-45.568,-21.75]]]}},{"type":"Feature","properties":{"codarea":"3142700"},"geometry":{"type":"Polygon","coordinates":[[[-44.321,-14.549],[-44.367,-14.583],[-44.398,-14.593],[-44.446,-14.638],[-44.466,-14.634],[-44.523,-14.655],[-44.51,-14.677],[-44.528,-14.703],[-44.557,-14.664],[-44.586,-14.666],[-44.636,-14.622],[-44.741,-14.625],[-44.734,-14.566],[-44.751,-14.544],[-44.73,-14.5],[-44.741,-14.467],[-44.659,-14.396],[-44.599,-14.368],[-44.566,-14.341],[-44.511,-14.323],[-44.488,-14.329],[-44.412,-14.282],[-44.362,-14.273],[-44.341,-14.249],[-44.296,-14.253],[-44.235,-14.309],[-44.264,-14.323],[-44.325,-14.385],[-44.312,-14.454],[-44.337,-14.511],[-44.321,-14.549]]]}},{"type":"Feature","properties":{"codarea":"3142809"},"geometry":{"type":"Polygon","coordinates":[[[-49.226,-18.936],[-49.26,-18.94],[-49.266,-18.9],[-49.252,-18.874],[-49.211,-18.862],[-49.157,-18.832],[-49.124,-18.831],[-49.093,-18.792],[-49.051,-18.788],[-49.06,-18.752],[-49.042,-18.719],[-49.039,-18.676],[-49.089,-18.641],[-49.113,-18.589],[-49.152,-18.556],[-49.115,-18.531],[-49.079,-18.545],[-49.028,-18.525],[-48.932,-18.556],[-48.916,-18.589],[-48.829,-18.606],[-48.84,-18.649],[-48.832,-18.694],[-48.804,-18.688],[-48.667,-18.762],[-48.627,-18.762],[-48.581,-18.798],[-48.601,-18.84],[-48.553,-18.893],[-48.521,-18.904],[-48.538,-18.967],[-48.572,-18.994],[-48.631,-18.954],[-48.643,-18.987],[-48.676,-19.019],[-48.706,-19.074],[-48.76,-19.076],[-48.824,-19.103],[-48.998,-19.051],[-49.063,-19.002],[-49.075,-18.979],[-49.142,-18.959],[-49.152,-18.944],[-49.226,-18.936]]]}},{"type":"Feature","properties":{"codarea":"3142908"},"geometry":{"type":"Polygon","coordinates":[[[-42.963,-15.327],[-42.989,-15.318],[-43.022,-15.331],[-43.075,-15.307],[-43.106,-15.268],[-43.167,-15.257],[-43.195,-15.234],[-43.247,-15.257],[-43.264,-15.204],[-43.27,-15.15],[-43.223,-15.159],[-43.166,-15.146],[-43.142,-15.171],[-43.102,-15.186],[-43.041,-15.167],[-43.04,-15.118],[-42.988,-15.135],[-42.948,-15.119],[-42.942,-15.074],[-42.904,-15.04],[-42.825,-15.037],[-42.778,-15.16],[-42.803,-15.194],[-42.81,-15.241],[-42.79,-15.27],[-42.763,-15.347],[-42.755,-15.398],[-42.765,-15.368],[-42.831,-15.324],[-42.879,-15.319],[-42.907,-15.304],[-42.934,-15.326],[-42.963,-15.327]]]}},{"type":"Feature","properties":{"codarea":"3143005"},"geometry":{"type":"Polygon","coordinates":[[[-46.446,-21.39],[-46.401,-21.273],[-46.411,-21.247],[-46.416,-21.195],[-46.349,-21.179],[-46.334,-21.203],[-46.293,-21.218],[-46.26,-21.257],[-46.24,-21.257],[-46.242,-21.325],[-46.206,-21.356],[-46.24,-21.422],[-46.283,-21.432],[-46.306,-21.414],[-46.339,-21.417],[-46.358,-21.378],[-46.412,-21.398],[-46.446,-21.39]]]}},{"type":"Feature","properties":{"codarea":"3143104"},"geometry":{"type":"Polygon","coordinates":[[[-47.61,-18.797],[-47.62,-18.746],[-47.583,-18.72],[-47.609,-18.676],[-47.583,-18.618],[-47.631,-18.569],[-47.63,-18.538],[-47.664,-18.537],[-47.666,-18.517],[-47.714,-18.491],[-47.712,-18.457],[-47.68,-18.453],[-47.625,-18.477],[-47.585,-18.483],[-47.586,-18.505],[-47.557,-18.522],[-47.488,-18.514],[-47.453,-18.467],[-47.45,-18.512],[-47.415,-18.532],[-47.372,-18.536],[-47.341,-18.561],[-47.332,-18.588],[-47.349,-18.644],[-47.339,-18.679],[-47.278,-18.727],[-47.315,-18.785],[-47.279,-18.927],[-47.313,-18.932],[-47.34,-18.959],[-47.407,-18.961],[-47.458,-18.978],[-47.493,-18.963],[-47.476,-18.915],[-47.429,-18.899],[-47.451,-18.87],[-47.454,-18.83],[-47.503,-18.816],[-47.552,-18.826],[-47.603,-18.817],[-47.61,-18.797]]]}},{"type":"Feature","properties":{"codarea":"3143153"},"geometry":{"type":"Polygon","coordinates":[[[-41.276,-17.006],[-41.326,-16.978],[-41.327,-16.939],[-41.356,-16.925],[-41.37,-16.883],[-41.301,-16.819],[-41.327,-16.779],[-41.319,-16.749],[-41.292,-16.748],[-41.252,-16.773],[-41.224,-16.769],[-41.203,-16.804],[-41.142,-16.859],[-41.188,-16.898],[-41.244,-16.984],[-41.276,-17.006]]]}},{"type":"Feature","properties":{"codarea":"3143203"},"geometry":{"type":"Polygon","coordinates":[[[-46.935,-21.062],[-46.892,-21.065],[-46.868,-21.052],[-46.836,-21.088],[-46.812,-21.085],[-46.785,-21.152],[-46.812,-21.176],[-46.879,-21.291],[-46.943,-21.291],[-46.967,-21.282],[-46.997,-21.357],[-47.017,-21.342],[-47.044,-21.267],[-47.076,-21.241],[-47.118,-21.186],[-47.118,-21.153],[-46.983,-21.127],[-46.963,-21.087],[-46.935,-21.062]]]}},{"type":"Feature","properties":{"codarea":"3143302"},"geometry":{"type":"Polygon","coordinates":[[[-43.668,-16.725],[-43.698,-16.775],[-43.674,-16.809],[-43.701,-16.851],[-43.721,-16.903],[-43.808,-16.907],[-43.869,-16.921],[-43.89,-16.969],[-43.92,-16.965],[-43.954,-16.993],[-43.984,-17.04],[-44.016,-17.052],[-44.02,-17.113],[-44.106,-17.146],[-44.127,-17.109],[-44.196,-17.104],[-44.196,-17.073],[-44.165,-17.035],[-44.16,-17.0],[-44.132,-16.964],[-44.133,-16.892],[-44.12,-16.88],[-44.13,-16.821],[-44.072,-16.799],[-44.11,-16.748],[-44.146,-16.726],[-44.127,-16.671],[-44.107,-16.644],[-44.108,-16.611],[-44.053,-16.618],[-44.023,-16.593],[-44.005,-16.549],[-43.969,-16.515],[-43.979,-16.472],[-44.019,-16.447],[-44.065,-16.491],[-44.101,-16.466],[-44.133,-16.461],[-44.145,-16.439],[-44.182,-16.421],[-44.211,-16.39],[-44.162,-16.37],[-44.118,-16.377],[-44.05,-16.425],[-44.061,-16.382],[-44.046,-16.297],[-43.981,-16.235],[-43.993,-16.209],[-43.99,-16.163],[-43.969,-16.087],[-43.891,-16.113],[-43.852,-16.111],[-43.825,-16.091],[-43.766,-16.089],[-43.785,-16.126],[-43.766,-16.146],[-43.774,-16.195],[-43.797,-16.234],[-43.779,-16.282],[-43.794,-16.299],[-43.785,-16.359],[-43.747,-16.405],[-43.736,-16.484],[-43.759,-16.501],[-43.762,-16.534],[-43.741,-16.544],[-43.75,-16.578],[-43.702,-16.674],[-43.704,-16.691],[-43.668,-16.725]]]}},{"type":"Feature","properties":{"codarea":"3143401"},"geometry":{"type":"Polygon","coordinates":[[[-46.616,-22.439],[-46.666,-22.415],[-46.661,-22.366],[-46.611,-22.386],[-46.57,-22.38],[-46.545,-22.348],[-46.506,-22.341],[-46.443,-22.347],[-46.423,-22.399],[-46.431,-22.457],[-46.456,-22.522],[-46.542,-22.494],[-46.555,-22.447],[-46.616,-22.439]]]}},{"type":"Feature","properties":{"codarea":"3143450"},"geometry":{"type":"Polygon","coordinates":[[[-42.657,-15.037],[-42.599,-15.064],[-42.568,-15.024],[-42.516,-14.983],[-42.479,-15.014],[-42.444,-15.021],[-42.443,-15.061],[-42.401,-15.077],[-42.372,-15.074],[-42.355,-15.098],[-42.324,-15.094],[-42.266,-15.125],[-42.257,-15.161],[-42.273,-15.192],[-42.337,-15.202],[-42.351,-15.283],[-42.349,-15.315],[-42.439,-15.419],[-42.517,-15.429],[-42.52,-15.322],[-42.567,-15.239],[-42.618,-15.244],[-42.617,-15.193],[-42.656,-15.168],[-42.644,-15.114],[-42.642,-15.053],[-42.657,-15.037]]]}},{"type":"Feature","properties":{"codarea":"3143500"},"geometry":{"type":"Polygon","coordinates":[[[-45.639,-18.665],[-45.637,-18.609],[-45.615,-18.572],[-45.623,-18.522],[-45.645,-18.482],[-45.628,-18.418],[-45.577,-18.371],[-45.574,-18.357],[-45.508,-18.316],[-45.407,-18.317],[-45.344,-18.259],[-45.319,-18.221],[-45.267,-18.221],[-45.263,-18.26],[-45.287,-18.27],[-45.316,-18.309],[-45.284,-18.354],[-45.303,-18.413],[-45.358,-18.447],[-45.352,-18.474],[-45.295,-18.491],[-45.22,-18.542],[-45.246,-18.636],[-45.19,-18.729],[-45.202,-18.782],[-45.163,-18.858],[-45.184,-18.875],[-45.261,-18.878],[-45.316,-18.905],[-45.422,-18.87],[-45.462,-18.873],[-45.45,-18.847],[-45.413,-18.822],[-45.38,-18.762],[-45.406,-18.735],[-45.453,-18.731],[-45.468,-18.702],[-45.566,-18.669],[-45.639,-18.665]]]}},{"type":"Feature","properties":{"codarea":"3143609"},"geometry":{"type":"Polygon","coordinates":[[[-44.517,-18.617],[-44.463,-18.645],[-44.549,-18.658],[-44.609,-18.703],[-44.632,-18.736],[-44.669,-18.736],[-44.711,-18.704],[-44.755,-18.724],[-44.804,-18.688],[-44.822,-18.658],[-44.748,-18.678],[-44.706,-18.626],[-44.688,-18.556],[-44.632,-18.528],[-44.588,-18.52],[-44.541,-18.567],[-44.517,-18.617]]]}},{"type":"Feature","properties":{"codarea":"3143708"},"geometry":{"type":"Polygon","coordinates":[[[-43.273,-19.172],[-43.307,-19.228],[-43.298,-19.287],[-43.351,-19.326],[-43.383,-19.336],[-43.509,-19.332],[-43.536,-19.262],[-43.501,-19.224],[-43.508,-19.168],[-43.466,-19.169],[-43.456,-19.138],[-43.374,-19.14],[-43.344,-19.099],[-43.273,-19.172]]]}},{"type":"Feature","properties":{"codarea":"3143807"},"geometry":{"type":"Polygon","coordinates":[[[-46.393,-22.663],[-46.424,-22.599],[-46.392,-22.582],[-46.366,-22.602],[-46.296,-22.579],[-46.277,-22.594],[-46.158,-22.616],[-46.287,-22.692],[-46.308,-22.692],[-46.351,-22.669],[-46.393,-22.663]]]}},{"type":"Feature","properties":{"codarea":"3143906"},"geometry":{"type":"Polygon","coordinates":[[[-42.463,-21.27],[-42.533,-21.23],[-42.522,-21.172],[-42.552,-21.154],[-42.523,-21.132],[-42.505,-21.089],[-42.553,-21.069],[-42.547,-21.044],[-42.515,-21.003],[-42.461,-21.014],[-42.423,-20.982],[-42.427,-20.956],[-42.489,-20.958],[-42.498,-20.944],[-42.566,-20.922],[-42.514,-20.867],[-42.441,-20.876],[-42.416,-20.944],[-42.348,-20.959],[-42.299,-21.0],[-42.303,-21.018],[-42.254,-21.051],[-42.296,-21.088],[-42.299,-21.123],[-42.328,-21.21],[-42.363,-21.218],[-42.331,-21.272],[-42.364,-21.306],[-42.399,-21.301],[-42.418,-21.259],[-42.463,-21.27]]]}},{"type":"Feature","properties":{"codarea":"3144003"},"geometry":{"type":"Polygon","coordinates":[[[-41.559,-20.033],[-41.548,-19.996],[-41.593,-20.002],[-41.649,-19.973],[-41.622,-19.964],[-41.599,-19.934],[-41.606,-19.893],[-41.574,-19.849],[-41.591,-19.807],[-41.581,-19.773],[-41.555,-19.755],[-41.556,-19.73],[-41.516,-19.718],[-41.495,-19.697],[-41.428,-19.693],[-41.386,-19.658],[-41.381,-19.712],[-41.393,-19.749],[-41.359,-19.762],[-41.329,-19.817],[-41.337,-19.831],[-41.287,-19.863],[-41.298,-19.938],[-41.312,-19.972],[-41.309,-20.016],[-41.333,-20.058],[-41.356,-20.139],[-41.382,-20.189],[-41.412,-20.206],[-41.437,-20.192],[-41.428,-20.165],[-41.454,-20.121],[-41.502,-20.108],[-41.499,-20.076],[-41.538,-20.059],[-41.559,-20.033]]]}},{"type":"Feature","properties":{"codarea":"3144102"},"geometry":{"type":"Polygon","coordinates":[[[-46.616,-21.43],[-46.648,-21.38],[-46.601,-21.326],[-46.612,-21.292],[-46.572,-21.307],[-46.546,-21.27],[-46.494,-21.237],[-46.411,-21.247],[-46.401,-21.273],[-46.446,-21.39],[-46.48,-21.445],[-46.469,-21.487],[-46.509,-21.489],[-46.519,-21.449],[-46.577,-21.427],[-46.616,-21.43]]]}},{"type":"Feature","properties":{"codarea":"3144201"},"geometry":{"type":"Polygon","coordinates":[[[-42.203,-18.411],[-42.124,-18.394],[-42.1,-18.428],[-42.138,-18.428],[-42.14,-18.468],[-42.113,-18.492],[-42.137,-18.524],[-42.091,-18.547],[-42.146,-18.548],[-42.163,-18.565],[-42.224,-18.56],[-42.235,-18.51],[-42.277,-18.488],[-42.268,-18.43],[-42.203,-18.411]]]}},{"type":"Feature","properties":{"codarea":"3144300"},"geometry":{"type":"Polygon","coordinates":[[[-40.344,-17.616],[-40.347,-17.664],[-40.332,-17.686],[-40.306,-17.78],[-40.316,-17.804],[-40.294,-17.854],[-40.212,-17.895],[-40.264,-17.922],[-40.227,-17.958],[-40.222,-17.98],[-40.255,-17.972],[-40.346,-17.924],[-40.463,-17.928],[-40.517,-17.894],[-40.609,-17.938],[-40.626,-17.991],[-40.662,-18.013],[-40.704,-18.024],[-40.726,-18.001],[-40.753,-18.01],[-40.798,-17.957],[-40.785,-17.921],[-40.735,-17.876],[-40.656,-17.865],[-40.606,-17.836],[-40.597,-17.815],[-40.549,-17.811],[-40.532,-17.775],[-40.558,-17.738],[-40.614,-17.719],[-40.59,-17.666],[-40.621,-17.599],[-40.619,-17.575],[-40.58,-17.544],[-40.545,-17.501],[-40.552,-17.477],[-40.52,-17.447],[-40.483,-17.488],[-40.489,-17.52],[-40.459,-17.57],[-40.414,-17.574],[-40.418,-17.599],[-40.344,-17.616]]]}},{"type":"Feature","properties":{"codarea":"3144359"},"geometry":{"type":"Polygon","coordinates":[[[-42.353,-19.224],[-42.4,-19.187],[-42.353,-19.147],[-42.35,-19.112],[-42.26,-19.153],[-42.254,-19.187],[-42.316,-19.238],[-42.353,-19.224]]]}},{"type":"Feature","properties":{"codarea":"3144375"},"geometry":{"type":"Polygon","coordinates":[[[-46.513,-16.382],[-46.494,-16.407],[-46.459,-16.413],[-46.384,-16.5],[-46.39,-16.586],[-46.374,-16.605],[-46.408,-16.66],[-46.467,-16.701],[-46.488,-16.703],[-46.505,-16.652],[-46.556,-16.633],[-46.566,-16.564],[-46.557,-16.515],[-46.539,-16.499],[-46.534,-16.448],[-46.558,-16.374],[-46.513,-16.382]]]}},{"type":"Feature","properties":{"codarea":"3144409"},"geometry":{"type":"Polygon","coordinates":[[[-45.459,-22.082],[-45.364,-22.074],[-45.375,-22.106],[-45.445,-22.12],[-45.509,-22.177],[-45.518,-22.217],[-45.577,-22.189],[-45.616,-22.16],[-45.617,-22.121],[-45.598,-22.103],[-45.459,-22.082]]]}},{"type":"Feature","properties":{"codarea":"3144508"},"geometry":{"type":"Polygon","coordinates":[[[-44.733,-21.212],[-44.707,-21.196],[-44.711,-21.137],[-44.634,-21.087],[-44.581,-21.103],[-44.565,-21.178],[-44.572,-21.207],[-44.537,-21.241],[-44.466,-21.231],[-44.508,-21.279],[-44.575,-21.309],[-44.602,-21.347],[-44.599,-21.308],[-44.657,-21.275],[-44.69,-21.218],[-44.733,-21.212]]]}},{"type":"Feature","properties":{"codarea":"3144607"},"geometry":{"type":"Polygon","coordinates":[[[-45.378,-21.311],[-45.393,-21.291],[-45.386,-21.247],[-45.349,-21.189],[-45.312,-21.178],[-45.339,-21.13],[-45.342,-21.069],[-45.282,-21.046],[-45.268,-21.089],[-45.278,-21.128],[-45.205,-21.137],[-45.216,-21.098],[-45.189,-21.088],[-45.153,-21.128],[-45.177,-21.182],[-45.165,-21.221],[-45.175,-21.25],[-45.152,-21.272],[-45.166,-21.334],[-45.145,-21.349],[-45.202,-21.355],[-45.227,-21.372],[-45.273,-21.377],[-45.275,-21.36],[-45.327,-21.329],[-45.378,-21.311]]]}},{"type":"Feature","properties":{"codarea":"3144656"},"geometry":{"type":"Polygon","coordinates":[[[-41.802,-15.1],[-41.364,-15.493],[-41.421,-15.482],[-41.447,-15.487],[-41.503,-15.527],[-41.528,-15.518],[-41.588,-15.521],[-41.678,-15.505],[-41.704,-15.509],[-41.74,-15.484],[-41.74,-15.444],[-41.816,-15.407],[-41.844,-15.413],[-41.88,-15.364],[-41.85,-15.332],[-41.851,-15.307],[-41.832,-15.248],[-41.777,-15.251],[-41.779,-15.218],[-41.8,-15.204],[-41.784,-15.134],[-41.802,-15.1]]]}},{"type":"Feature","properties":{"codarea":"3144672"},"geometry":{"type":"Polygon","coordinates":[[[-41.158,-18.528],[-41.188,-18.502],[-41.182,-18.44],[-41.023,-18.457],[-41.026,-18.528],[-41.061,-18.538],[-41.077,-18.523],[-41.112,-18.535],[-41.158,-18.528]]]}},{"type":"Feature","properties":{"codarea":"3144706"},"geometry":{"type":"Polygon","coordinates":[[[-43.11,-19.727],[-43.083,-19.653],[-43.062,-19.627],[-43.057,-19.578],[-43.044,-19.565],[-43.006,-19.578],[-43.002,-19.629],[-42.984,-19.636],[-42.95,-19.714],[-42.917,-19.714],[-42.908,-19.75],[-42.921,-19.811],[-42.98,-19.815],[-43.009,-19.828],[-43.057,-19.821],[-43.091,-19.79],[-43.082,-19.75],[-43.11,-19.727]]]}},{"type":"Feature","properties":{"codarea":"3144805"},"geometry":{"type":"Polygon","coordinates":[[[-43.783,-20.029],[-43.816,-20.053],[-43.848,-20.096],[-43.852,-20.138],[-43.873,-20.163],[-43.854,-20.198],[-43.908,-20.215],[-43.938,-20.208],[-43.976,-20.223],[-43.972,-20.177],[-43.983,-20.094],[-44.001,-20.057],[-43.993,-20.034],[-43.94,-19.975],[-43.87,-19.928],[-43.834,-19.927],[-43.839,-19.957],[-43.798,-20.025],[-43.783,-20.029]]]}},{"type":"Feature","properties":{"codarea":"3144904"},"geometry":{"type":"Polygon","coordinates":[[[-41.46,-18.514],[-41.512,-18.535],[-41.54,-18.581],[-41.573,-18.573],[-41.583,-18.535],[-41.628,-18.525],[-41.629,-18.433],[-41.563,-18.405],[-41.519,-18.365],[-41.486,-18.352],[-41.43,-18.31],[-41.428,-18.297],[-41.415,-18.307],[-41.441,-18.418],[-41.427,-18.445],[-41.46,-18.514]]]}},{"type":"Feature","properties":{"codarea":"3145000"},"geometry":{"type":"Polygon","coordinates":[[[-47.62,-19.428],[-47.63,-19.49],[-47.598,-19.537],[-47.615,-19.565],[-47.686,-19.567],[-47.765,-19.521],[-47.786,-19.439],[-47.776,-19.421],[-47.796,-19.38],[-47.799,-19.307],[-47.788,-19.254],[-47.807,-19.224],[-47.809,-19.178],[-47.834,-19.156],[-47.853,-19.094],[-47.819,-19.089],[-47.801,-19.038],[-47.766,-19.03],[-47.735,-19.051],[-47.694,-19.054],[-47.67,-19.035],[-47.666,-18.999],[-47.709,-18.923],[-47.67,-18.942],[-47.606,-19.016],[-47.573,-19.013],[-47.595,-19.045],[-47.57,-19.106],[-47.618,-19.151],[-47.644,-19.16],[-47.64,-19.197],[-47.656,-19.209],[-47.637,-19.278],[-47.641,-19.352],[-47.651,-19.38],[-47.62,-19.428]]]}},{"type":"Feature","properties":{"codarea":"3145059"},"geometry":{"type":"Polygon","coordinates":[[[-43.277,-15.606],[-43.273,-15.654],[-43.235,-15.701],[-43.232,-15.742],[-43.262,-15.829],[-43.289,-15.824],[-43.317,-15.781],[-43.297,-15.736],[-43.301,-15.668],[-43.277,-15.606]]]}},{"type":"Feature","properties":{"codarea":"3145109"},"geometry":{"type":"Polygon","coordinates":[[[-46.292,-21.153],[-46.32,-21.184],[-46.349,-21.179],[-46.416,-21.195],[-46.425,-21.17],[-46.46,-21.172],[-46.551,-21.151],[-46.539,-21.138],[-46.552,-21.086],[-46.527,-21.072],[-46.439,-21.057],[-46.426,-21.026],[-46.463,-20.995],[-46.457,-20.974],[-46.412,-20.962],[-46.358,-20.99],[-46.347,-21.068],[-46.326,-21.106],[-46.295,-21.108],[-46.292,-21.153]]]}},{"type":"Feature","properties":{"codarea":"3145208"},"geometry":{"type":"Polygon","coordinates":[[[-45.124,-19.831],[-45.11,-19.806],[-45.051,-19.797],[-45.014,-19.782],[-44.991,-19.793],[-44.951,-19.797],[-44.927,-19.776],[-44.885,-19.817],[-44.893,-19.855],[-44.876,-19.873],[-44.888,-19.918],[-44.919,-19.942],[-44.965,-19.935],[-44.998,-19.919],[-45.032,-19.871],[-45.069,-19.864],[-45.08,-19.831],[-45.124,-19.831]]]}},{"type":"Feature","properties":{"codarea":"3145307"},"geometry":{"type":"Polygon","coordinates":[[[-41.868,-17.109],[-41.786,-17.161],[-41.816,-17.199],[-41.825,-17.229],[-41.794,-17.246],[-41.76,-17.287],[-41.749,-17.344],[-41.733,-17.356],[-41.764,-17.405],[-41.754,-17.442],[-41.781,-17.459],[-41.809,-17.499],[-41.871,-17.512],[-41.909,-17.53],[-41.93,-17.578],[-41.996,-17.638],[-41.984,-17.655],[-42.017,-17.616],[-42.074,-17.607],[-42.123,-17.585],[-42.133,-17.529],[-42.167,-17.495],[-42.19,-17.442],[-42.177,-17.416],[-42.088,-17.377],[-42.104,-17.354],[-42.115,-17.316],[-42.063,-17.183],[-41.951,-17.193],[-41.954,-17.122],[-41.965,-17.085],[-41.868,-17.109]]]}},{"type":"Feature","properties":{"codarea":"3145356"},"geometry":{"type":"Polygon","coordinates":[[[-41.229,-17.435],[-41.238,-17.393],[-41.264,-17.349],[-41.324,-17.337],[-41.351,-17.347],[-41.323,-17.311],[-41.318,-17.278],[-41.341,-17.216],[-41.339,-17.147],[-41.324,-17.06],[-41.278,-17.032],[-41.257,-17.048],[-41.194,-17.038],[-41.16,-17.043],[-41.121,-17.114],[-41.126,-17.125],[-41.154,-17.13],[-41.164,-17.189],[-41.205,-17.224],[-41.184,-17.247],[-41.18,-17.281],[-41.153,-17.304],[-41.106,-17.318],[-41.072,-17.347],[-41.076,-17.379],[-41.151,-17.402],[-41.159,-17.429],[-41.192,-17.448],[-41.229,-17.435]]]}},{"type":"Feature","properties":{"codarea":"3145372"},"geometry":{"type":"Polygon","coordinates":[[[-42.424,-16.08],[-42.481,-16.061],[-42.464,-15.999],[-42.472,-15.978],[-42.527,-15.993],[-42.516,-15.96],[-42.472,-15.961],[-42.398,-15.902],[-42.368,-15.924],[-42.379,-15.972],[-42.366,-15.995],[-42.328,-15.992],[-42.317,-16.03],[-42.285,-16.043],[-42.298,-16.103],[-42.32,-16.107],[-42.354,-16.06],[-42.4,-16.064],[-42.424,-16.08]]]}},{"type":"Feature","properties":{"codarea":"3145406"},"geometry":{"type":"Polygon","coordinates":[[[-44.087,-21.885],[-44.018,-21.854],[-43.978,-21.862],[-43.934,-21.844],[-43.915,-21.89],[-43.865,-21.929],[-43.868,-21.962],[-43.902,-21.973],[-43.977,-21.957],[-44.031,-21.91],[-44.068,-21.925],[-44.087,-21.885]]]}},{"type":"Feature","properties":{"codarea":"3145455"},"geometry":{"type":"Polygon","coordinates":[[[-43.751,-17.89],[-43.775,-17.837],[-43.756,-17.823],[-43.781,-17.793],[-43.756,-17.766],[-43.772,-17.74],[-43.752,-17.705],[-43.777,-17.68],[-43.774,-17.547],[-43.756,-17.486],[-43.719,-17.419],[-43.733,-17.37],[-43.776,-17.37],[-43.815,-17.333],[-43.811,-17.272],[-43.73,-17.216],[-43.669,-17.209],[-43.626,-17.257],[-43.576,-17.274],[-43.542,-17.233],[-43.499,-17.265],[-43.416,-17.276],[-43.37,-17.294],[-43.334,-17.337],[-43.324,-17.367],[-43.28,-17.396],[-43.319,-17.473],[-43.371,-17.523],[-43.436,-17.531],[-43.503,-17.56],[-43.549,-17.54],[-43.581,-17.583],[-43.568,-17.611],[-43.611,-17.629],[-43.603,-17.671],[-43.607,-17.75],[-43.677,-17.831],[-43.696,-17.877],[-43.751,-17.89]]]}},{"type":"Feature","properties":{"codarea":"3145505"},"geometry":{"type":"Polygon","coordinates":[[[-45.334,-22.119],[-45.337,-22.103],[-45.26,-22.043],[-45.237,-22.041],[-45.251,-22.114],[-45.293,-22.132],[-45.334,-22.119]]]}},{"type":"Feature","properties":{"codarea":"3145604"},"geometry":{"type":"Polygon","coordinates":[[[-44.906,-20.795],[-44.904,-20.758],[-44.938,-20.735],[-44.928,-20.662],[-44.941,-20.633],[-44.892,-20.65],[-44.823,-20.64],[-44.791,-20.605],[-44.724,-20.616],[-44.684,-20.649],[-44.691,-20.675],[-44.662,-20.703],[-44.618,-20.71],[-44.617,-20.677],[-44.589,-20.645],[-44.57,-20.728],[-44.549,-20.744],[-44.506,-20.745],[-44.448,-20.786],[-44.475,-20.793],[-44.515,-20.834],[-44.569,-20.805],[-44.611,-20.812],[-44.641,-20.856],[-44.709,-20.849],[-44.734,-20.891],[-44.755,-20.875],[-44.781,-20.903],[-44.805,-20.898],[-44.836,-20.864],[-44.872,-20.808],[-44.906,-20.795]]]}},{"type":"Feature","properties":{"codarea":"3145703"},"geometry":{"type":"Polygon","coordinates":[[[-43.477,-21.281],[-43.466,-21.309],[-43.438,-21.308],[-43.424,-21.337],[-43.47,-21.372],[-43.557,-21.357],[-43.631,-21.376],[-43.62,-21.35],[-43.581,-21.319],[-43.538,-21.314],[-43.477,-21.281]]]}},{"type":"Feature","properties":{"codarea":"3145802"},"geometry":{"type":"Polygon","coordinates":[[[-44.781,-19.772],[-44.821,-19.763],[-44.839,-19.735],[-44.814,-19.707],[-44.815,-19.664],[-44.75,-19.666],[-44.768,-19.627],[-44.755,-19.606],[-44.725,-19.614],[-44.699,-19.644],[-44.666,-19.659],[-44.637,-19.729],[-44.67,-19.741],[-44.698,-19.783],[-44.724,-19.79],[-44.781,-19.772]]]}},{"type":"Feature","properties":{"codarea":"3145851"},"geometry":{"type":"Polygon","coordinates":[[[-42.757,-20.456],[-42.774,-20.453],[-42.841,-20.488],[-42.804,-20.363],[-42.787,-20.366],[-42.746,-20.398],[-42.757,-20.456]]]}},{"type":"Feature","properties":{"codarea":"3145877"},"geometry":{"type":"Polygon","coordinates":[[[-42.277,-20.548],[-42.243,-20.481],[-42.214,-20.468],[-42.188,-20.434],[-42.156,-20.468],[-42.167,-20.526],[-42.196,-20.552],[-42.211,-20.593],[-42.238,-20.566],[-42.277,-20.548]]]}},{"type":"Feature","properties":{"codarea":"3145901"},"geometry":{"type":"Polygon","coordinates":[[[-43.601,-20.584],[-43.653,-20.593],[-43.679,-20.622],[-43.714,-20.588],[-43.746,-20.599],[-43.8,-20.538],[-43.734,-20.564],[-43.708,-20.556],[-43.745,-20.51],[-43.766,-20.5],[-43.748,-20.46],[-43.712,-20.462],[-43.688,-20.431],[-43.662,-20.433],[-43.58,-20.508],[-43.598,-20.541],[-43.601,-20.584]]]}},{"type":"Feature","properties":{"codarea":"3146008"},"geometry":{"type":"Polygon","coordinates":[[[-46.255,-22.146],[-46.237,-22.181],[-46.263,-22.224],[-46.23,-22.243],[-46.235,-22.267],[-46.3,-22.283],[-46.339,-22.308],[-46.334,-22.388],[-46.423,-22.399],[-46.443,-22.347],[-46.506,-22.341],[-46.529,-22.3],[-46.526,-22.276],[-46.484,-22.261],[-46.505,-22.208],[-46.489,-22.184],[-46.43,-22.148],[-46.385,-22.166],[-46.279,-22.134],[-46.255,-22.146]]]}},{"type":"Feature","properties":{"codarea":"3146107"},"geometry":{"type":"Polygon","coordinates":[[[-43.565,-20.606],[-43.601,-20.584],[-43.598,-20.541],[-43.58,-20.508],[-43.662,-20.433],[-43.688,-20.431],[-43.712,-20.462],[-43.748,-20.46],[-43.766,-20.5],[-43.802,-20.503],[-43.798,-20.457],[-43.888,-20.42],[-43.916,-20.426],[-43.93,-20.382],[-43.838,-20.386],[-43.803,-20.352],[-43.798,-20.322],[-43.76,-20.306],[-43.752,-20.268],[-43.699,-20.256],[-43.618,-20.207],[-43.618,-20.194],[-43.583,-20.218],[-43.548,-20.207],[-43.534,-20.161],[-43.497,-20.173],[-43.5,-20.215],[-43.469,-20.228],[-43.453,-20.304],[-43.472,-20.346],[-43.473,-20.404],[-43.496,-20.444],[-43.428,-20.489],[-43.43,-20.52],[-43.403,-20.547],[-43.443,-20.623],[-43.459,-20.632],[-43.501,-20.623],[-43.533,-20.595],[-43.565,-20.606]]]}},{"type":"Feature","properties":{"codarea":"3146206"},"geometry":{"type":"Polygon","coordinates":[[[-41.252,-17.954],[-41.254,-17.998],[-41.219,-18.053],[-41.217,-18.077],[-41.263,-18.11],[-41.3,-18.114],[-41.33,-18.092],[-41.373,-18.103],[-41.369,-18.032],[-41.344,-18.024],[-41.33,-17.993],[-41.278,-17.984],[-41.252,-17.954]]]}},{"type":"Feature","properties":{"codarea":"3146255"},"geometry":{"type":"Polygon","coordinates":[[[-42.631,-16.417],[-42.656,-16.402],[-42.615,-16.292],[-42.641,-16.264],[-42.695,-16.284],[-42.723,-16.259],[-42.724,-16.216],[-42.7,-16.172],[-42.626,-16.162],[-42.544,-16.21],[-42.543,-16.24],[-42.511,-16.266],[-42.493,-16.308],[-42.47,-16.422],[-42.477,-16.439],[-42.513,-16.456],[-42.533,-16.43],[-42.586,-16.413],[-42.613,-16.379],[-42.631,-16.417]]]}},{"type":"Feature","properties":{"codarea":"3146305"},"geometry":{"type":"Polygon","coordinates":[[[-41.385,-17.05],[-41.416,-17.128],[-41.435,-17.126],[-41.486,-17.081],[-41.525,-17.11],[-41.553,-17.107],[-41.602,-17.139],[-41.597,-17.158],[-41.65,-17.191],[-41.656,-17.122],[-41.669,-17.107],[-41.654,-17.072],[-41.679,-17.035],[-41.674,-16.987],[-41.596,-16.919],[-41.556,-16.918],[-41.534,-16.949],[-41.487,-16.924],[-41.455,-16.946],[-41.442,-17.034],[-41.4,-17.032],[-41.385,-17.05]]]}},{"type":"Feature","properties":{"codarea":"3146404"},"geometry":{"type":"Polygon","coordinates":[[[-45.66,-19.011],[-45.699,-18.985],[-45.669,-18.845],[-45.645,-18.837],[-45.637,-18.792],[-45.581,-18.815],[-45.532,-18.855],[-45.49,-18.842],[-45.462,-18.873],[-45.422,-18.87],[-45.316,-18.905],[-45.261,-18.878],[-45.184,-18.875],[-45.207,-18.933],[-45.239,-18.913],[-45.343,-18.985],[-45.365,-18.981],[-45.415,-19.014],[-45.465,-19.014],[-45.55,-18.99],[-45.568,-18.961],[-45.62,-18.945],[-45.645,-18.958],[-45.66,-19.011]]]}},{"type":"Feature","properties":{"codarea":"3146503"},"geometry":{"type":"Polygon","coordinates":[[[-45.588,-20.467],[-45.606,-20.479],[-45.648,-20.463],[-45.669,-20.439],[-45.716,-20.508],[-45.75,-20.467],[-45.745,-20.439],[-45.786,-20.423],[-45.835,-20.358],[-45.801,-20.308],[-45.82,-20.289],[-45.759,-20.303],[-45.694,-20.288],[-45.597,-20.325],[-45.583,-20.375],[-45.556,-20.385],[-45.586,-20.443],[-45.588,-20.467]]]}},{"type":"Feature","properties":{"codarea":"3146552"},"geometry":{"type":"Polygon","coordinates":[[[-43.312,-15.327],[-43.323,-15.254],[-43.309,-15.237],[-43.316,-15.156],[-43.331,-15.106],[-43.312,-15.084],[-43.273,-15.125],[-43.264,-15.204],[-43.247,-15.257],[-43.206,-15.28],[-43.207,-15.323],[-43.109,-15.411],[-43.08,-15.45],[-43.064,-15.407],[-43.02,-15.4],[-42.98,-15.433],[-42.951,-15.434],[-42.912,-15.495],[-42.915,-15.513],[-42.974,-15.521],[-43.022,-15.541],[-43.066,-15.607],[-43.129,-15.611],[-43.189,-15.575],[-43.183,-15.553],[-43.235,-15.504],[-43.255,-15.429],[-43.252,-15.376],[-43.262,-15.331],[-43.312,-15.327]]]}},{"type":"Feature","properties":{"codarea":"3146602"},"geometry":{"type":"Polygon","coordinates":[[[-43.372,-21.285],[-43.424,-21.337],[-43.438,-21.308],[-43.466,-21.309],[-43.477,-21.281],[-43.441,-21.251],[-43.393,-21.256],[-43.372,-21.285]]]}},{"type":"Feature","properties":{"codarea":"3146701"},"geometry":{"type":"Polygon","coordinates":[[[-42.236,-21.343],[-42.23,-21.366],[-42.278,-21.414],[-42.275,-21.427],[-42.292,-21.459],[-42.257,-21.482],[-42.286,-21.528],[-42.346,-21.583],[-42.367,-21.533],[-42.349,-21.501],[-42.392,-21.445],[-42.377,-21.421],[-42.384,-21.378],[-42.416,-21.349],[-42.399,-21.301],[-42.364,-21.306],[-42.255,-21.35],[-42.236,-21.343]]]}},{"type":"Feature","properties":{"codarea":"3146750"},"geometry":{"type":"Polygon","coordinates":[[[-40.463,-16.687],[-40.405,-16.666],[-40.389,-16.68],[-40.356,-16.653],[-40.329,-16.651],[-40.307,-16.697],[-40.31,-16.733],[-40.333,-16.77],[-40.324,-16.801],[-40.269,-16.796],[-40.251,-16.831],[-40.282,-16.901],[-40.331,-16.908],[-40.365,-16.875],[-40.408,-16.899],[-40.434,-16.887],[-40.466,-16.837],[-40.484,-16.785],[-40.459,-16.775],[-40.436,-16.738],[-40.463,-16.687]]]}},{"type":"Feature","properties":{"codarea":"3146909"},"geometry":{"type":"Polygon","coordinates":[[[-44.694,-19.206],[-44.627,-19.243],[-44.566,-19.343],[-44.529,-19.368],[-44.554,-19.431],[-44.572,-19.441],[-44.611,-19.426],[-44.638,-19.44],[-44.66,-19.415],[-44.708,-19.429],[-44.713,-19.471],[-44.738,-19.5],[-44.779,-19.503],[-44.776,-19.541],[-44.811,-19.535],[-44.836,-19.489],[-44.877,-19.478],[-44.817,-19.434],[-44.796,-19.377],[-44.752,-19.355],[-44.694,-19.206]]]}},{"type":"Feature","properties":{"codarea":"3147006"},"geometry":{"type":"Polygon","coordinates":[[[-47.313,-17.543],[-47.325,-17.524],[-47.375,-17.523],[-47.4,-17.512],[-47.467,-17.534],[-47.509,-17.501],[-47.513,-17.463],[-47.537,-17.457],[-47.511,-17.326],[-47.487,-17.349],[-47.438,-17.318],[-47.411,-17.249],[-47.384,-17.248],[-47.349,-17.176],[-47.293,-17.139],[-47.278,-17.111],[-47.225,-17.078],[-47.198,-17.072],[-47.178,-17.041],[-47.147,-17.032],[-47.13,-16.975],[-47.154,-16.953],[-47.181,-16.902],[-47.208,-16.875],[-47.206,-16.838],[-47.22,-16.778],[-47.236,-16.755],[-47.226,-16.721],[-47.21,-16.736],[-47.129,-16.663],[-47.082,-16.642],[-47.061,-16.615],[-47.024,-16.597],[-47.0,-16.603],[-46.979,-16.664],[-46.953,-16.666],[-46.935,-16.698],[-46.941,-16.772],[-46.915,-16.804],[-46.919,-16.844],[-46.869,-16.875],[-46.853,-16.903],[-46.763,-16.859],[-46.741,-16.864],[-46.679,-16.796],[-46.654,-16.794],[-46.624,-16.834],[-46.562,-16.882],[-46.522,-16.883],[-46.44,-16.902],[-46.421,-16.892],[-46.365,-16.925],[-46.344,-16.95],[-46.279,-16.958],[-46.204,-17.011],[-46.279,-17.075],[-46.272,-17.099],[-46.293,-17.123],[-46.277,-17.146],[-46.286,-17.204],[-46.308,-17.213],[-46.337,-17.186],[-46.359,-17.213],[-46.42,-17.259],[-46.489,-17.292],[-46.479,-17.338],[-46.494,-17.4],[-46.542,-17.419],[-46.551,-17.489],[-46.585,-17.515],[-46.61,-17.512],[-46.665,-17.538],[-46.674,-17.571],[-46.736,-17.618],[-46.779,-17.611],[-46.797,-17.593],[-46.858,-17.614],[-46.879,-17.597],[-46.901,-17.538],[-46.868,-17.502],[-46.904,-17.464],[-46.945,-17.474],[-47.002,-17.54],[-47.005,-17.567],[-47.056,-17.582],[-47.106,-17.543],[-47.13,-17.549],[-47.151,-17.498],[-47.21,-17.492],[-47.238,-17.511],[-47.263,-17.478],[-47.286,-17.487],[-47.313,-17.543]]]}},{"type":"Feature","properties":{"codarea":"3147105"},"geometry":{"type":"Polygon","coordinates":[[[-44.62,-19.936],[-44.686,-19.877],[-44.742,-19.898],[-44.781,-19.867],[-44.781,-19.772],[-44.724,-19.79],[-44.698,-19.783],[-44.67,-19.741],[-44.637,-19.729],[-44.599,-19.795],[-44.573,-19.786],[-44.526,-19.745],[-44.499,-19.705],[-44.435,-19.74],[-44.442,-19.782],[-44.482,-19.836],[-44.514,-19.86],[-44.527,-19.953],[-44.542,-19.967],[-44.569,-19.975],[-44.62,-19.936]]]}},{"type":"Feature","properties":{"codarea":"3147204"},"geometry":{"type":"Polygon","coordinates":[[[-45.705,-21.678],[-45.729,-21.707],[-45.78,-21.705],[-45.784,-21.682],[-45.817,-21.67],[-45.823,-21.626],[-45.853,-21.587],[-45.856,-21.518],[-45.814,-21.533],[-45.764,-21.423],[-45.695,-21.437],[-45.664,-21.459],[-45.664,-21.595],[-45.692,-21.627],[-45.679,-21.646],[-45.705,-21.678]]]}},{"type":"Feature","properties":{"codarea":"3147303"},"geometry":{"type":"Polygon","coordinates":[[[-45.7,-22.499],[-45.679,-22.573],[-45.727,-22.587],[-45.73,-22.619],[-45.747,-22.625],[-45.809,-22.611],[-45.839,-22.629],[-45.879,-22.615],[-45.886,-22.676],[-45.949,-22.694],[-45.959,-22.691],[-45.936,-22.651],[-45.962,-22.614],[-45.952,-22.588],[-45.904,-22.602],[-45.871,-22.524],[-45.883,-22.5],[-45.854,-22.489],[-45.827,-22.509],[-45.785,-22.488],[-45.779,-22.47],[-45.7,-22.499]]]}},{"type":"Feature","properties":{"codarea":"3147402"},"geometry":{"type":"Polygon","coordinates":[[[-44.273,-19.34],[-44.301,-19.35],[-44.299,-19.404],[-44.315,-19.373],[-44.358,-19.335],[-44.361,-19.31],[-44.44,-19.273],[-44.484,-19.298],[-44.486,-19.344],[-44.438,-19.345],[-44.417,-19.367],[-44.425,-19.401],[-44.502,-19.429],[-44.55,-19.426],[-44.529,-19.368],[-44.566,-19.343],[-44.627,-19.243],[-44.652,-19.227],[-44.635,-19.231],[-44.57,-19.201],[-44.522,-19.163],[-44.456,-19.164],[-44.409,-19.13],[-44.368,-19.23],[-44.327,-19.222],[-44.24,-19.267],[-44.273,-19.34]]]}},{"type":"Feature","properties":{"codarea":"3147501"},"geometry":{"type":"Polygon","coordinates":[[[-43.194,-19.387],[-43.214,-19.388],[-43.245,-19.352],[-43.244,-19.325],[-43.197,-19.318],[-43.108,-19.338],[-43.103,-19.382],[-43.143,-19.402],[-43.194,-19.387]]]}},{"type":"Feature","properties":{"codarea":"3147600"},"geometry":{"type":"Polygon","coordinates":[[[-45.015,-22.34],[-44.968,-22.337],[-44.958,-22.317],[-44.915,-22.326],[-44.918,-22.36],[-44.809,-22.406],[-44.844,-22.428],[-44.89,-22.432],[-44.94,-22.453],[-44.966,-22.475],[-44.991,-22.466],[-45.055,-22.471],[-45.103,-22.49],[-45.098,-22.459],[-45.048,-22.415],[-45.057,-22.374],[-45.015,-22.34]]]}},{"type":"Feature","properties":{"codarea":"3147709"},"geometry":{"type":"Polygon","coordinates":[[[-44.589,-20.645],[-44.599,-20.592],[-44.569,-20.568],[-44.573,-20.547],[-44.544,-20.516],[-44.506,-20.545],[-44.469,-20.587],[-44.407,-20.57],[-44.395,-20.599],[-44.357,-20.608],[-44.361,-20.637],[-44.403,-20.667],[-44.394,-20.691],[-44.421,-20.712],[-44.429,-20.766],[-44.448,-20.786],[-44.506,-20.745],[-44.549,-20.744],[-44.57,-20.728],[-44.589,-20.645]]]}},{"type":"Feature","properties":{"codarea":"3147808"},"geometry":{"type":"Polygon","coordinates":[[[-44.179,-22.229],[-44.189,-22.24],[-44.26,-22.268],[-44.291,-22.243],[-44.317,-22.259],[-44.36,-22.254],[-44.341,-22.206],[-44.355,-22.193],[-44.319,-22.155],[-44.292,-22.112],[-44.261,-22.105],[-44.228,-22.076],[-44.207,-22.07],[-44.222,-22.131],[-44.181,-22.197],[-44.179,-22.229]]]}},{"type":"Feature","properties":{"codarea":"3147907"},"geometry":{"type":"Polygon","coordinates":[[[-46.614,-20.971],[-46.648,-20.934],[-46.639,-20.904],[-46.673,-20.898],[-46.672,-20.868],[-46.706,-20.841],[-46.696,-20.827],[-46.731,-20.766],[-46.727,-20.729],[-46.766,-20.674],[-46.811,-20.669],[-46.832,-20.631],[-46.842,-20.602],[-46.806,-20.56],[-46.808,-20.535],[-46.853,-20.532],[-46.863,-20.47],[-46.82,-20.462],[-46.778,-20.485],[-46.694,-20.498],[-46.657,-20.534],[-46.594,-20.567],[-46.586,-20.639],[-46.526,-20.66],[-46.468,-20.66],[-46.436,-20.691],[-46.399,-20.674],[-46.381,-20.693],[-46.406,-20.738],[-46.412,-20.806],[-46.439,-20.814],[-46.469,-20.886],[-46.504,-20.925],[-46.528,-20.931],[-46.531,-20.968],[-46.587,-20.979],[-46.614,-20.971]]]}},{"type":"Feature","properties":{"codarea":"3147956"},"geometry":{"type":"Polygon","coordinates":[[[-44.236,-16.092],[-44.206,-16.024],[-44.236,-15.98],[-44.206,-15.971],[-44.172,-15.987],[-44.127,-15.972],[-44.092,-16.017],[-44.067,-16.002],[-44.014,-16.029],[-44.012,-16.047],[-43.969,-16.087],[-43.99,-16.163],[-44.052,-16.18],[-44.055,-16.201],[-44.101,-16.191],[-44.123,-16.146],[-44.161,-16.139],[-44.236,-16.092]]]}},{"type":"Feature","properties":{"codarea":"3148004"},"geometry":{"type":"Polygon","coordinates":[[[-46.403,-18.881],[-46.439,-18.919],[-46.508,-18.917],[-46.568,-18.988],[-46.593,-19.006],[-46.619,-18.956],[-46.616,-18.924],[-46.644,-18.874],[-46.624,-18.855],[-46.667,-18.811],[-46.711,-18.803],[-46.74,-18.776],[-46.78,-18.693],[-46.777,-18.671],[-46.81,-18.651],[-46.822,-18.629],[-46.82,-18.581],[-46.802,-18.529],[-46.844,-18.525],[-46.888,-18.487],[-46.931,-18.399],[-46.961,-18.407],[-46.972,-18.348],[-46.996,-18.335],[-46.994,-18.285],[-46.974,-18.269],[-46.92,-18.264],[-46.852,-18.308],[-46.816,-18.32],[-46.786,-18.301],[-46.761,-18.309],[-46.758,-18.328],[-46.718,-18.358],[-46.68,-18.361],[-46.654,-18.405],[-46.614,-18.406],[-46.537,-18.459],[-46.468,-18.477],[-46.424,-18.514],[-46.364,-18.526],[-46.358,-18.566],[-46.339,-18.596],[-46.308,-18.557],[-46.233,-18.525],[-46.187,-18.535],[-46.138,-18.512],[-46.108,-18.515],[-46.094,-18.528],[-46.037,-18.534],[-46.007,-18.555],[-45.966,-18.531],[-45.937,-18.569],[-45.829,-18.587],[-45.833,-18.613],[-45.862,-18.64],[-45.909,-18.652],[-45.925,-18.673],[-45.988,-18.701],[-46.008,-18.694],[-46.062,-18.719],[-46.096,-18.706],[-46.15,-18.744],[-46.179,-18.721],[-46.279,-18.719],[-46.3,-18.693],[-46.314,-18.645],[-46.398,-18.625],[-46.427,-18.64],[-46.434,-18.68],[-46.494,-18.694],[-46.54,-18.73],[-46.518,-18.752],[-46.529,-18.809],[-46.503,-18.855],[-46.446,-18.86],[-46.403,-18.881]]]}},{"type":"Feature","properties":{"codarea":"3148103"},"geometry":{"type":"Polygon","coordinates":[[[-47.389,-19.128],[-47.36,-19.033],[-47.341,-19.017],[-47.34,-18.959],[-47.313,-18.932],[-47.279,-18.927],[-47.315,-18.785],[-47.278,-18.727],[-47.204,-18.761],[-47.158,-18.761],[-47.115,-18.745],[-47.075,-18.697],[-47.006,-18.697],[-46.971,-18.718],[-46.961,-18.749],[-46.887,-18.718],[-46.864,-18.729],[-46.828,-18.727],[-46.808,-18.797],[-46.788,-18.822],[-46.816,-18.864],[-46.792,-18.896],[-46.795,-18.918],[-46.75,-18.94],[-46.775,-18.958],[-46.753,-19.002],[-46.787,-19.044],[-46.776,-19.107],[-46.812,-19.158],[-46.846,-19.152],[-46.856,-19.183],[-46.957,-19.269],[-47.031,-19.236],[-47.087,-19.183],[-47.142,-19.188],[-47.22,-19.141],[-47.277,-19.147],[-47.316,-19.128],[-47.389,-19.128]]]}},{"type":"Feature","properties":{"codarea":"3148202"},"geometry":{"type":"Polygon","coordinates":[[[-42.175,-21.132],[-42.208,-21.179],[-42.203,-21.221],[-42.278,-21.201],[-42.298,-21.186],[-42.328,-21.21],[-42.299,-21.123],[-42.232,-21.134],[-42.213,-21.119],[-42.175,-21.132]]]}},{"type":"Feature","properties":{"codarea":"3148301"},"geometry":{"type":"Polygon","coordinates":[[[-43.037,-20.929],[-43.043,-20.882],[-43.081,-20.86],[-43.058,-20.827],[-43.082,-20.816],[-43.036,-20.771],[-42.997,-20.756],[-42.886,-20.825],[-42.886,-20.847],[-42.929,-20.913],[-42.943,-20.985],[-42.976,-20.962],[-42.992,-20.927],[-43.037,-20.929]]]}},{"type":"Feature","properties":{"codarea":"3148400"},"geometry":{"type":"Polygon","coordinates":[[[-42.896,-18.561],[-42.924,-18.5],[-42.915,-18.459],[-42.931,-18.439],[-42.916,-18.394],[-42.883,-18.389],[-42.869,-18.364],[-42.831,-18.361],[-42.8,-18.38],[-42.816,-18.407],[-42.809,-18.461],[-42.825,-18.53],[-42.865,-18.564],[-42.896,-18.561]]]}},{"type":"Feature","properties":{"codarea":"3148509"},"geometry":{"type":"Polygon","coordinates":[[[-41.229,-17.435],[-41.192,-17.448],[-41.159,-17.429],[-41.151,-17.402],[-41.076,-17.379],[-41.072,-17.347],[-41.033,-17.345],[-41.001,-17.361],[-40.986,-17.336],[-40.952,-17.333],[-40.958,-17.369],[-40.946,-17.405],[-40.975,-17.435],[-40.923,-17.488],[-40.957,-17.545],[-40.942,-17.576],[-40.966,-17.601],[-41.047,-17.604],[-41.061,-17.569],[-41.098,-17.56],[-41.131,-17.531],[-41.163,-17.54],[-41.255,-17.485],[-41.229,-17.435]]]}},{"type":"Feature","properties":{"codarea":"3148608"},"geometry":{"type":"Polygon","coordinates":[[[-42.718,-18.655],[-42.72,-18.647],[-42.685,-18.587],[-42.661,-18.6],[-42.595,-18.565],[-42.618,-18.44],[-42.615,-18.416],[-42.577,-18.427],[-42.571,-18.389],[-42.544,-18.344],[-42.511,-18.337],[-42.397,-18.354],[-42.385,-18.373],[-42.409,-18.482],[-42.371,-18.519],[-42.446,-18.532],[-42.42,-18.61],[-42.362,-18.646],[-42.363,-18.731],[-42.352,-18.744],[-42.474,-18.736],[-42.535,-18.725],[-42.574,-18.704],[-42.621,-18.703],[-42.633,-18.664],[-42.686,-18.667],[-42.718,-18.655]]]}},{"type":"Feature","properties":{"codarea":"3148707"},"geometry":{"type":"Polygon","coordinates":[[[-41.457,-16.047],[-41.401,-15.96],[-41.301,-15.925],[-41.275,-15.864],[-41.293,-15.845],[-41.327,-15.841],[-41.384,-15.812],[-41.343,-15.801],[-41.33,-15.743],[-41.269,-15.749],[-41.215,-15.737],[-41.142,-15.772],[-41.148,-15.801],[-41.089,-15.792],[-41.031,-15.799],[-41.01,-15.828],[-41.004,-15.863],[-40.964,-15.884],[-40.981,-15.936],[-40.963,-15.957],[-40.921,-15.975],[-40.912,-16.045],[-40.938,-16.097],[-41.048,-16.071],[-41.084,-16.082],[-41.156,-16.055],[-41.218,-16.072],[-41.22,-16.105],[-41.257,-16.151],[-41.297,-16.171],[-41.329,-16.131],[-41.365,-16.146],[-41.436,-16.097],[-41.419,-16.079],[-41.428,-16.048],[-41.457,-16.047]]]}},{"type":"Feature","properties":{"codarea":"3148756"},"geometry":{"type":"Polygon","coordinates":[[[-42.319,-20.547],[-42.379,-20.589],[-42.407,-20.577],[-42.407,-20.533],[-42.386,-20.505],[-42.434,-20.435],[-42.419,-20.414],[-42.415,-20.35],[-42.364,-20.405],[-42.345,-20.395],[-42.319,-20.547]]]}},{"type":"Feature","properties":{"codarea":"3148806"},"geometry":{"type":"Polygon","coordinates":[[[-42.724,-20.52],[-42.68,-20.531],[-42.641,-20.584],[-42.668,-20.631],[-42.698,-20.657],[-42.769,-20.668],[-42.766,-20.626],[-42.801,-20.606],[-42.779,-20.562],[-42.728,-20.54],[-42.724,-20.52]]]}},{"type":"Feature","properties":{"codarea":"3148905"},"geometry":{"type":"Polygon","coordinates":[[[-45.128,-20.333],[-45.173,-20.354],[-45.203,-20.343],[-45.234,-20.381],[-45.253,-20.385],[-45.286,-20.359],[-45.321,-20.351],[-45.337,-20.334],[-45.329,-20.313],[-45.351,-20.269],[-45.308,-20.227],[-45.249,-20.203],[-45.193,-20.237],[-45.154,-20.181],[-45.118,-20.258],[-45.114,-20.331],[-45.128,-20.333]]]}},{"type":"Feature","properties":{"codarea":"3149002"},"geometry":{"type":"Polygon","coordinates":[[[-42.172,-20.786],[-42.102,-20.805],[-42.097,-20.838],[-42.171,-20.854],[-42.187,-20.87],[-42.21,-20.854],[-42.21,-20.822],[-42.172,-20.786]]]}},{"type":"Feature","properties":{"codarea":"3149101"},"geometry":{"type":"Polygon","coordinates":[[[-45.45,-22.326],[-45.525,-22.303],[-45.556,-22.247],[-45.518,-22.217],[-45.508,-22.192],[-45.463,-22.194],[-45.394,-22.168],[-45.367,-22.222],[-45.374,-22.27],[-45.416,-22.318],[-45.45,-22.326]]]}},{"type":"Feature","properties":{"codarea":"3149150"},"geometry":{"type":"Polygon","coordinates":[[[-44.136,-15.26],[-44.116,-15.276],[-44.127,-15.319],[-44.154,-15.358],[-44.139,-15.393],[-44.107,-15.431],[-44.046,-15.448],[-44.03,-15.487],[-44.055,-15.473],[-44.093,-15.547],[-44.096,-15.581],[-44.118,-15.615],[-44.12,-15.666],[-44.167,-15.648],[-44.191,-15.68],[-44.233,-15.676],[-44.248,-15.727],[-44.278,-15.744],[-44.302,-15.788],[-44.291,-15.833],[-44.344,-15.824],[-44.369,-15.785],[-44.427,-15.805],[-44.439,-15.851],[-44.49,-15.8],[-44.543,-15.785],[-44.556,-15.796],[-44.563,-15.855],[-44.577,-15.879],[-44.614,-15.835],[-44.653,-15.826],[-44.683,-15.776],[-44.583,-15.703],[-44.533,-15.689],[-44.485,-15.637],[-44.389,-15.593],[-44.371,-15.556],[-44.373,-15.516],[-44.354,-15.488],[-44.294,-15.476],[-44.234,-15.401],[-44.192,-15.398],[-44.15,-15.32],[-44.136,-15.26]]]}},{"type":"Feature","properties":{"codarea":"3149200"},"geometry":{"type":"Polygon","coordinates":[[[-47.441,-19.139],[-47.4,-19.2],[-47.387,-19.24],[-47.405,-19.274],[-47.533,-19.269],[-47.579,-19.223],[-47.64,-19.197],[-47.644,-19.16],[-47.618,-19.151],[-47.558,-19.098],[-47.47,-19.119],[-47.441,-19.139]]]}},{"type":"Feature","properties":{"codarea":"3149309"},"geometry":{"type":"Polygon","coordinates":[[[-44.133,-19.709],[-44.157,-19.679],[-44.195,-19.663],[-44.177,-19.66],[-44.13,-19.621],[-44.099,-19.615],[-44.049,-19.562],[-43.988,-19.54],[-43.984,-19.515],[-43.95,-19.487],[-43.921,-19.513],[-43.922,-19.536],[-43.96,-19.54],[-43.972,-19.598],[-43.992,-19.601],[-44.005,-19.656],[-44.039,-19.681],[-44.036,-19.706],[-44.007,-19.722],[-44.006,-19.737],[-44.041,-19.773],[-44.066,-19.745],[-44.104,-19.738],[-44.133,-19.709]]]}},{"type":"Feature","properties":{"codarea":"3149408"},"geometry":{"type":"Polygon","coordinates":[[[-43.789,-21.713],[-43.771,-21.666],[-43.716,-21.67],[-43.679,-21.712],[-43.668,-21.75],[-43.695,-21.761],[-43.714,-21.805],[-43.789,-21.713]]]}},{"type":"Feature","properties":{"codarea":"3149507"},"geometry":{"type":"Polygon","coordinates":[[[-43.076,-21.799],[-43.061,-21.823],[-43.124,-21.858],[-43.134,-21.883],[-43.189,-21.855],[-43.157,-21.827],[-43.171,-21.759],[-43.103,-21.803],[-43.076,-21.799]]]}},{"type":"Feature","properties":{"codarea":"3149606"},"geometry":{"type":"Polygon","coordinates":[[[-44.725,-19.614],[-44.722,-19.57],[-44.683,-19.553],[-44.651,-19.556],[-44.607,-19.527],[-44.558,-19.537],[-44.57,-19.562],[-44.546,-19.586],[-44.641,-19.712],[-44.666,-19.659],[-44.699,-19.644],[-44.725,-19.614]]]}},{"type":"Feature","properties":{"codarea":"3149705"},"geometry":{"type":"Polygon","coordinates":[[[-45.047,-20.012],[-45.068,-19.999],[-45.108,-20.011],[-45.143,-19.978],[-45.152,-19.945],[-45.116,-19.893],[-45.101,-19.852],[-45.124,-19.831],[-45.08,-19.831],[-45.069,-19.864],[-45.032,-19.871],[-44.998,-19.919],[-44.965,-19.935],[-44.955,-19.963],[-44.986,-20.009],[-45.047,-20.012]]]}},{"type":"Feature","properties":{"codarea":"3149804"},"geometry":{"type":"Polygon","coordinates":[[[-46.957,-19.269],[-46.927,-19.289],[-46.898,-19.271],[-46.837,-19.303],[-46.858,-19.469],[-46.906,-19.482],[-46.931,-19.478],[-46.942,-19.445],[-46.991,-19.432],[-47.017,-19.444],[-47.01,-19.487],[-47.079,-19.562],[-47.119,-19.558],[-47.138,-19.536],[-47.168,-19.546],[-47.206,-19.589],[-47.234,-19.642],[-47.264,-19.658],[-47.285,-19.689],[-47.335,-19.713],[-47.352,-19.738],[-47.398,-19.733],[-47.451,-19.65],[-47.467,-19.561],[-47.426,-19.555],[-47.365,-19.437],[-47.363,-19.417],[-47.383,-19.354],[-47.408,-19.352],[-47.405,-19.274],[-47.387,-19.24],[-47.4,-19.2],[-47.441,-19.139],[-47.389,-19.128],[-47.316,-19.128],[-47.277,-19.147],[-47.22,-19.141],[-47.142,-19.188],[-47.087,-19.183],[-47.031,-19.236],[-46.957,-19.269]]]}},{"type":"Feature","properties":{"codarea":"3149903"},"geometry":{"type":"Polygon","coordinates":[[[-44.976,-21.028],[-44.937,-21.075],[-44.95,-21.109],[-44.993,-21.134],[-45.045,-21.145],[-45.042,-21.103],[-45.103,-21.129],[-45.129,-21.169],[-45.16,-21.145],[-45.153,-21.128],[-45.189,-21.088],[-45.161,-21.081],[-45.156,-21.045],[-45.103,-21.027],[-45.092,-20.951],[-45.075,-20.94],[-45.062,-20.963],[-45.051,-21.04],[-44.999,-21.042],[-44.976,-21.028]]]}},{"type":"Feature","properties":{"codarea":"3149952"},"geometry":{"type":"Polygon","coordinates":[[[-42.232,-19.156],[-42.254,-19.187],[-42.26,-19.153],[-42.35,-19.112],[-42.35,-19.092],[-42.295,-19.084],[-42.208,-18.984],[-42.136,-19.036],[-42.133,-19.059],[-42.178,-19.121],[-42.232,-19.156]]]}},{"type":"Feature","properties":{"codarea":"3150000"},"geometry":{"type":"Polygon","coordinates":[[[-41.583,-18.26],[-41.528,-18.252],[-41.453,-18.262],[-41.419,-18.282],[-41.43,-18.31],[-41.486,-18.352],[-41.519,-18.365],[-41.563,-18.405],[-41.629,-18.433],[-41.685,-18.388],[-41.691,-18.357],[-41.647,-18.301],[-41.579,-18.275],[-41.583,-18.26]]]}},{"type":"Feature","properties":{"codarea":"3150109"},"geometry":{"type":"Polygon","coordinates":[[[-43.301,-21.432],[-43.261,-21.439],[-43.202,-21.471],[-43.257,-21.506],[-43.263,-21.545],[-43.336,-21.561],[-43.358,-21.588],[-43.388,-21.547],[-43.419,-21.531],[-43.408,-21.509],[-43.345,-21.451],[-43.301,-21.432]]]}},{"type":"Feature","properties":{"codarea":"3150158"},"geometry":{"type":"Polygon","coordinates":[[[-42.018,-19.709],[-41.998,-19.777],[-42.006,-19.816],[-42.047,-19.838],[-42.059,-19.792],[-42.09,-19.777],[-42.096,-19.739],[-42.067,-19.689],[-42.018,-19.709]]]}},{"type":"Feature","properties":{"codarea":"3150208"},"geometry":{"type":"Polygon","coordinates":[[[-42.763,-20.269],[-42.776,-20.23],[-42.723,-20.191],[-42.677,-20.208],[-42.692,-20.232],[-42.665,-20.268],[-42.678,-20.291],[-42.763,-20.269]]]}},{"type":"Feature","properties":{"codarea":"3150307"},"geometry":{"type":"Polygon","coordinates":[[[-44.221,-21.567],[-44.243,-21.486],[-44.27,-21.489],[-44.276,-21.45],[-44.205,-21.431],[-44.199,-21.391],[-44.143,-21.386],[-44.089,-21.435],[-44.051,-21.451],[-44.055,-21.517],[-44.085,-21.544],[-44.105,-21.581],[-44.134,-21.57],[-44.164,-21.589],[-44.188,-21.564],[-44.221,-21.567]]]}},{"type":"Feature","properties":{"codarea":"3150406"},"geometry":{"type":"Polygon","coordinates":[[[-44.159,-20.511],[-44.18,-20.523],[-44.215,-20.517],[-44.304,-20.553],[-44.316,-20.585],[-44.344,-20.532],[-44.348,-20.497],[-44.33,-20.46],[-44.278,-20.424],[-44.255,-20.393],[-44.181,-20.387],[-44.152,-20.422],[-44.145,-20.464],[-44.174,-20.493],[-44.159,-20.511]]]}},{"type":"Feature","properties":{"codarea":"3150505"},"geometry":{"type":"Polygon","coordinates":[[[-45.832,-20.667],[-45.877,-20.65],[-45.928,-20.604],[-45.968,-20.588],[-45.922,-20.538],[-45.89,-20.541],[-45.889,-20.455],[-45.836,-20.425],[-45.835,-20.358],[-45.786,-20.423],[-45.745,-20.439],[-45.75,-20.467],[-45.716,-20.508],[-45.74,-20.532],[-45.756,-20.574],[-45.784,-20.589],[-45.799,-20.629],[-45.832,-20.667]]]}},{"type":"Feature","properties":{"codarea":"3150539"},"geometry":{"type":"Polygon","coordinates":[[[-42.474,-19.773],[-42.484,-19.727],[-42.445,-19.708],[-42.407,-19.724],[-42.364,-19.725],[-42.363,-19.76],[-42.382,-19.777],[-42.44,-19.76],[-42.474,-19.773]]]}},{"type":"Feature","properties":{"codarea":"3150570"},"geometry":{"type":"Polygon","coordinates":[[[-45.08,-16.122],[-45.101,-16.151],[-45.184,-16.171],[-45.17,-16.204],[-45.233,-16.265],[-45.317,-16.269],[-45.362,-16.223],[-45.362,-16.152],[-45.394,-16.124],[-45.367,-16.087],[-45.386,-16.046],[-45.421,-16.017],[-45.438,-15.982],[-45.415,-15.927],[-45.366,-15.889],[-45.309,-15.9],[-45.265,-15.863],[-45.226,-15.844],[-45.194,-15.852],[-45.144,-15.9],[-45.126,-15.95],[-45.091,-15.983],[-45.047,-15.986],[-45.041,-16.008],[-45.067,-16.061],[-45.08,-16.122]]]}},{"type":"Feature","properties":{"codarea":"3150604"},"geometry":{"type":"Polygon","coordinates":[[[-44.544,-20.516],[-44.543,-20.483],[-44.463,-20.441],[-44.407,-20.427],[-44.348,-20.497],[-44.344,-20.532],[-44.316,-20.585],[-44.334,-20.615],[-44.395,-20.599],[-44.407,-20.57],[-44.469,-20.587],[-44.506,-20.545],[-44.544,-20.516]]]}},{"type":"Feature","properties":{"codarea":"3150703"},"geometry":{"type":"Polygon","coordinates":[[[-48.735,-20.012],[-48.758,-19.994],[-48.777,-19.884],[-48.772,-19.846],[-48.741,-19.849],[-48.721,-19.878],[-48.64,-19.875],[-48.601,-19.86],[-48.544,-19.89],[-48.564,-19.972],[-48.556,-20.0],[-48.603,-20.04],[-48.669,-20.026],[-48.693,-19.974],[-48.735,-20.012]]]}},{"type":"Feature","properties":{"codarea":"3150802"},"geometry":{"type":"Polygon","coordinates":[[[-43.163,-20.724],[-43.215,-20.715],[-43.249,-20.727],[-43.277,-20.754],[-43.291,-20.738],[-43.411,-20.751],[-43.448,-20.692],[-43.436,-20.659],[-43.459,-20.632],[-43.443,-20.623],[-43.403,-20.547],[-43.367,-20.549],[-43.291,-20.497],[-43.261,-20.518],[-43.25,-20.548],[-43.157,-20.512],[-43.138,-20.562],[-43.187,-20.586],[-43.164,-20.66],[-43.163,-20.724]]]}},{"type":"Feature","properties":{"codarea":"3150901"},"geometry":{"type":"Polygon","coordinates":[[[-45.43,-22.54],[-45.48,-22.59],[-45.489,-22.629],[-45.525,-22.647],[-45.58,-22.653],[-45.56,-22.628],[-45.577,-22.602],[-45.583,-22.534],[-45.551,-22.484],[-45.524,-22.46],[-45.43,-22.514],[-45.43,-22.54]]]}},{"type":"Feature","properties":{"codarea":"3151008"},"geometry":{"type":"Polygon","coordinates":[[[-45.672,-22.337],[-45.66,-22.278],[-45.596,-22.3],[-45.546,-22.369],[-45.512,-22.373],[-45.529,-22.388],[-45.516,-22.437],[-45.524,-22.46],[-45.551,-22.484],[-45.55,-22.432],[-45.578,-22.427],[-45.57,-22.393],[-45.628,-22.348],[-45.672,-22.337]]]}},{"type":"Feature","properties":{"codarea":"3151107"},"geometry":{"type":"Polygon","coordinates":[[[-42.267,-21.715],[-42.334,-21.746],[-42.378,-21.748],[-42.423,-21.74],[-42.435,-21.696],[-42.435,-21.646],[-42.411,-21.602],[-42.405,-21.576],[-42.353,-21.592],[-42.365,-21.646],[-42.34,-21.66],[-42.302,-21.655],[-42.273,-21.678],[-42.267,-21.715]]]}},{"type":"Feature","properties":{"codarea":"3151206"},"geometry":{"type":"Polygon","coordinates":[[[-44.83,-17.204],[-44.816,-17.254],[-44.77,-17.286],[-44.794,-17.317],[-44.781,-17.402],[-44.756,-17.41],[-44.748,-17.468],[-44.774,-17.464],[-44.823,-17.497],[-44.88,-17.52],[-44.9,-17.555],[-44.957,-17.549],[-44.987,-17.519],[-44.953,-17.468],[-44.937,-17.392],[-44.956,-17.349],[-44.931,-17.309],[-44.923,-17.266],[-44.895,-17.27],[-44.83,-17.204]]]}},{"type":"Feature","properties":{"codarea":"3151305"},"geometry":{"type":"Polygon","coordinates":[[[-43.073,-21.291],[-43.103,-21.265],[-43.119,-21.218],[-43.104,-21.201],[-43.075,-21.218],[-43.024,-21.206],[-42.955,-21.265],[-42.926,-21.303],[-42.962,-21.314],[-43.007,-21.307],[-43.046,-21.316],[-43.073,-21.291]]]}},{"type":"Feature","properties":{"codarea":"3151404"},"geometry":{"type":"Polygon","coordinates":[[[-44.948,-19.689],[-44.972,-19.675],[-44.983,-19.608],[-45.007,-19.563],[-45.012,-19.476],[-44.993,-19.442],[-44.978,-19.456],[-44.925,-19.45],[-44.917,-19.475],[-44.836,-19.489],[-44.811,-19.535],[-44.776,-19.541],[-44.751,-19.569],[-44.755,-19.606],[-44.768,-19.627],[-44.75,-19.666],[-44.815,-19.664],[-44.814,-19.707],[-44.839,-19.735],[-44.877,-19.71],[-44.892,-19.72],[-44.948,-19.689]]]}},{"type":"Feature","properties":{"codarea":"3151503"},"geometry":{"type":"Polygon","coordinates":[[[-45.968,-20.588],[-45.989,-20.558],[-46.059,-20.555],[-46.103,-20.532],[-46.148,-20.569],[-46.197,-20.542],[-46.222,-20.506],[-46.21,-20.445],[-46.256,-20.461],[-46.288,-20.433],[-46.267,-20.417],[-46.266,-20.382],[-46.224,-20.367],[-46.215,-20.338],[-46.177,-20.344],[-46.08,-20.339],[-46.037,-20.356],[-46.012,-20.337],[-45.924,-20.341],[-45.904,-20.329],[-45.834,-20.352],[-45.836,-20.425],[-45.889,-20.455],[-45.89,-20.541],[-45.922,-20.538],[-45.968,-20.588]]]}},{"type":"Feature","properties":{"codarea":"3151602"},"geometry":{"type":"Polygon","coordinates":[[[-48.735,-20.012],[-48.693,-19.974],[-48.669,-20.026],[-48.603,-20.04],[-48.556,-20.0],[-48.529,-20.069],[-48.537,-20.134],[-48.593,-20.136],[-48.647,-20.167],[-48.73,-20.15],[-48.743,-20.118],[-48.73,-20.031],[-48.735,-20.012]]]}},{"type":"Feature","properties":{"codarea":"3151701"},"geometry":{"type":"Polygon","coordinates":[[[-46.032,-21.886],[-46.062,-21.876],[-46.125,-21.821],[-46.144,-21.768],[-46.102,-21.742],[-46.108,-21.705],[-46.06,-21.723],[-46.023,-21.718],[-45.986,-21.696],[-45.928,-21.721],[-45.897,-21.777],[-45.849,-21.809],[-45.875,-21.848],[-45.859,-21.894],[-45.925,-21.918],[-45.961,-21.917],[-45.983,-21.887],[-46.032,-21.886]]]}},{"type":"Feature","properties":{"codarea":"3151800"},"geometry":{"type":"Polygon","coordinates":[[[-46.422,-21.733],[-46.399,-21.759],[-46.422,-21.796],[-46.465,-21.806],[-46.491,-21.848],[-46.528,-21.876],[-46.525,-21.925],[-46.565,-21.933],[-46.603,-21.959],[-46.618,-21.995],[-46.643,-21.977],[-46.674,-21.911],[-46.648,-21.881],[-46.666,-21.848],[-46.691,-21.838],[-46.631,-21.769],[-46.614,-21.677],[-46.565,-21.679],[-46.555,-21.653],[-46.526,-21.648],[-46.526,-21.686],[-46.462,-21.714],[-46.462,-21.757],[-46.422,-21.733]]]}},{"type":"Feature","properties":{"codarea":"3151909"},"geometry":{"type":"Polygon","coordinates":[[[-41.68,-19.69],[-41.695,-19.644],[-41.752,-19.595],[-41.721,-19.582],[-41.653,-19.533],[-41.664,-19.455],[-41.638,-19.418],[-41.586,-19.443],[-41.536,-19.488],[-41.51,-19.494],[-41.482,-19.52],[-41.462,-19.513],[-41.382,-19.588],[-41.364,-19.632],[-41.428,-19.693],[-41.495,-19.697],[-41.641,-19.667],[-41.68,-19.69]]]}},{"type":"Feature","properties":{"codarea":"3152006"},"geometry":{"type":"Polygon","coordinates":[[[-45.139,-19.21],[-45.096,-19.151],[-45.106,-19.111],[-45.081,-19.09],[-45.119,-19.057],[-45.109,-18.965],[-45.125,-18.938],[-45.123,-18.893],[-45.168,-18.891],[-45.184,-18.876],[-45.163,-18.858],[-45.186,-18.809],[-45.16,-18.808],[-45.133,-18.838],[-45.067,-18.847],[-45.056,-18.822],[-44.986,-18.823],[-44.891,-18.862],[-44.871,-18.844],[-44.78,-18.873],[-44.787,-18.989],[-44.751,-18.986],[-44.736,-19.016],[-44.683,-19.058],[-44.71,-19.11],[-44.678,-19.141],[-44.671,-19.166],[-44.694,-19.206],[-44.752,-19.355],[-44.796,-19.377],[-44.817,-19.434],[-44.877,-19.478],[-44.917,-19.475],[-44.925,-19.45],[-44.978,-19.456],[-45.038,-19.409],[-45.06,-19.372],[-45.062,-19.311],[-45.13,-19.278],[-45.139,-19.21]]]}},{"type":"Feature","properties":{"codarea":"3152105"},"geometry":{"type":"Polygon","coordinates":[[[-42.841,-20.488],[-42.869,-20.531],[-42.87,-20.561],[-42.882,-20.569],[-42.928,-20.527],[-42.974,-20.509],[-42.994,-20.467],[-43.036,-20.449],[-43.015,-20.373],[-43.034,-20.343],[-43.011,-20.325],[-42.968,-20.339],[-42.954,-20.32],[-42.953,-20.273],[-42.915,-20.276],[-42.888,-20.3],[-42.898,-20.327],[-42.867,-20.337],[-42.807,-20.318],[-42.787,-20.366],[-42.804,-20.363],[-42.841,-20.488]]]}},{"type":"Feature","properties":{"codarea":"3152131"},"geometry":{"type":"Polygon","coordinates":[[[-45.105,-16.565],[-45.117,-16.513],[-45.115,-16.481],[-45.067,-16.472],[-45.034,-16.453],[-45.019,-16.48],[-44.962,-16.493],[-44.951,-16.508],[-44.972,-16.549],[-44.943,-16.577],[-44.891,-16.6],[-44.799,-16.531],[-44.798,-16.59],[-44.827,-16.609],[-44.811,-16.649],[-44.854,-16.698],[-44.886,-16.721],[-44.938,-16.726],[-44.981,-16.753],[-45.02,-16.754],[-45.002,-16.726],[-45.01,-16.7],[-45.057,-16.688],[-45.078,-16.669],[-45.073,-16.625],[-45.105,-16.565]]]}},{"type":"Feature","properties":{"codarea":"3152170"},"geometry":{"type":"Polygon","coordinates":[[[-41.627,-16.945],[-41.648,-16.924],[-41.693,-16.911],[-41.711,-16.889],[-41.743,-16.899],[-41.757,-16.865],[-41.679,-16.807],[-41.653,-16.801],[-41.649,-16.765],[-41.604,-16.699],[-41.557,-16.73],[-41.499,-16.709],[-41.465,-16.724],[-41.452,-16.679],[-41.421,-16.672],[-41.355,-16.624],[-41.324,-16.629],[-41.311,-16.666],[-41.286,-16.673],[-41.301,-16.727],[-41.292,-16.748],[-41.319,-16.749],[-41.327,-16.779],[-41.301,-16.819],[-41.37,-16.883],[-41.356,-16.925],[-41.327,-16.939],[-41.326,-16.978],[-41.276,-17.006],[-41.278,-17.032],[-41.324,-17.06],[-41.385,-17.05],[-41.4,-17.032],[-41.442,-17.034],[-41.455,-16.946],[-41.487,-16.924],[-41.534,-16.949],[-41.556,-16.918],[-41.596,-16.919],[-41.627,-16.945]]]}},{"type":"Feature","properties":{"codarea":"3152204"},"geometry":{"type":"Polygon","coordinates":[[[-42.912,-15.495],[-42.882,-15.523],[-42.835,-15.535],[-42.813,-15.558],[-42.777,-15.729],[-42.826,-15.736],[-42.878,-15.687],[-42.942,-15.816],[-43.018,-15.806],[-43.041,-15.812],[-43.057,-15.857],[-43.093,-15.837],[-43.114,-15.847],[-43.09,-15.892],[-43.095,-15.933],[-43.145,-16.037],[-43.128,-16.089],[-43.128,-16.134],[-43.153,-16.136],[-43.19,-16.11],[-43.183,-16.083],[-43.195,-16.047],[-43.231,-16.042],[-43.215,-15.977],[-43.226,-15.934],[-43.208,-15.91],[-43.204,-15.873],[-43.216,-15.83],[-43.262,-15.829],[-43.232,-15.742],[-43.235,-15.701],[-43.273,-15.654],[-43.277,-15.606],[-43.279,-15.526],[-43.254,-15.479],[-43.294,-15.413],[-43.29,-15.393],[-43.312,-15.327],[-43.262,-15.331],[-43.252,-15.376],[-43.255,-15.429],[-43.235,-15.504],[-43.183,-15.553],[-43.189,-15.575],[-43.129,-15.611],[-43.066,-15.607],[-43.022,-15.541],[-42.974,-15.521],[-42.915,-15.513],[-42.912,-15.495]]]}},{"type":"Feature","properties":{"codarea":"3152303"},"geometry":{"type":"Polygon","coordinates":[[[-43.163,-20.724],[-43.164,-20.66],[-43.187,-20.586],[-43.138,-20.562],[-43.117,-20.601],[-43.08,-20.581],[-43.06,-20.598],[-43.02,-20.6],[-43.02,-20.655],[-42.973,-20.658],[-42.967,-20.678],[-43.002,-20.708],[-42.997,-20.756],[-43.036,-20.771],[-43.069,-20.727],[-43.1,-20.708],[-43.163,-20.724]]]}},{"type":"Feature","properties":{"codarea":"3152402"},"geometry":{"type":"Polygon","coordinates":[[[-41.918,-17.853],[-41.92,-17.769],[-41.95,-17.776],[-41.99,-17.756],[-41.862,-17.738],[-41.84,-17.749],[-41.786,-17.726],[-41.75,-17.723],[-41.671,-17.684],[-41.633,-17.678],[-41.646,-17.716],[-41.672,-17.736],[-41.647,-17.794],[-41.603,-17.804],[-41.636,-17.845],[-41.635,-17.882],[-41.666,-17.913],[-41.762,-17.915],[-41.799,-17.94],[-41.84,-17.932],[-41.876,-17.894],[-41.872,-17.86],[-41.918,-17.853]]]}},{"type":"Feature","properties":{"codarea":"3152501"},"geometry":{"type":"Polygon","coordinates":[[[-45.919,-22.408],[-45.947,-22.415],[-46.007,-22.406],[-46.038,-22.361],[-46.041,-22.315],[-46.064,-22.278],[-46.044,-22.231],[-45.995,-22.207],[-45.989,-22.168],[-45.96,-22.127],[-45.904,-22.11],[-45.817,-22.116],[-45.876,-22.213],[-45.854,-22.236],[-45.842,-22.284],[-45.855,-22.322],[-45.851,-22.354],[-45.892,-22.374],[-45.919,-22.408]]]}},{"type":"Feature","properties":{"codarea":"3152600"},"geometry":{"type":"Polygon","coordinates":[[[-45.044,-22.149],[-44.999,-22.151],[-45.007,-22.112],[-44.993,-22.092],[-44.94,-22.077],[-44.871,-22.13],[-44.871,-22.149],[-44.817,-22.192],[-44.853,-22.211],[-44.886,-22.264],[-44.935,-22.254],[-44.979,-22.277],[-44.971,-22.218],[-45.016,-22.2],[-45.044,-22.149]]]}},{"type":"Feature","properties":{"codarea":"3152709"},"geometry":{"type":"Polygon","coordinates":[[[-44.143,-21.073],[-44.134,-21.023],[-44.085,-20.996],[-44.034,-21.004],[-43.995,-20.989],[-43.964,-21.042],[-43.987,-21.058],[-44.025,-21.045],[-44.044,-21.092],[-44.045,-21.158],[-44.013,-21.161],[-44.002,-21.221],[-44.023,-21.242],[-44.121,-21.179],[-44.092,-21.163],[-44.101,-21.121],[-44.142,-21.097],[-44.143,-21.073]]]}},{"type":"Feature","properties":{"codarea":"3152808"},"geometry":{"type":"Polygon","coordinates":[[[-48.399,-19.41],[-48.417,-19.46],[-48.409,-19.483],[-48.444,-19.516],[-48.495,-19.529],[-48.515,-19.52],[-48.546,-19.543],[-48.592,-19.551],[-48.605,-19.538],[-48.69,-19.534],[-48.749,-19.555],[-48.745,-19.6],[-48.793,-19.604],[-48.844,-19.59],[-48.862,-19.619],[-48.907,-19.583],[-48.96,-19.574],[-49.033,-19.582],[-49.084,-19.578],[-49.099,-19.598],[-49.163,-19.604],[-49.283,-19.551],[-49.296,-19.539],[-49.365,-19.539],[-49.357,-19.491],[-49.303,-19.445],[-49.307,-19.418],[-49.348,-19.397],[-49.363,-19.359],[-49.35,-19.32],[-49.422,-19.263],[-49.377,-19.159],[-49.377,-19.125],[-49.315,-19.125],[-49.306,-19.138],[-49.249,-19.136],[-49.227,-19.122],[-49.228,-19.078],[-49.196,-19.057],[-49.229,-18.99],[-49.226,-18.936],[-49.152,-18.944],[-49.142,-18.959],[-49.075,-18.979],[-49.063,-19.002],[-48.998,-19.051],[-48.824,-19.103],[-48.725,-19.181],[-48.672,-19.189],[-48.645,-19.209],[-48.573,-19.229],[-48.465,-19.328],[-48.476,-19.346],[-48.44,-19.391],[-48.399,-19.41]]]}},{"type":"Feature","properties":{"codarea":"3152907"},"geometry":{"type":"Polygon","coordinates":[[[-46.841,-20.681],[-46.794,-20.751],[-46.803,-20.784],[-46.747,-20.833],[-46.764,-20.85],[-46.809,-20.812],[-46.837,-20.821],[-46.875,-20.886],[-46.92,-20.823],[-46.963,-20.793],[-46.937,-20.758],[-46.901,-20.73],[-46.848,-20.711],[-46.841,-20.681]]]}},{"type":"Feature","properties":{"codarea":"3153004"},"geometry":{"type":"Polygon","coordinates":[[[-46.226,-19.796],[-46.243,-19.785],[-46.322,-19.816],[-46.311,-19.863],[-46.359,-19.875],[-46.425,-19.867],[-46.457,-19.884],[-46.516,-19.859],[-46.495,-19.825],[-46.51,-19.796],[-46.547,-19.772],[-46.544,-19.733],[-46.571,-19.681],[-46.545,-19.665],[-46.511,-19.671],[-46.48,-19.655],[-46.449,-19.668],[-46.424,-19.698],[-46.399,-19.668],[-46.364,-19.674],[-46.354,-19.644],[-46.328,-19.642],[-46.299,-19.683],[-46.244,-19.708],[-46.242,-19.759],[-46.226,-19.796]]]}},{"type":"Feature","properties":{"codarea":"3153103"},"geometry":{"type":"Polygon","coordinates":[[[-43.266,-20.803],[-43.277,-20.754],[-43.249,-20.727],[-43.215,-20.715],[-43.163,-20.724],[-43.1,-20.708],[-43.069,-20.727],[-43.036,-20.771],[-43.082,-20.816],[-43.147,-20.848],[-43.154,-20.816],[-43.217,-20.794],[-43.266,-20.803]]]}},{"type":"Feature","properties":{"codarea":"3153202"},"geometry":{"type":"Polygon","coordinates":[[[-44.157,-18.767],[-44.169,-18.713],[-44.192,-18.684],[-44.194,-18.634],[-44.22,-18.582],[-44.182,-18.567],[-44.179,-18.506],[-44.131,-18.507],[-44.139,-18.544],[-44.078,-18.558],[-44.069,-18.567],[-44.048,-18.647],[-43.999,-18.668],[-43.971,-18.738],[-43.969,-18.787],[-43.952,-18.822],[-43.965,-18.872],[-43.992,-18.908],[-44.03,-18.903],[-44.058,-18.885],[-44.075,-18.915],[-44.114,-18.908],[-44.133,-18.88],[-44.113,-18.864],[-44.142,-18.829],[-44.157,-18.767]]]}},{"type":"Feature","properties":{"codarea":"3153301"},"geometry":{"type":"Polygon","coordinates":[[[-43.678,-18.645],[-43.652,-18.631],[-43.601,-18.553],[-43.599,-18.533],[-43.552,-18.59],[-43.523,-18.599],[-43.507,-18.634],[-43.511,-18.662],[-43.491,-18.718],[-43.564,-18.704],[-43.612,-18.672],[-43.654,-18.666],[-43.678,-18.645]]]}},{"type":"Feature","properties":{"codarea":"3153400"},"geometry":{"type":"Polygon","coordinates":[[[-46.761,-18.309],[-46.692,-18.29],[-46.64,-18.299],[-46.6,-18.266],[-46.595,-18.219],[-46.578,-18.183],[-46.546,-18.176],[-46.545,-18.111],[-46.553,-18.067],[-46.595,-18.01],[-46.57,-18.006],[-46.572,-17.967],[-46.514,-17.993],[-46.446,-17.953],[-46.425,-17.951],[-46.388,-17.91],[-46.407,-17.874],[-46.401,-17.843],[-46.361,-17.845],[-46.349,-17.82],[-46.359,-17.774],[-46.329,-17.736],[-46.329,-17.766],[-46.307,-17.787],[-46.288,-17.858],[-46.263,-17.892],[-46.275,-18.015],[-46.242,-18.058],[-46.115,-18.08],[-46.078,-18.102],[-46.073,-18.137],[-46.004,-18.213],[-46.007,-18.266],[-46.021,-18.286],[-46.007,-18.323],[-46.038,-18.387],[-46.093,-18.425],[-46.108,-18.515],[-46.138,-18.512],[-46.187,-18.535],[-46.233,-18.525],[-46.308,-18.557],[-46.339,-18.596],[-46.358,-18.566],[-46.364,-18.526],[-46.424,-18.514],[-46.468,-18.477],[-46.537,-18.459],[-46.614,-18.406],[-46.654,-18.405],[-46.68,-18.361],[-46.718,-18.358],[-46.758,-18.328],[-46.761,-18.309]]]}},{"type":"Feature","properties":{"codarea":"3153509"},"geometry":{"type":"Polygon","coordinates":[[[-42.059,-20.499],[-42.024,-20.474],[-42.006,-20.441],[-42.013,-20.41],[-41.943,-20.385],[-41.907,-20.387],[-41.859,-20.373],[-41.837,-20.409],[-41.873,-20.418],[-41.962,-20.505],[-41.987,-20.482],[-42.022,-20.499],[-42.059,-20.499]]]}},{"type":"Feature","properties":{"codarea":"3153608"},"geometry":{"type":"Polygon","coordinates":[[[-44.128,-19.433],[-44.122,-19.412],[-44.044,-19.402],[-44.044,-19.462],[-44.082,-19.47],[-44.109,-19.521],[-44.171,-19.537],[-44.181,-19.524],[-44.17,-19.473],[-44.147,-19.427],[-44.128,-19.433]]]}},{"type":"Feature","properties":{"codarea":"3153707"},"geometry":{"type":"Polygon","coordinates":[[[-45.335,-19.317],[-45.339,-19.345],[-45.366,-19.351],[-45.466,-19.322],[-45.502,-19.356],[-45.624,-19.356],[-45.661,-19.31],[-45.713,-19.314],[-45.735,-19.306],[-45.752,-19.271],[-45.782,-19.268],[-45.817,-19.342],[-45.852,-19.325],[-45.81,-19.242],[-45.804,-19.196],[-45.784,-19.157],[-45.77,-19.175],[-45.775,-19.215],[-45.73,-19.227],[-45.698,-19.209],[-45.65,-19.201],[-45.628,-19.228],[-45.581,-19.223],[-45.533,-19.198],[-45.502,-19.22],[-45.517,-19.255],[-45.453,-19.256],[-45.403,-19.269],[-45.393,-19.295],[-45.335,-19.317]]]}},{"type":"Feature","properties":{"codarea":"3153806"},"geometry":{"type":"Polygon","coordinates":[[[-43.957,-20.759],[-43.971,-20.731],[-43.945,-20.676],[-43.924,-20.659],[-43.875,-20.677],[-43.827,-20.733],[-43.819,-20.773],[-43.894,-20.804],[-43.898,-20.767],[-43.957,-20.759]]]}},{"type":"Feature","properties":{"codarea":"3153905"},"geometry":{"type":"Polygon","coordinates":[[[-43.834,-19.927],[-43.833,-19.936],[-43.723,-19.967],[-43.734,-20.001],[-43.783,-20.029],[-43.798,-20.025],[-43.839,-19.957],[-43.834,-19.927]]]}},{"type":"Feature","properties":{"codarea":"3154002"},"geometry":{"type":"Polygon","coordinates":[[[-42.552,-19.886],[-42.509,-19.907],[-42.459,-19.901],[-42.431,-19.853],[-42.37,-19.86],[-42.353,-19.929],[-42.299,-19.937],[-42.189,-19.922],[-42.169,-19.938],[-42.163,-19.99],[-42.197,-20.003],[-42.25,-19.983],[-42.264,-20.0],[-42.311,-20.008],[-42.324,-20.053],[-42.284,-20.078],[-42.248,-20.084],[-42.311,-20.143],[-42.356,-20.14],[-42.381,-20.122],[-42.42,-20.144],[-42.44,-20.186],[-42.496,-20.195],[-42.478,-20.156],[-42.524,-20.137],[-42.529,-20.08],[-42.503,-20.052],[-42.502,-19.967],[-42.537,-19.953],[-42.535,-19.922],[-42.552,-19.886]]]}},{"type":"Feature","properties":{"codarea":"3154101"},"geometry":{"type":"Polygon","coordinates":[[[-42.453,-21.438],[-42.392,-21.445],[-42.349,-21.501],[-42.367,-21.533],[-42.346,-21.583],[-42.353,-21.592],[-42.405,-21.576],[-42.411,-21.602],[-42.43,-21.584],[-42.514,-21.561],[-42.529,-21.513],[-42.468,-21.465],[-42.453,-21.438]]]}},{"type":"Feature","properties":{"codarea":"3154150"},"geometry":{"type":"Polygon","coordinates":[[[-42.0,-20.31],[-42.005,-20.242],[-41.958,-20.181],[-41.959,-20.156],[-41.922,-20.174],[-41.887,-20.169],[-41.873,-20.198],[-41.898,-20.227],[-41.888,-20.305],[-41.921,-20.291],[-42.0,-20.31]]]}},{"type":"Feature","properties":{"codarea":"3154200"},"geometry":{"type":"Polygon","coordinates":[[[-44.446,-20.899],[-44.454,-20.849],[-44.448,-20.786],[-44.429,-20.766],[-44.421,-20.712],[-44.38,-20.757],[-44.361,-20.712],[-44.332,-20.727],[-44.237,-20.722],[-44.186,-20.755],[-44.15,-20.765],[-44.193,-20.798],[-44.202,-20.864],[-44.15,-20.901],[-44.147,-20.951],[-44.19,-20.976],[-44.225,-20.979],[-44.278,-21.016],[-44.264,-20.991],[-44.283,-20.957],[-44.288,-20.917],[-44.345,-20.896],[-44.396,-20.858],[-44.446,-20.899]]]}},{"type":"Feature","properties":{"codarea":"3154309"},"geometry":{"type":"Polygon","coordinates":[[[-41.283,-19.372],[-41.325,-19.328],[-41.349,-19.272],[-41.368,-19.256],[-41.359,-19.225],[-41.381,-19.197],[-41.311,-19.167],[-41.277,-19.123],[-41.234,-19.086],[-41.136,-19.079],[-41.115,-19.062],[-41.089,-19.079],[-41.061,-19.056],[-41.013,-19.076],[-41.007,-19.101],[-40.964,-19.122],[-40.941,-19.181],[-40.932,-19.251],[-40.958,-19.262],[-41.002,-19.304],[-41.07,-19.307],[-41.119,-19.292],[-41.153,-19.313],[-41.144,-19.341],[-41.194,-19.34],[-41.207,-19.373],[-41.283,-19.372]]]}},{"type":"Feature","properties":{"codarea":"3154408"},"geometry":{"type":"Polygon","coordinates":[[[-43.831,-21.146],[-43.885,-21.142],[-43.91,-21.125],[-43.89,-21.104],[-43.856,-21.1],[-43.772,-21.064],[-43.755,-21.025],[-43.709,-21.02],[-43.66,-21.032],[-43.631,-21.095],[-43.659,-21.092],[-43.687,-21.121],[-43.716,-21.128],[-43.761,-21.111],[-43.811,-21.113],[-43.831,-21.146]]]}},{"type":"Feature","properties":{"codarea":"3154457"},"geometry":{"type":"Polygon","coordinates":[[[-46.276,-16.32],[-46.265,-16.293],[-46.22,-16.258],[-46.231,-16.238],[-46.135,-16.245],[-46.083,-16.211],[-46.079,-16.17],[-46.056,-16.132],[-46.04,-16.053],[-45.988,-16.015],[-45.936,-16.053],[-45.948,-16.075],[-45.906,-16.107],[-45.896,-16.147],[-45.863,-16.169],[-45.832,-16.152],[-45.8,-16.174],[-45.752,-16.129],[-45.694,-16.15],[-45.655,-16.183],[-45.677,-16.21],[-45.681,-16.25],[-45.707,-16.302],[-45.704,-16.348],[-45.719,-16.388],[-45.713,-16.413],[-45.752,-16.45],[-45.784,-16.462],[-45.831,-16.506],[-45.846,-16.503],[-45.91,-16.531],[-45.922,-16.493],[-45.893,-16.449],[-45.918,-16.375],[-45.952,-16.398],[-45.995,-16.383],[-46.053,-16.388],[-46.083,-16.371],[-46.149,-16.378],[-46.189,-16.361],[-46.198,-16.341],[-46.242,-16.34],[-46.276,-16.32]]]}},{"type":"Feature","properties":{"codarea":"3154507"},"geometry":{"type":"Polygon","coordinates":[[[-43.018,-15.806],[-43.003,-15.854],[-42.946,-15.915],[-42.905,-15.934],[-42.901,-15.962],[-42.764,-16.013],[-42.748,-16.054],[-42.726,-16.042],[-42.712,-16.065],[-42.706,-16.158],[-42.769,-16.134],[-42.827,-16.14],[-42.853,-16.155],[-42.918,-16.151],[-43.038,-16.194],[-43.112,-16.232],[-43.132,-16.272],[-43.157,-16.289],[-43.133,-16.232],[-43.157,-16.207],[-43.235,-16.158],[-43.26,-16.121],[-43.269,-16.08],[-43.231,-16.042],[-43.195,-16.047],[-43.183,-16.083],[-43.19,-16.11],[-43.153,-16.136],[-43.128,-16.134],[-43.128,-16.089],[-43.145,-16.037],[-43.095,-15.933],[-43.09,-15.892],[-43.114,-15.847],[-43.093,-15.837],[-43.057,-15.857],[-43.041,-15.812],[-43.018,-15.806]]]}},{"type":"Feature","properties":{"codarea":"3154606"},"geometry":{"type":"Polygon","coordinates":[[[-44.135,-19.799],[-44.164,-19.753],[-44.133,-19.709],[-44.104,-19.738],[-44.066,-19.745],[-44.041,-19.773],[-44.006,-19.737],[-43.975,-19.782],[-44.017,-19.831],[-44.08,-19.841],[-44.101,-19.809],[-44.135,-19.799]]]}},{"type":"Feature","properties":{"codarea":"3154705"},"geometry":{"type":"Polygon","coordinates":[[[-45.129,-21.169],[-45.103,-21.129],[-45.042,-21.103],[-45.052,-21.184],[-45.129,-21.169]]]}},{"type":"Feature","properties":{"codarea":"3154804"},"geometry":{"type":"Polygon","coordinates":[[[-43.783,-20.029],[-43.734,-20.001],[-43.727,-20.057],[-43.69,-20.076],[-43.66,-20.119],[-43.696,-20.149],[-43.79,-20.154],[-43.794,-20.18],[-43.854,-20.198],[-43.873,-20.163],[-43.852,-20.138],[-43.848,-20.096],[-43.816,-20.053],[-43.783,-20.029]]]}},{"type":"Feature","properties":{"codarea":"3154903"},"geometry":{"type":"Polygon","coordinates":[[[-42.723,-20.191],[-42.707,-20.151],[-42.761,-20.123],[-42.777,-20.07],[-42.742,-20.045],[-42.755,-20.02],[-42.653,-19.986],[-42.651,-20.046],[-42.622,-20.093],[-42.621,-20.16],[-42.562,-20.178],[-42.534,-20.221],[-42.555,-20.268],[-42.635,-20.266],[-42.651,-20.277],[-42.692,-20.232],[-42.677,-20.208],[-42.723,-20.191]]]}},{"type":"Feature","properties":{"codarea":"3155009"},"geometry":{"type":"Polygon","coordinates":[[[-42.915,-20.276],[-42.953,-20.273],[-42.976,-20.259],[-42.975,-20.22],[-42.957,-20.204],[-42.88,-20.18],[-42.87,-20.145],[-42.811,-20.146],[-42.886,-20.255],[-42.915,-20.276]]]}},{"type":"Feature","properties":{"codarea":"3155108"},"geometry":{"type":"Polygon","coordinates":[[[-40.654,-16.556],[-40.642,-16.53],[-40.591,-16.542],[-40.592,-16.56],[-40.524,-16.559],[-40.491,-16.595],[-40.493,-16.662],[-40.463,-16.687],[-40.436,-16.738],[-40.459,-16.775],[-40.484,-16.785],[-40.466,-16.837],[-40.486,-16.84],[-40.535,-16.802],[-40.586,-16.797],[-40.589,-16.782],[-40.579,-16.753],[-40.606,-16.727],[-40.637,-16.728],[-40.651,-16.68],[-40.635,-16.609],[-40.676,-16.6],[-40.682,-16.572],[-40.654,-16.556]]]}},{"type":"Feature","properties":{"codarea":"3155207"},"geometry":{"type":"Polygon","coordinates":[[[-43.523,-20.938],[-43.577,-20.877],[-43.619,-20.857],[-43.553,-20.779],[-43.512,-20.832],[-43.425,-20.824],[-43.373,-20.867],[-43.372,-20.881],[-43.424,-20.924],[-43.471,-20.939],[-43.523,-20.938]]]}},{"type":"Feature","properties":{"codarea":"3155306"},"geometry":{"type":"Polygon","coordinates":[[[-44.267,-20.251],[-44.259,-20.285],[-44.277,-20.309],[-44.328,-20.331],[-44.349,-20.323],[-44.394,-20.352],[-44.438,-20.346],[-44.435,-20.292],[-44.418,-20.255],[-44.391,-20.257],[-44.362,-20.237],[-44.351,-20.16],[-44.316,-20.18],[-44.286,-20.179],[-44.267,-20.251]]]}},{"type":"Feature","properties":{"codarea":"3155405"},"geometry":{"type":"Polygon","coordinates":[[[-43.235,-21.495],[-43.202,-21.471],[-43.261,-21.439],[-43.247,-21.417],[-43.194,-21.429],[-43.16,-21.421],[-43.159,-21.391],[-43.086,-21.439],[-43.06,-21.43],[-43.052,-21.481],[-43.091,-21.557],[-43.123,-21.571],[-43.132,-21.521],[-43.164,-21.504],[-43.215,-21.507],[-43.235,-21.495]]]}},{"type":"Feature","properties":{"codarea":"3155504"},"geometry":{"type":"Polygon","coordinates":[[[-46.156,-19.41],[-46.173,-19.423],[-46.266,-19.432],[-46.307,-19.411],[-46.317,-19.383],[-46.391,-19.402],[-46.422,-19.331],[-46.45,-19.311],[-46.496,-19.314],[-46.517,-19.27],[-46.523,-19.216],[-46.541,-19.193],[-46.527,-19.158],[-46.497,-19.157],[-46.412,-19.067],[-46.407,-19.091],[-46.372,-19.117],[-46.284,-19.102],[-46.264,-19.064],[-46.217,-19.063],[-46.196,-19.081],[-46.132,-19.106],[-46.089,-19.108],[-46.082,-19.13],[-46.129,-19.255],[-46.136,-19.318],[-46.126,-19.369],[-46.156,-19.41]]]}},{"type":"Feature","properties":{"codarea":"3155603"},"geometry":{"type":"Polygon","coordinates":[[[-42.398,-15.902],[-42.472,-15.961],[-42.54,-15.954],[-42.588,-15.968],[-42.617,-15.952],[-42.636,-15.974],[-42.632,-16.009],[-42.665,-16.076],[-42.664,-16.121],[-42.681,-16.15],[-42.706,-16.158],[-42.712,-16.065],[-42.756,-15.967],[-42.759,-15.932],[-42.796,-15.921],[-42.813,-15.9],[-42.795,-15.826],[-42.77,-15.819],[-42.762,-15.784],[-42.804,-15.606],[-42.782,-15.578],[-42.79,-15.518],[-42.782,-15.485],[-42.744,-15.464],[-42.755,-15.397],[-42.734,-15.394],[-42.726,-15.411],[-42.701,-15.422],[-42.647,-15.407],[-42.596,-15.428],[-42.549,-15.492],[-42.524,-15.469],[-42.517,-15.429],[-42.439,-15.419],[-42.407,-15.389],[-42.403,-15.42],[-42.421,-15.446],[-42.384,-15.472],[-42.318,-15.47],[-42.306,-15.521],[-42.323,-15.566],[-42.285,-15.655],[-42.258,-15.686],[-42.203,-15.704],[-42.193,-15.746],[-42.258,-15.785],[-42.274,-15.818],[-42.355,-15.86],[-42.398,-15.902]]]}},{"type":"Feature","properties":{"codarea":"3155702"},"geometry":{"type":"Polygon","coordinates":[[[-43.089,-19.858],[-43.063,-19.886],[-43.07,-19.907],[-43.051,-19.942],[-43.061,-19.979],[-43.023,-20.014],[-43.038,-20.034],[-43.086,-20.035],[-43.132,-20.059],[-43.183,-20.041],[-43.236,-20.045],[-43.264,-20.064],[-43.288,-20.054],[-43.272,-20.005],[-43.211,-19.971],[-43.233,-19.921],[-43.221,-19.893],[-43.193,-19.868],[-43.145,-19.896],[-43.089,-19.858]]]}},{"type":"Feature","properties":{"codarea":"3155801"},"geometry":{"type":"Polygon","coordinates":[[[-43.104,-21.201],[-43.119,-21.218],[-43.103,-21.265],[-43.073,-21.291],[-43.157,-21.311],[-43.183,-21.352],[-43.209,-21.318],[-43.236,-21.334],[-43.272,-21.317],[-43.27,-21.251],[-43.245,-21.211],[-43.203,-21.223],[-43.167,-21.186],[-43.16,-21.147],[-43.132,-21.12],[-43.12,-21.119],[-43.093,-21.174],[-43.104,-21.201]]]}},{"type":"Feature","properties":{"codarea":"3155900"},"geometry":{"type":"Polygon","coordinates":[[[-43.709,-22.076],[-43.731,-22.096],[-43.776,-22.066],[-43.842,-22.099],[-43.977,-22.146],[-43.981,-22.095],[-43.97,-22.045],[-44.0,-22.022],[-44.004,-22.003],[-43.977,-21.957],[-43.902,-21.973],[-43.868,-21.962],[-43.831,-21.97],[-43.778,-22.017],[-43.75,-22.021],[-43.709,-22.076]]]}},{"type":"Feature","properties":{"codarea":"3156007"},"geometry":{"type":"Polygon","coordinates":[[[-43.113,-18.43],[-43.134,-18.424],[-43.139,-18.369],[-43.168,-18.338],[-43.202,-18.34],[-43.226,-18.299],[-43.264,-18.306],[-43.273,-18.253],[-43.239,-18.275],[-43.221,-18.241],[-43.235,-18.219],[-43.186,-18.2],[-43.185,-18.178],[-43.137,-18.108],[-43.088,-18.099],[-43.076,-18.068],[-43.034,-18.087],[-42.99,-18.149],[-42.944,-18.113],[-42.909,-18.11],[-42.867,-18.123],[-42.89,-18.159],[-42.93,-18.182],[-42.945,-18.235],[-42.912,-18.29],[-42.867,-18.291],[-42.869,-18.364],[-43.003,-18.394],[-43.067,-18.401],[-43.113,-18.43]]]}},{"type":"Feature","properties":{"codarea":"3156106"},"geometry":{"type":"Polygon","coordinates":[[[-44.274,-21.057],[-44.286,-21.045],[-44.334,-21.073],[-44.409,-21.09],[-44.449,-21.052],[-44.482,-21.044],[-44.479,-20.96],[-44.446,-20.899],[-44.396,-20.858],[-44.345,-20.896],[-44.288,-20.917],[-44.283,-20.957],[-44.264,-20.991],[-44.278,-21.016],[-44.274,-21.057]]]}},{"type":"Feature","properties":{"codarea":"3156205"},"geometry":{"type":"Polygon","coordinates":[[[-42.981,-21.65],[-43.055,-21.69],[-43.092,-21.66],[-43.02,-21.585],[-42.986,-21.602],[-42.981,-21.65]]]}},{"type":"Feature","properties":{"codarea":"3156304"},"geometry":{"type":"Polygon","coordinates":[[[-42.862,-21.157],[-42.805,-21.178],[-42.799,-21.229],[-42.814,-21.261],[-42.853,-21.27],[-42.884,-21.2],[-42.862,-21.157]]]}},{"type":"Feature","properties":{"codarea":"3156403"},"geometry":{"type":"Polygon","coordinates":[[[-47.61,-18.797],[-47.603,-18.817],[-47.552,-18.826],[-47.503,-18.816],[-47.454,-18.83],[-47.451,-18.87],[-47.429,-18.899],[-47.476,-18.915],[-47.496,-18.988],[-47.535,-19.009],[-47.606,-19.016],[-47.67,-18.942],[-47.647,-18.885],[-47.659,-18.843],[-47.658,-18.801],[-47.61,-18.797]]]}},{"type":"Feature","properties":{"codarea":"3156452"},"geometry":{"type":"Polygon","coordinates":[[[-42.547,-21.044],[-42.578,-20.999],[-42.582,-20.953],[-42.566,-20.922],[-42.498,-20.944],[-42.489,-20.958],[-42.427,-20.956],[-42.423,-20.982],[-42.461,-21.014],[-42.515,-21.003],[-42.547,-21.044]]]}},{"type":"Feature","properties":{"codarea":"3156502"},"geometry":{"type":"Polygon","coordinates":[[[-41.91,-16.322],[-41.898,-16.337],[-41.895,-16.363],[-41.95,-16.402],[-41.987,-16.383],[-42.027,-16.377],[-42.094,-16.388],[-42.105,-16.437],[-42.121,-16.456],[-42.182,-16.479],[-42.265,-16.468],[-42.303,-16.495],[-42.378,-16.474],[-42.447,-16.496],[-42.468,-16.488],[-42.477,-16.439],[-42.47,-16.422],[-42.493,-16.308],[-42.47,-16.292],[-42.469,-16.258],[-42.425,-16.25],[-42.395,-16.279],[-42.317,-16.31],[-42.203,-16.301],[-42.17,-16.274],[-42.136,-16.272],[-42.09,-16.232],[-42.071,-16.267],[-42.03,-16.258],[-41.969,-16.304],[-41.91,-16.322]]]}},{"type":"Feature","properties":{"codarea":"3156601"},"geometry":{"type":"Polygon","coordinates":[[[-40.654,-16.556],[-40.672,-16.454],[-40.635,-16.442],[-40.614,-16.378],[-40.569,-16.324],[-40.55,-16.274],[-40.51,-16.254],[-40.469,-16.195],[-40.416,-16.332],[-40.431,-16.382],[-40.42,-16.428],[-40.383,-16.443],[-40.352,-16.502],[-40.373,-16.573],[-40.35,-16.633],[-40.356,-16.653],[-40.389,-16.68],[-40.405,-16.666],[-40.463,-16.687],[-40.493,-16.662],[-40.491,-16.595],[-40.524,-16.559],[-40.592,-16.56],[-40.591,-16.542],[-40.642,-16.53],[-40.654,-16.556]]]}},{"type":"Feature","properties":{"codarea":"3156700"},"geometry":{"type":"Polygon","coordinates":[[[-43.862,-19.828],[-43.809,-19.842],[-43.792,-19.806],[-43.805,-19.763],[-43.768,-19.745],[-43.77,-19.726],[-43.708,-19.747],[-43.689,-19.766],[-43.701,-19.822],[-43.749,-19.897],[-43.723,-19.967],[-43.833,-19.936],[-43.834,-19.927],[-43.87,-19.928],[-43.892,-19.886],[-43.863,-19.856],[-43.862,-19.828]]]}},{"type":"Feature","properties":{"codarea":"3156809"},"geometry":{"type":"Polygon","coordinates":[[[-43.063,-18.79],[-43.101,-18.829],[-43.129,-18.826],[-43.159,-18.855],[-43.2,-18.86],[-43.213,-18.773],[-43.247,-18.772],[-43.205,-18.717],[-43.215,-18.661],[-43.206,-18.623],[-43.215,-18.598],[-43.153,-18.554],[-43.113,-18.551],[-43.075,-18.567],[-43.038,-18.505],[-43.014,-18.491],[-42.996,-18.455],[-42.956,-18.436],[-42.931,-18.439],[-42.915,-18.459],[-42.924,-18.5],[-42.896,-18.561],[-42.91,-18.578],[-42.886,-18.636],[-42.851,-18.675],[-42.972,-18.654],[-43.008,-18.694],[-42.98,-18.736],[-43.041,-18.761],[-43.063,-18.79]]]}},{"type":"Feature","properties":{"codarea":"3156908"},"geometry":{"type":"Polygon","coordinates":[[[-46.831,-20.05],[-46.847,-20.126],[-46.927,-20.159],[-46.907,-20.181],[-46.934,-20.17],[-46.984,-20.196],[-47.047,-20.188],[-47.109,-20.204],[-47.111,-20.262],[-47.077,-20.276],[-47.13,-20.284],[-47.152,-20.233],[-47.18,-20.239],[-47.231,-20.219],[-47.262,-20.16],[-47.296,-20.146],[-47.372,-20.086],[-47.408,-20.08],[-47.44,-20.049],[-47.424,-20.015],[-47.463,-19.966],[-47.49,-19.969],[-47.505,-19.919],[-47.546,-19.894],[-47.544,-19.835],[-47.524,-19.776],[-47.571,-19.762],[-47.604,-19.67],[-47.585,-19.623],[-47.612,-19.599],[-47.615,-19.565],[-47.598,-19.537],[-47.63,-19.49],[-47.62,-19.428],[-47.522,-19.496],[-47.467,-19.561],[-47.451,-19.65],[-47.398,-19.733],[-47.352,-19.738],[-47.335,-19.713],[-47.285,-19.689],[-47.264,-19.658],[-47.234,-19.642],[-47.071,-19.688],[-47.085,-19.74],[-47.108,-19.767],[-47.082,-19.785],[-47.074,-19.837],[-47.122,-19.848],[-47.169,-19.87],[-47.101,-19.91],[-47.063,-19.961],[-47.055,-19.992],[-47.018,-20.013],[-46.964,-20.01],[-46.953,-20.027],[-46.858,-20.031],[-46.831,-20.05]]]}},{"type":"Feature","properties":{"codarea":"3157005"},"geometry":{"type":"Polygon","coordinates":[[[-42.342,-16.296],[-42.359,-16.283],[-42.353,-16.196],[-42.382,-16.16],[-42.388,-16.129],[-42.419,-16.108],[-42.424,-16.08],[-42.4,-16.064],[-42.354,-16.06],[-42.32,-16.107],[-42.298,-16.103],[-42.285,-16.043],[-42.317,-16.03],[-42.328,-15.992],[-42.366,-15.995],[-42.379,-15.972],[-42.368,-15.924],[-42.398,-15.902],[-42.355,-15.86],[-42.328,-15.849],[-42.291,-15.858],[-42.268,-15.915],[-42.249,-15.911],[-42.225,-15.951],[-42.156,-15.966],[-42.141,-15.922],[-42.104,-15.906],[-42.069,-15.967],[-42.003,-15.994],[-41.936,-15.996],[-41.908,-16.016],[-41.929,-16.043],[-41.927,-16.131],[-41.88,-16.112],[-41.845,-16.13],[-41.868,-16.183],[-41.932,-16.281],[-41.91,-16.322],[-41.969,-16.304],[-42.03,-16.258],[-42.071,-16.267],[-42.09,-16.232],[-42.136,-16.272],[-42.17,-16.274],[-42.203,-16.301],[-42.317,-16.31],[-42.342,-16.296]]]}},{"type":"Feature","properties":{"codarea":"3157104"},"geometry":{"type":"Polygon","coordinates":[[[-39.915,-16.0],[-39.922,-16.029],[-39.884,-16.066],[-39.857,-16.114],[-39.884,-16.145],[-39.883,-16.195],[-39.936,-16.244],[-39.918,-16.284],[-39.99,-16.312],[-40.017,-16.348],[-40.045,-16.305],[-40.07,-16.209],[-40.135,-16.127],[-40.195,-16.102],[-40.182,-16.084],[-40.204,-16.025],[-40.192,-16.009],[-40.229,-15.968],[-40.199,-15.979],[-40.156,-15.957],[-40.114,-15.955],[-40.127,-15.907],[-40.075,-15.92],[-40.066,-15.959],[-40.046,-15.962],[-40.004,-16.002],[-39.958,-15.992],[-39.915,-16.0]]]}},{"type":"Feature","properties":{"codarea":"3157203"},"geometry":{"type":"Polygon","coordinates":[[[-43.419,-19.909],[-43.374,-19.909],[-43.356,-19.922],[-43.317,-19.892],[-43.285,-19.902],[-43.221,-19.893],[-43.233,-19.921],[-43.211,-19.971],[-43.272,-20.005],[-43.288,-20.054],[-43.316,-20.078],[-43.314,-20.045],[-43.354,-19.995],[-43.404,-20.0],[-43.429,-20.029],[-43.468,-20.034],[-43.484,-20.067],[-43.514,-20.083],[-43.511,-20.129],[-43.534,-20.161],[-43.548,-20.207],[-43.583,-20.218],[-43.618,-20.194],[-43.695,-20.062],[-43.662,-19.993],[-43.639,-19.968],[-43.594,-19.985],[-43.546,-20.032],[-43.507,-20.006],[-43.475,-19.954],[-43.441,-19.941],[-43.419,-19.909]]]}},{"type":"Feature","properties":{"codarea":"3157252"},"geometry":{"type":"Polygon","coordinates":[[[-42.163,-19.99],[-42.169,-19.938],[-42.157,-19.913],[-42.096,-19.92],[-42.075,-19.886],[-42.02,-19.917],[-42.056,-19.95],[-42.101,-19.965],[-42.126,-20.019],[-42.163,-19.99]]]}},{"type":"Feature","properties":{"codarea":"3157278"},"geometry":{"type":"Polygon","coordinates":[[[-43.86,-21.965],[-43.815,-21.957],[-43.781,-21.937],[-43.765,-21.908],[-43.778,-21.875],[-43.743,-21.855],[-43.666,-21.853],[-43.598,-21.924],[-43.577,-21.963],[-43.585,-21.999],[-43.637,-22.023],[-43.591,-22.056],[-43.621,-22.083],[-43.646,-22.065],[-43.668,-22.086],[-43.709,-22.076],[-43.75,-22.021],[-43.778,-22.017],[-43.831,-21.97],[-43.86,-21.965]]]}},{"type":"Feature","properties":{"codarea":"3157302"},"geometry":{"type":"Polygon","coordinates":[[[-43.581,-21.319],[-43.61,-21.225],[-43.599,-21.167],[-43.515,-21.203],[-43.451,-21.194],[-43.441,-21.251],[-43.477,-21.281],[-43.538,-21.314],[-43.581,-21.319]]]}},{"type":"Feature","properties":{"codarea":"3157336"},"geometry":{"type":"Polygon","coordinates":[[[-44.205,-21.116],[-44.2,-21.123],[-44.229,-21.128],[-44.221,-21.115],[-44.205,-21.116]]]}},{"type":"Feature","properties":{"codarea":"3157377"},"geometry":{"type":"Polygon","coordinates":[[[-41.868,-16.183],[-41.845,-16.13],[-41.88,-16.112],[-41.927,-16.131],[-41.929,-16.043],[-41.908,-16.016],[-41.917,-15.906],[-41.864,-15.958],[-41.831,-15.978],[-41.786,-15.963],[-41.75,-15.966],[-41.663,-15.93],[-41.62,-15.937],[-41.663,-16.02],[-41.7,-16.037],[-41.706,-16.085],[-41.682,-16.111],[-41.696,-16.165],[-41.716,-16.179],[-41.767,-16.184],[-41.803,-16.168],[-41.868,-16.183]]]}},{"type":"Feature","properties":{"codarea":"3157401"},"geometry":{"type":"Polygon","coordinates":[[[-42.811,-20.146],[-42.761,-20.123],[-42.707,-20.151],[-42.723,-20.191],[-42.776,-20.23],[-42.763,-20.269],[-42.807,-20.318],[-42.867,-20.337],[-42.898,-20.327],[-42.888,-20.3],[-42.915,-20.276],[-42.886,-20.255],[-42.811,-20.146]]]}},{"type":"Feature","properties":{"codarea":"3157500"},"geometry":{"type":"Polygon","coordinates":[[[-42.456,-18.814],[-42.397,-18.809],[-42.374,-18.828],[-42.327,-18.818],[-42.347,-18.843],[-42.346,-18.88],[-42.362,-18.926],[-42.391,-18.928],[-42.463,-18.89],[-42.456,-18.814]]]}},{"type":"Feature","properties":{"codarea":"3157609"},"geometry":{"type":"Polygon","coordinates":[[[-45.117,-16.513],[-45.105,-16.565],[-45.166,-16.62],[-45.197,-16.684],[-45.241,-16.691],[-45.232,-16.719],[-45.251,-16.746],[-45.284,-16.76],[-45.307,-16.791],[-45.298,-16.817],[-45.308,-16.883],[-45.348,-16.908],[-45.4,-16.903],[-45.429,-16.917],[-45.462,-16.963],[-45.505,-16.961],[-45.522,-16.939],[-45.564,-16.941],[-45.593,-16.891],[-45.62,-16.875],[-45.664,-16.889],[-45.697,-16.883],[-45.721,-16.898],[-45.774,-16.856],[-45.778,-16.832],[-45.828,-16.831],[-45.856,-16.811],[-45.858,-16.764],[-45.885,-16.729],[-45.889,-16.703],[-45.945,-16.719],[-45.958,-16.695],[-45.992,-16.694],[-46.016,-16.637],[-45.971,-16.608],[-45.952,-16.554],[-45.846,-16.503],[-45.831,-16.506],[-45.788,-16.546],[-45.759,-16.531],[-45.691,-16.567],[-45.643,-16.612],[-45.622,-16.606],[-45.585,-16.563],[-45.527,-16.563],[-45.506,-16.52],[-45.462,-16.504],[-45.419,-16.503],[-45.305,-16.563],[-45.257,-16.543],[-45.117,-16.513]]]}},{"type":"Feature","properties":{"codarea":"3157658"},"geometry":{"type":"Polygon","coordinates":[[[-40.72,-16.959],[-40.745,-16.896],[-40.709,-16.84],[-40.672,-16.833],[-40.629,-16.788],[-40.603,-16.789],[-40.603,-16.832],[-40.567,-16.874],[-40.582,-16.902],[-40.625,-16.944],[-40.619,-16.973],[-40.644,-16.994],[-40.665,-17.035],[-40.72,-16.959]]]}},{"type":"Feature","properties":{"codarea":"3157708"},"geometry":{"type":"Polygon","coordinates":[[[-47.62,-19.428],[-47.651,-19.38],[-47.641,-19.352],[-47.637,-19.278],[-47.656,-19.209],[-47.64,-19.197],[-47.579,-19.223],[-47.533,-19.269],[-47.405,-19.274],[-47.408,-19.352],[-47.383,-19.354],[-47.363,-19.417],[-47.365,-19.437],[-47.426,-19.555],[-47.467,-19.561],[-47.522,-19.496],[-47.62,-19.428]]]}},{"type":"Feature","properties":{"codarea":"3157807"},"geometry":{"type":"Polygon","coordinates":[[[-43.946,-19.777],[-43.887,-19.723],[-43.898,-19.699],[-43.816,-19.716],[-43.8,-19.679],[-43.817,-19.639],[-43.798,-19.613],[-43.782,-19.611],[-43.755,-19.625],[-43.768,-19.745],[-43.805,-19.763],[-43.792,-19.806],[-43.809,-19.842],[-43.862,-19.828],[-43.946,-19.777]]]}},{"type":"Feature","properties":{"codarea":"3157906"},"geometry":{"type":"Polygon","coordinates":[[[-42.188,-20.434],[-42.214,-20.468],[-42.243,-20.481],[-42.277,-20.548],[-42.319,-20.547],[-42.345,-20.395],[-42.322,-20.37],[-42.278,-20.367],[-42.277,-20.343],[-42.206,-20.324],[-42.188,-20.348],[-42.188,-20.434]]]}},{"type":"Feature","properties":{"codarea":"3158003"},"geometry":{"type":"Polygon","coordinates":[[[-43.201,-19.422],[-43.194,-19.387],[-43.143,-19.402],[-43.079,-19.371],[-43.069,-19.33],[-43.045,-19.312],[-42.958,-19.306],[-42.942,-19.321],[-42.897,-19.43],[-42.877,-19.432],[-42.911,-19.482],[-42.912,-19.514],[-42.967,-19.531],[-42.981,-19.499],[-43.046,-19.423],[-43.064,-19.467],[-43.044,-19.517],[-43.044,-19.565],[-43.057,-19.578],[-43.109,-19.559],[-43.13,-19.529],[-43.192,-19.525],[-43.197,-19.501],[-43.232,-19.456],[-43.201,-19.422]]]}},{"type":"Feature","properties":{"codarea":"3158102"},"geometry":{"type":"Polygon","coordinates":[[[-40.135,-16.127],[-40.07,-16.209],[-40.045,-16.305],[-40.017,-16.348],[-40.066,-16.457],[-40.11,-16.449],[-40.154,-16.417],[-40.167,-16.384],[-40.217,-16.313],[-40.201,-16.23],[-40.178,-16.228],[-40.146,-16.169],[-40.135,-16.127]]]}},{"type":"Feature","properties":{"codarea":"3158201"},"geometry":{"type":"Polygon","coordinates":[[[-42.385,-18.373],[-42.411,-18.32],[-42.409,-18.272],[-42.446,-18.221],[-42.472,-18.15],[-42.458,-18.067],[-42.443,-18.058],[-42.42,-18.006],[-42.409,-18.026],[-42.415,-18.1],[-42.387,-18.122],[-42.362,-18.174],[-42.301,-18.174],[-42.251,-18.233],[-42.209,-18.244],[-42.19,-18.261],[-42.19,-18.313],[-42.168,-18.358],[-42.128,-18.374],[-42.124,-18.394],[-42.203,-18.411],[-42.213,-18.383],[-42.285,-18.385],[-42.339,-18.356],[-42.385,-18.373]]]}},{"type":"Feature","properties":{"codarea":"3158300"},"geometry":{"type":"Polygon","coordinates":[[[-45.393,-21.291],[-45.378,-21.311],[-45.483,-21.296],[-45.6,-21.315],[-45.61,-21.276],[-45.604,-21.231],[-45.567,-21.254],[-45.517,-21.219],[-45.419,-21.253],[-45.393,-21.291]]]}},{"type":"Feature","properties":{"codarea":"3158409"},"geometry":{"type":"Polygon","coordinates":[[[-42.463,-21.27],[-42.502,-21.312],[-42.585,-21.354],[-42.626,-21.347],[-42.629,-21.319],[-42.59,-21.255],[-42.613,-21.233],[-42.592,-21.215],[-42.557,-21.223],[-42.529,-21.203],[-42.533,-21.23],[-42.463,-21.27]]]}},{"type":"Feature","properties":{"codarea":"3158508"},"geometry":{"type":"Polygon","coordinates":[[[-44.041,-19.079],[-44.097,-18.945],[-44.12,-18.945],[-44.075,-18.915],[-44.058,-18.885],[-44.03,-18.903],[-43.992,-18.908],[-43.965,-18.872],[-43.952,-18.822],[-43.969,-18.787],[-43.971,-18.738],[-43.999,-18.668],[-43.98,-18.64],[-43.92,-18.633],[-43.894,-18.664],[-43.869,-18.672],[-43.848,-18.705],[-43.816,-18.789],[-43.796,-18.767],[-43.746,-18.877],[-43.718,-18.959],[-43.738,-19.018],[-43.779,-19.038],[-43.773,-19.061],[-43.841,-19.072],[-43.863,-19.106],[-43.85,-19.144],[-43.887,-19.145],[-43.921,-19.125],[-43.969,-19.148],[-44.012,-19.084],[-44.041,-19.079]]]}},{"type":"Feature","properties":{"codarea":"3158607"},"geometry":{"type":"Polygon","coordinates":[[[-43.228,-22.029],[-43.221,-21.983],[-43.254,-21.93],[-43.222,-21.889],[-43.237,-21.862],[-43.209,-21.841],[-43.134,-21.883],[-43.148,-21.917],[-43.109,-21.951],[-43.131,-22.029],[-43.17,-22.022],[-43.202,-22.038],[-43.228,-22.029]]]}},{"type":"Feature","properties":{"codarea":"3158706"},"geometry":{"type":"Polygon","coordinates":[[[-44.164,-21.589],[-44.134,-21.57],[-44.105,-21.581],[-44.085,-21.544],[-44.053,-21.588],[-44.01,-21.618],[-43.957,-21.635],[-43.994,-21.689],[-44.026,-21.714],[-44.071,-21.73],[-44.077,-21.663],[-44.137,-21.656],[-44.165,-21.612],[-44.164,-21.589]]]}},{"type":"Feature","properties":{"codarea":"3158805"},"geometry":{"type":"Polygon","coordinates":[[[-45.071,-20.839],[-45.056,-20.817],[-45.039,-20.809],[-45.01,-20.845],[-45.005,-20.896],[-45.092,-20.951],[-45.108,-20.928],[-45.142,-20.927],[-45.133,-20.896],[-45.08,-20.869],[-45.071,-20.839]]]}},{"type":"Feature","properties":{"codarea":"3158904"},"geometry":{"type":"Polygon","coordinates":[[[-41.844,-19.925],[-41.815,-19.942],[-41.807,-19.989],[-41.811,-20.043],[-41.83,-20.115],[-41.863,-20.156],[-41.887,-20.169],[-41.922,-20.174],[-41.959,-20.156],[-41.98,-20.125],[-41.957,-20.088],[-41.983,-20.05],[-41.983,-19.993],[-41.949,-19.982],[-41.895,-19.997],[-41.892,-19.956],[-41.844,-19.925]]]}},{"type":"Feature","properties":{"codarea":"3158953"},"geometry":{"type":"Polygon","coordinates":[[[-42.678,-19.382],[-42.555,-19.296],[-42.519,-19.323],[-42.471,-19.34],[-42.452,-19.36],[-42.419,-19.336],[-42.413,-19.39],[-42.432,-19.439],[-42.502,-19.492],[-42.513,-19.466],[-42.544,-19.448],[-42.56,-19.402],[-42.593,-19.379],[-42.678,-19.382]]]}},{"type":"Feature","properties":{"codarea":"3159001"},"geometry":{"type":"Polygon","coordinates":[[[-43.749,-19.236],[-43.769,-19.194],[-43.748,-19.167],[-43.745,-19.124],[-43.771,-19.091],[-43.779,-19.038],[-43.738,-19.018],[-43.659,-19.031],[-43.622,-19.077],[-43.612,-19.101],[-43.565,-19.121],[-43.549,-19.163],[-43.508,-19.168],[-43.501,-19.224],[-43.536,-19.262],[-43.519,-19.33],[-43.594,-19.348],[-43.669,-19.331],[-43.68,-19.283],[-43.734,-19.255],[-43.749,-19.236]]]}},{"type":"Feature","properties":{"codarea":"3159100"},"geometry":{"type":"Polygon","coordinates":[[[-43.731,-20.845],[-43.773,-20.801],[-43.76,-20.759],[-43.718,-20.743],[-43.691,-20.719],[-43.651,-20.768],[-43.587,-20.765],[-43.562,-20.754],[-43.553,-20.779],[-43.619,-20.857],[-43.657,-20.836],[-43.715,-20.856],[-43.731,-20.845]]]}},{"type":"Feature","properties":{"codarea":"3159209"},"geometry":{"type":"Polygon","coordinates":[[[-46.395,-22.014],[-46.342,-21.948],[-46.268,-21.94],[-46.257,-21.917],[-46.211,-21.913],[-46.139,-21.892],[-46.13,-21.874],[-46.092,-21.877],[-46.137,-21.944],[-46.15,-21.996],[-46.176,-22.03],[-46.238,-22.073],[-46.238,-22.11],[-46.255,-22.146],[-46.279,-22.134],[-46.385,-22.166],[-46.43,-22.148],[-46.432,-22.121],[-46.402,-22.106],[-46.347,-22.054],[-46.397,-22.043],[-46.395,-22.014]]]}},{"type":"Feature","properties":{"codarea":"3159308"},"geometry":{"type":"Polygon","coordinates":[[[-44.0,-22.022],[-43.97,-22.045],[-43.981,-22.095],[-43.977,-22.146],[-44.033,-22.152],[-44.101,-22.174],[-44.154,-22.227],[-44.179,-22.229],[-44.181,-22.197],[-44.222,-22.131],[-44.207,-22.07],[-44.147,-22.034],[-44.123,-21.996],[-44.08,-21.995],[-44.051,-22.032],[-44.0,-22.022]]]}},{"type":"Feature","properties":{"codarea":"3159357"},"geometry":{"type":"Polygon","coordinates":[[[-42.157,-19.913],[-42.153,-19.879],[-42.17,-19.833],[-42.077,-19.846],[-42.075,-19.886],[-42.096,-19.92],[-42.157,-19.913]]]}},{"type":"Feature","properties":{"codarea":"3159407"},"geometry":{"type":"Polygon","coordinates":[[[-43.957,-21.635],[-44.01,-21.618],[-44.053,-21.588],[-44.085,-21.544],[-44.055,-21.517],[-44.015,-21.538],[-43.869,-21.497],[-43.823,-21.509],[-43.815,-21.526],[-43.84,-21.582],[-43.827,-21.607],[-43.873,-21.679],[-43.886,-21.684],[-43.957,-21.635]]]}},{"type":"Feature","properties":{"codarea":"3159506"},"geometry":{"type":"Polygon","coordinates":[[[-41.276,-19.492],[-41.296,-19.5],[-41.35,-19.49],[-41.432,-19.541],[-41.462,-19.513],[-41.482,-19.52],[-41.51,-19.494],[-41.474,-19.416],[-41.499,-19.356],[-41.438,-19.325],[-41.42,-19.277],[-41.349,-19.272],[-41.325,-19.328],[-41.283,-19.372],[-41.29,-19.43],[-41.263,-19.472],[-41.276,-19.492]]]}},{"type":"Feature","properties":{"codarea":"3159605"},"geometry":{"type":"Polygon","coordinates":[[[-45.842,-22.284],[-45.854,-22.236],[-45.848,-22.211],[-45.765,-22.21],[-45.665,-22.168],[-45.616,-22.16],[-45.577,-22.189],[-45.518,-22.217],[-45.556,-22.247],[-45.551,-22.263],[-45.575,-22.322],[-45.596,-22.3],[-45.66,-22.278],[-45.693,-22.28],[-45.721,-22.3],[-45.754,-22.301],[-45.787,-22.283],[-45.842,-22.284]]]}},{"type":"Feature","properties":{"codarea":"3159704"},"geometry":{"type":"Polygon","coordinates":[[[-45.949,-19.608],[-46.01,-19.656],[-46.069,-19.65],[-46.106,-19.612],[-46.105,-19.583],[-46.128,-19.543],[-46.042,-19.554],[-46.013,-19.531],[-45.977,-19.46],[-45.902,-19.465],[-45.892,-19.48],[-45.903,-19.538],[-45.949,-19.608]]]}},{"type":"Feature","properties":{"codarea":"3159803"},"geometry":{"type":"Polygon","coordinates":[[[-50.122,-19.198],[-50.16,-19.23],[-50.204,-19.291],[-50.236,-19.281],[-50.321,-19.234],[-50.401,-19.222],[-50.428,-19.236],[-50.465,-19.233],[-50.517,-19.26],[-50.515,-19.274],[-50.546,-19.245],[-50.584,-19.228],[-50.614,-19.232],[-50.648,-19.215],[-50.74,-19.213],[-50.733,-19.187],[-50.682,-19.176],[-50.675,-19.136],[-50.587,-19.14],[-50.535,-19.099],[-50.503,-19.047],[-50.495,-19.013],[-50.512,-18.952],[-50.443,-18.894],[-50.423,-18.833],[-50.37,-18.804],[-50.352,-18.76],[-50.315,-18.701],[-50.27,-18.684],[-50.199,-18.679],[-50.164,-18.664],[-50.08,-18.672],[-50.058,-18.684],[-50.051,-18.732],[-49.968,-18.786],[-50.002,-18.834],[-50.012,-18.864],[-49.984,-18.946],[-49.967,-18.959],[-50.023,-19.044],[-50.077,-19.077],[-50.129,-19.161],[-50.122,-19.198]]]}},{"type":"Feature","properties":{"codarea":"3159902"},"geometry":{"type":"Polygon","coordinates":[[[-44.805,-20.898],[-44.817,-20.959],[-44.865,-20.955],[-44.886,-21.005],[-44.935,-20.989],[-44.999,-21.042],[-45.051,-21.04],[-45.062,-20.963],[-45.075,-20.94],[-45.005,-20.896],[-45.01,-20.845],[-45.039,-20.809],[-44.961,-20.809],[-44.906,-20.795],[-44.872,-20.808],[-44.836,-20.864],[-44.805,-20.898]]]}},{"type":"Feature","properties":{"codarea":"3160009"},"geometry":{"type":"Polygon","coordinates":[[[-42.882,-21.832],[-42.894,-21.812],[-42.863,-21.796],[-42.863,-21.756],[-42.883,-21.729],[-42.868,-21.703],[-42.823,-21.699],[-42.807,-21.658],[-42.746,-21.651],[-42.729,-21.665],[-42.756,-21.701],[-42.758,-21.774],[-42.78,-21.838],[-42.831,-21.849],[-42.882,-21.832]]]}},{"type":"Feature","properties":{"codarea":"3160108"},"geometry":{"type":"Polygon","coordinates":[[[-42.689,-20.344],[-42.664,-20.327],[-42.651,-20.277],[-42.635,-20.266],[-42.555,-20.268],[-42.542,-20.297],[-42.558,-20.344],[-42.543,-20.36],[-42.562,-20.379],[-42.642,-20.373],[-42.653,-20.349],[-42.689,-20.344]]]}},{"type":"Feature","properties":{"codarea":"3160207"},"geometry":{"type":"Polygon","coordinates":[[[-43.336,-18.394],[-43.245,-18.398],[-43.202,-18.433],[-43.168,-18.482],[-43.169,-18.526],[-43.153,-18.554],[-43.215,-18.598],[-43.199,-18.568],[-43.247,-18.529],[-43.276,-18.521],[-43.37,-18.526],[-43.364,-18.483],[-43.382,-18.447],[-43.336,-18.394]]]}},{"type":"Feature","properties":{"codarea":"3160306"},"geometry":{"type":"Polygon","coordinates":[[[-40.313,-16.679],[-40.329,-16.651],[-40.356,-16.653],[-40.35,-16.633],[-40.373,-16.573],[-40.352,-16.502],[-40.383,-16.443],[-40.42,-16.428],[-40.404,-16.387],[-40.365,-16.376],[-40.349,-16.397],[-40.285,-16.399],[-40.256,-16.447],[-40.221,-16.444],[-40.154,-16.417],[-40.11,-16.449],[-40.17,-16.525],[-40.154,-16.56],[-40.173,-16.577],[-40.23,-16.561],[-40.276,-16.573],[-40.313,-16.679]]]}},{"type":"Feature","properties":{"codarea":"3160405"},"geometry":{"type":"Polygon","coordinates":[[[-45.097,-20.123],[-45.147,-20.16],[-45.193,-20.237],[-45.249,-20.203],[-45.308,-20.227],[-45.351,-20.269],[-45.329,-20.313],[-45.337,-20.334],[-45.386,-20.319],[-45.456,-20.207],[-45.441,-20.178],[-45.46,-20.126],[-45.406,-20.152],[-45.374,-20.122],[-45.396,-20.063],[-45.385,-20.031],[-45.435,-19.967],[-45.438,-19.941],[-45.496,-19.893],[-45.503,-19.854],[-45.47,-19.87],[-45.419,-19.871],[-45.383,-19.885],[-45.367,-19.917],[-45.307,-19.935],[-45.29,-19.914],[-45.267,-19.906],[-45.222,-19.971],[-45.194,-19.985],[-45.143,-19.978],[-45.108,-20.011],[-45.068,-19.999],[-45.047,-20.012],[-45.078,-20.063],[-45.122,-20.076],[-45.097,-20.123]]]}},{"type":"Feature","properties":{"codarea":"3160454"},"geometry":{"type":"Polygon","coordinates":[[[-42.517,-15.429],[-42.524,-15.469],[-42.549,-15.492],[-42.596,-15.428],[-42.647,-15.407],[-42.701,-15.422],[-42.726,-15.411],[-42.734,-15.394],[-42.755,-15.397],[-42.763,-15.347],[-42.79,-15.27],[-42.81,-15.241],[-42.803,-15.194],[-42.778,-15.16],[-42.683,-15.097],[-42.685,-15.075],[-42.657,-15.037],[-42.642,-15.053],[-42.644,-15.114],[-42.656,-15.168],[-42.617,-15.193],[-42.618,-15.244],[-42.567,-15.239],[-42.52,-15.322],[-42.517,-15.429]]]}},{"type":"Feature","properties":{"codarea":"3160504"},"geometry":{"type":"Polygon","coordinates":[[[-43.273,-19.172],[-43.246,-19.205],[-43.185,-19.218],[-43.191,-19.242],[-43.226,-19.299],[-43.281,-19.28],[-43.298,-19.287],[-43.307,-19.228],[-43.273,-19.172]]]}},{"type":"Feature","properties":{"codarea":"3160603"},"geometry":{"type":"Polygon","coordinates":[[[-44.315,-18.276],[-44.314,-18.232],[-44.276,-18.237],[-44.221,-18.226],[-44.195,-18.246],[-44.196,-18.27],[-44.157,-18.303],[-44.171,-18.348],[-44.157,-18.384],[-44.109,-18.403],[-44.1,-18.437],[-44.022,-18.445],[-44.007,-18.472],[-44.051,-18.507],[-44.078,-18.558],[-44.139,-18.544],[-44.131,-18.507],[-44.179,-18.506],[-44.2,-18.477],[-44.187,-18.421],[-44.235,-18.4],[-44.271,-18.36],[-44.262,-18.33],[-44.3,-18.317],[-44.315,-18.276]]]}},{"type":"Feature","properties":{"codarea":"3160702"},"geometry":{"type":"Polygon","coordinates":[[[-43.353,-21.358],[-43.309,-21.392],[-43.301,-21.432],[-43.345,-21.451],[-43.408,-21.509],[-43.419,-21.531],[-43.473,-21.531],[-43.503,-21.514],[-43.545,-21.521],[-43.556,-21.547],[-43.587,-21.57],[-43.634,-21.58],[-43.639,-21.608],[-43.666,-21.605],[-43.706,-21.585],[-43.682,-21.57],[-43.685,-21.529],[-43.649,-21.497],[-43.673,-21.463],[-43.677,-21.432],[-43.71,-21.413],[-43.687,-21.385],[-43.557,-21.357],[-43.47,-21.372],[-43.472,-21.412],[-43.398,-21.387],[-43.353,-21.358]]]}},{"type":"Feature","properties":{"codarea":"3160801"},"geometry":{"type":"Polygon","coordinates":[[[-45.112,-21.542],[-45.095,-21.501],[-45.064,-21.5],[-45.054,-21.557],[-45.028,-21.598],[-45.037,-21.632],[-45.093,-21.612],[-45.112,-21.542]]]}},{"type":"Feature","properties":{"codarea":"3160900"},"geometry":{"type":"Polygon","coordinates":[[[-43.915,-20.584],[-43.91,-20.604],[-43.924,-20.659],[-43.945,-20.676],[-43.981,-20.687],[-44.022,-20.629],[-44.043,-20.625],[-44.006,-20.566],[-43.965,-20.597],[-43.915,-20.584]]]}},{"type":"Feature","properties":{"codarea":"3160959"},"geometry":{"type":"Polygon","coordinates":[[[-42.0,-19.459],[-41.992,-19.539],[-42.049,-19.572],[-42.07,-19.54],[-42.059,-19.499],[-42.019,-19.485],[-42.0,-19.459]]]}},{"type":"Feature","properties":{"codarea":"3161007"},"geometry":{"type":"Polygon","coordinates":[[[-43.023,-20.014],[-43.061,-19.979],[-43.051,-19.942],[-43.07,-19.907],[-43.062,-19.86],[-42.98,-19.815],[-42.921,-19.811],[-42.908,-19.75],[-42.857,-19.74],[-42.797,-19.713],[-42.812,-19.753],[-42.806,-19.785],[-42.777,-19.795],[-42.861,-19.861],[-42.864,-19.892],[-42.827,-19.91],[-42.782,-19.872],[-42.753,-19.904],[-42.777,-19.956],[-42.74,-19.974],[-42.729,-20.008],[-42.755,-20.02],[-42.838,-20.014],[-42.874,-20.037],[-42.928,-20.035],[-42.951,-20.006],[-42.974,-20.018],[-43.023,-20.014]]]}},{"type":"Feature","properties":{"codarea":"3161056"},"geometry":{"type":"Polygon","coordinates":[[[-41.49,-18.637],[-41.514,-18.591],[-41.54,-18.581],[-41.512,-18.535],[-41.46,-18.514],[-41.396,-18.53],[-41.365,-18.499],[-41.356,-18.517],[-41.384,-18.588],[-41.427,-18.621],[-41.49,-18.637]]]}},{"type":"Feature","properties":{"codarea":"3161106"},"geometry":{"type":"Polygon","coordinates":[[[-44.683,-15.776],[-44.653,-15.826],[-44.614,-15.835],[-44.577,-15.879],[-44.563,-15.855],[-44.556,-15.796],[-44.543,-15.785],[-44.49,-15.8],[-44.439,-15.851],[-44.42,-15.86],[-44.411,-15.929],[-44.43,-15.973],[-44.476,-15.994],[-44.496,-16.021],[-44.498,-16.058],[-44.508,-16.071],[-44.584,-16.083],[-44.66,-16.134],[-44.674,-16.093],[-44.774,-16.16],[-44.811,-16.156],[-44.856,-16.129],[-44.976,-16.163],[-45.05,-16.144],[-45.08,-16.122],[-45.067,-16.061],[-45.041,-16.008],[-45.047,-15.986],[-45.091,-15.983],[-45.126,-15.95],[-45.144,-15.9],[-45.194,-15.852],[-45.226,-15.844],[-45.258,-15.745],[-45.18,-15.666],[-45.122,-15.626],[-45.094,-15.587],[-45.036,-15.554],[-45.016,-15.564],[-44.982,-15.611],[-44.858,-15.735],[-44.797,-15.772],[-44.779,-15.807],[-44.72,-15.777],[-44.683,-15.776]]]}},{"type":"Feature","properties":{"codarea":"3161205"},"geometry":{"type":"Polygon","coordinates":[[[-45.039,-20.809],[-45.056,-20.817],[-45.069,-20.763],[-45.085,-20.744],[-45.061,-20.694],[-45.046,-20.633],[-45.019,-20.619],[-45.012,-20.57],[-44.999,-20.593],[-44.959,-20.61],[-44.941,-20.633],[-44.928,-20.662],[-44.938,-20.735],[-44.904,-20.758],[-44.906,-20.795],[-44.961,-20.809],[-45.039,-20.809]]]}},{"type":"Feature","properties":{"codarea":"3161304"},"geometry":{"type":"Polygon","coordinates":[[[-49.63,-19.676],[-49.654,-19.689],[-49.671,-19.757],[-49.649,-19.831],[-49.729,-19.878],[-49.749,-19.925],[-49.835,-19.933],[-49.854,-19.947],[-49.97,-19.92],[-50.003,-19.926],[-50.044,-19.916],[-50.106,-19.874],[-50.083,-19.834],[-50.091,-19.77],[-50.029,-19.761],[-50.014,-19.727],[-49.984,-19.695],[-49.946,-19.729],[-49.92,-19.727],[-49.869,-19.67],[-49.868,-19.636],[-49.834,-19.603],[-49.775,-19.654],[-49.678,-19.661],[-49.63,-19.676]]]}},{"type":"Feature","properties":{"codarea":"3161403"},"geometry":{"type":"Polygon","coordinates":[[[-42.201,-20.816],[-42.302,-20.862],[-42.352,-20.822],[-42.361,-20.778],[-42.295,-20.736],[-42.247,-20.737],[-42.206,-20.763],[-42.218,-20.793],[-42.201,-20.816]]]}},{"type":"Feature","properties":{"codarea":"3161502"},"geometry":{"type":"Polygon","coordinates":[[[-42.758,-20.966],[-42.813,-20.936],[-42.848,-20.951],[-42.915,-20.936],[-42.933,-20.947],[-42.929,-20.913],[-42.886,-20.847],[-42.852,-20.88],[-42.797,-20.866],[-42.756,-20.877],[-42.73,-20.862],[-42.721,-20.895],[-42.73,-20.938],[-42.758,-20.966]]]}},{"type":"Feature","properties":{"codarea":"3161601"},"geometry":{"type":"Polygon","coordinates":[[[-42.277,-18.972],[-42.355,-18.961],[-42.362,-18.926],[-42.346,-18.88],[-42.347,-18.843],[-42.327,-18.818],[-42.303,-18.806],[-42.273,-18.825],[-42.274,-18.874],[-42.261,-18.899],[-42.263,-18.942],[-42.277,-18.972]]]}},{"type":"Feature","properties":{"codarea":"3161650"},"geometry":{"type":"Polygon","coordinates":[[[-41.361,-18.825],[-41.301,-18.826],[-41.264,-18.866],[-41.322,-18.968],[-41.336,-18.965],[-41.358,-19.023],[-41.402,-19.023],[-41.459,-18.952],[-41.431,-18.908],[-41.461,-18.883],[-41.406,-18.866],[-41.361,-18.825]]]}},{"type":"Feature","properties":{"codarea":"3161700"},"geometry":{"type":"Polygon","coordinates":[[[-45.456,-17.847],[-45.468,-17.905],[-45.447,-17.917],[-45.388,-17.902],[-45.345,-17.91],[-45.338,-17.939],[-45.29,-17.962],[-45.264,-17.992],[-45.241,-17.976],[-45.198,-17.988],[-45.18,-18.029],[-45.209,-18.058],[-45.183,-18.09],[-45.188,-18.124],[-45.232,-18.108],[-45.239,-18.178],[-45.267,-18.221],[-45.319,-18.221],[-45.344,-18.259],[-45.407,-18.317],[-45.508,-18.316],[-45.574,-18.357],[-45.577,-18.371],[-45.628,-18.418],[-45.645,-18.482],[-45.705,-18.489],[-45.723,-18.507],[-45.781,-18.457],[-45.748,-18.407],[-45.774,-18.394],[-45.803,-18.403],[-45.882,-18.381],[-45.916,-18.386],[-46.01,-18.326],[-45.908,-18.31],[-45.882,-18.255],[-45.846,-18.233],[-45.806,-18.179],[-45.754,-18.169],[-45.69,-18.14],[-45.645,-18.088],[-45.633,-18.058],[-45.634,-18.013],[-45.607,-18.004],[-45.584,-17.942],[-45.515,-17.862],[-45.456,-17.847]]]}},{"type":"Feature","properties":{"codarea":"3161809"},"geometry":{"type":"Polygon","coordinates":[[[-44.888,-19.918],[-44.876,-19.873],[-44.893,-19.855],[-44.855,-19.858],[-44.816,-19.893],[-44.817,-19.919],[-44.789,-19.954],[-44.744,-19.962],[-44.754,-20.054],[-44.793,-20.062],[-44.861,-20.09],[-44.905,-19.974],[-44.877,-19.945],[-44.888,-19.918]]]}},{"type":"Feature","properties":{"codarea":"3161908"},"geometry":{"type":"Polygon","coordinates":[[[-43.419,-19.909],[-43.434,-19.876],[-43.394,-19.865],[-43.386,-19.745],[-43.4,-19.672],[-43.334,-19.677],[-43.329,-19.736],[-43.271,-19.777],[-43.223,-19.783],[-43.205,-19.817],[-43.22,-19.848],[-43.193,-19.868],[-43.221,-19.893],[-43.285,-19.902],[-43.317,-19.892],[-43.356,-19.922],[-43.374,-19.909],[-43.419,-19.909]]]}},{"type":"Feature","properties":{"codarea":"3162005"},"geometry":{"type":"Polygon","coordinates":[[[-45.717,-21.994],[-45.746,-21.924],[-45.729,-21.884],[-45.739,-21.862],[-45.705,-21.832],[-45.606,-21.849],[-45.602,-21.8],[-45.556,-21.789],[-45.517,-21.795],[-45.493,-21.813],[-45.501,-21.84],[-45.488,-21.904],[-45.436,-21.977],[-45.532,-22.006],[-45.619,-22.019],[-45.643,-21.985],[-45.684,-21.98],[-45.717,-21.994]]]}},{"type":"Feature","properties":{"codarea":"3162104"},"geometry":{"type":"Polygon","coordinates":[[[-46.11,-19.197],[-46.002,-19.267],[-45.931,-19.288],[-45.922,-19.216],[-45.834,-19.18],[-45.804,-19.196],[-45.81,-19.242],[-45.901,-19.438],[-45.902,-19.465],[-45.977,-19.46],[-46.013,-19.531],[-46.042,-19.554],[-46.128,-19.543],[-46.133,-19.462],[-46.156,-19.41],[-46.126,-19.369],[-46.136,-19.318],[-46.129,-19.255],[-46.11,-19.197]]]}},{"type":"Feature","properties":{"codarea":"3162203"},"geometry":{"type":"Polygon","coordinates":[[[-46.594,-20.567],[-46.535,-20.551],[-46.51,-20.52],[-46.519,-20.495],[-46.464,-20.443],[-46.5,-20.378],[-46.422,-20.415],[-46.433,-20.434],[-46.417,-20.484],[-46.346,-20.532],[-46.337,-20.553],[-46.304,-20.574],[-46.275,-20.66],[-46.326,-20.668],[-46.358,-20.686],[-46.399,-20.674],[-46.436,-20.691],[-46.468,-20.66],[-46.526,-20.66],[-46.586,-20.639],[-46.594,-20.567]]]}},{"type":"Feature","properties":{"codarea":"3162252"},"geometry":{"type":"Polygon","coordinates":[[[-44.146,-16.726],[-44.11,-16.748],[-44.072,-16.799],[-44.157,-16.83],[-44.241,-16.885],[-44.248,-16.909],[-44.348,-16.951],[-44.407,-17.028],[-44.462,-17.073],[-44.574,-17.076],[-44.569,-17.046],[-44.537,-17.033],[-44.481,-16.995],[-44.567,-16.858],[-44.429,-16.83],[-44.382,-16.788],[-44.294,-16.766],[-44.301,-16.709],[-44.315,-16.689],[-44.294,-16.658],[-44.248,-16.657],[-44.217,-16.627],[-44.215,-16.69],[-44.171,-16.722],[-44.146,-16.726]]]}},{"type":"Feature","properties":{"codarea":"3162302"},"geometry":{"type":"Polygon","coordinates":[[[-46.032,-21.886],[-45.983,-21.887],[-45.961,-21.917],[-45.925,-21.918],[-45.859,-21.894],[-45.849,-21.965],[-45.901,-21.998],[-45.906,-22.022],[-45.92,-21.988],[-45.96,-21.988],[-45.987,-21.943],[-45.987,-21.91],[-46.032,-21.886]]]}},{"type":"Feature","properties":{"codarea":"3162401"},"geometry":{"type":"Polygon","coordinates":[[[-44.236,-15.98],[-44.171,-15.903],[-44.175,-15.864],[-44.203,-15.829],[-44.124,-15.781],[-43.987,-15.766],[-43.927,-15.769],[-43.879,-15.748],[-43.794,-15.789],[-43.761,-15.78],[-43.698,-15.73],[-43.666,-15.731],[-43.644,-15.711],[-43.603,-15.721],[-43.594,-15.754],[-43.62,-15.785],[-43.635,-15.819],[-43.663,-15.84],[-43.636,-15.863],[-43.631,-15.906],[-43.641,-15.939],[-43.685,-15.987],[-43.702,-16.039],[-43.766,-16.089],[-43.825,-16.091],[-43.852,-16.111],[-43.891,-16.113],[-43.969,-16.087],[-44.012,-16.047],[-44.014,-16.029],[-44.067,-16.002],[-44.092,-16.017],[-44.127,-15.972],[-44.172,-15.987],[-44.206,-15.971],[-44.236,-15.98]]]}},{"type":"Feature","properties":{"codarea":"3162450"},"geometry":{"type":"Polygon","coordinates":[[[-44.007,-14.979],[-44.063,-14.991],[-44.106,-14.963],[-44.139,-14.976],[-44.215,-14.969],[-44.278,-14.994],[-44.394,-14.931],[-44.454,-14.926],[-44.484,-14.907],[-44.38,-14.849],[-44.296,-14.82],[-44.236,-14.788],[-44.213,-14.766],[-44.164,-14.773],[-44.142,-14.799],[-44.094,-14.828],[-44.099,-14.861],[-44.064,-14.895],[-44.056,-14.949],[-44.012,-14.961],[-44.007,-14.979]]]}},{"type":"Feature","properties":{"codarea":"3162500"},"geometry":{"type":"Polygon","coordinates":[[[-44.482,-21.408],[-44.521,-21.393],[-44.511,-21.354],[-44.556,-21.313],[-44.575,-21.309],[-44.508,-21.279],[-44.466,-21.231],[-44.461,-21.204],[-44.425,-21.178],[-44.407,-21.131],[-44.409,-21.09],[-44.334,-21.073],[-44.286,-21.045],[-44.264,-21.084],[-44.224,-21.075],[-44.205,-21.116],[-44.221,-21.115],[-44.229,-21.128],[-44.2,-21.123],[-44.023,-21.242],[-44.008,-21.289],[-44.024,-21.341],[-44.005,-21.363],[-44.089,-21.435],[-44.143,-21.386],[-44.199,-21.391],[-44.218,-21.375],[-44.261,-21.37],[-44.349,-21.393],[-44.364,-21.409],[-44.482,-21.408]]]}},{"type":"Feature","properties":{"codarea":"3162559"},"geometry":{"type":"Polygon","coordinates":[[[-42.188,-20.434],[-42.188,-20.348],[-42.206,-20.324],[-42.197,-20.294],[-42.152,-20.291],[-42.114,-20.305],[-42.124,-20.343],[-42.089,-20.36],[-42.116,-20.389],[-42.136,-20.469],[-42.156,-20.468],[-42.188,-20.434]]]}},{"type":"Feature","properties":{"codarea":"3162575"},"geometry":{"type":"Polygon","coordinates":[[[-41.147,-18.798],[-41.232,-18.797],[-41.227,-18.725],[-41.202,-18.683],[-41.14,-18.716],[-41.072,-18.777],[-41.147,-18.798]]]}},{"type":"Feature","properties":{"codarea":"3162609"},"geometry":{"type":"Polygon","coordinates":[[[-42.117,-19.345],[-42.135,-19.376],[-42.136,-19.415],[-42.153,-19.438],[-42.191,-19.421],[-42.203,-19.376],[-42.228,-19.375],[-42.206,-19.322],[-42.202,-19.279],[-42.18,-19.264],[-42.153,-19.326],[-42.12,-19.316],[-42.117,-19.345]]]}},{"type":"Feature","properties":{"codarea":"3162658"},"geometry":{"type":"Polygon","coordinates":[[[-44.678,-16.546],[-44.665,-16.526],[-44.609,-16.523],[-44.587,-16.495],[-44.472,-16.441],[-44.426,-16.472],[-44.434,-16.524],[-44.408,-16.569],[-44.438,-16.625],[-44.485,-16.628],[-44.516,-16.663],[-44.587,-16.636],[-44.588,-16.622],[-44.654,-16.579],[-44.678,-16.546]]]}},{"type":"Feature","properties":{"codarea":"3162708"},"geometry":{"type":"Polygon","coordinates":[[[-42.23,-15.418],[-42.219,-15.378],[-42.22,-15.324],[-42.198,-15.257],[-42.208,-15.223],[-42.273,-15.192],[-42.257,-15.161],[-42.266,-15.125],[-42.223,-15.1],[-42.155,-15.098],[-42.096,-15.182],[-41.995,-15.159],[-41.953,-15.176],[-41.897,-15.152],[-41.873,-15.117],[-41.802,-15.1],[-41.784,-15.134],[-41.8,-15.204],[-41.779,-15.218],[-41.777,-15.251],[-41.832,-15.248],[-41.851,-15.307],[-41.85,-15.332],[-41.88,-15.364],[-41.844,-15.413],[-41.816,-15.407],[-41.74,-15.444],[-41.74,-15.484],[-41.692,-15.524],[-41.713,-15.576],[-41.804,-15.612],[-41.853,-15.605],[-41.905,-15.631],[-41.935,-15.625],[-41.978,-15.564],[-41.976,-15.521],[-42.014,-15.469],[-42.055,-15.436],[-42.077,-15.395],[-42.112,-15.424],[-42.176,-15.414],[-42.23,-15.418]]]}},{"type":"Feature","properties":{"codarea":"3162807"},"geometry":{"type":"Polygon","coordinates":[[[-42.685,-18.587],[-42.72,-18.647],[-42.734,-18.623],[-42.803,-18.616],[-42.823,-18.672],[-42.851,-18.675],[-42.886,-18.636],[-42.91,-18.578],[-42.896,-18.561],[-42.865,-18.564],[-42.825,-18.53],[-42.809,-18.461],[-42.816,-18.407],[-42.755,-18.324],[-42.728,-18.317],[-42.693,-18.454],[-42.708,-18.544],[-42.685,-18.587]]]}},{"type":"Feature","properties":{"codarea":"3162906"},"geometry":{"type":"Polygon","coordinates":[[[-42.91,-21.516],[-42.893,-21.529],[-42.848,-21.529],[-42.869,-21.616],[-42.913,-21.664],[-42.958,-21.67],[-42.981,-21.65],[-42.986,-21.602],[-43.02,-21.585],[-43.133,-21.695],[-43.141,-21.663],[-43.179,-21.649],[-43.169,-21.618],[-43.135,-21.598],[-43.123,-21.571],[-43.091,-21.557],[-43.052,-21.481],[-43.028,-21.504],[-42.985,-21.49],[-42.942,-21.519],[-42.91,-21.516]]]}},{"type":"Feature","properties":{"codarea":"3162922"},"geometry":{"type":"Polygon","coordinates":[[[-44.196,-20.051],[-44.21,-20.101],[-44.252,-20.125],[-44.276,-20.112],[-44.288,-20.057],[-44.272,-20.005],[-44.248,-20.041],[-44.196,-20.051]]]}},{"type":"Feature","properties":{"codarea":"3162948"},"geometry":{"type":"Polygon","coordinates":[[[-46.358,-20.686],[-46.326,-20.668],[-46.275,-20.66],[-46.241,-20.688],[-46.21,-20.682],[-46.186,-20.698],[-46.15,-20.695],[-46.129,-20.717],[-46.141,-20.774],[-46.167,-20.801],[-46.193,-20.798],[-46.246,-20.831],[-46.268,-20.866],[-46.29,-20.837],[-46.296,-20.787],[-46.327,-20.758],[-46.335,-20.713],[-46.358,-20.686]]]}},{"type":"Feature","properties":{"codarea":"3162955"},"geometry":{"type":"Polygon","coordinates":[[[-44.007,-19.722],[-44.036,-19.706],[-44.039,-19.681],[-44.005,-19.656],[-43.988,-19.687],[-43.957,-19.67],[-43.938,-19.7],[-43.977,-19.731],[-44.007,-19.722]]]}},{"type":"Feature","properties":{"codarea":"3163003"},"geometry":{"type":"Polygon","coordinates":[[[-42.209,-18.244],[-42.199,-18.22],[-42.149,-18.227],[-42.088,-18.261],[-42.066,-18.261],[-42.063,-18.291],[-42.082,-18.348],[-42.051,-18.381],[-42.053,-18.418],[-42.1,-18.428],[-42.124,-18.394],[-42.128,-18.374],[-42.168,-18.358],[-42.19,-18.313],[-42.19,-18.261],[-42.209,-18.244]]]}},{"type":"Feature","properties":{"codarea":"3163102"},"geometry":{"type":"Polygon","coordinates":[[[-44.637,-19.729],[-44.641,-19.712],[-44.565,-19.604],[-44.541,-19.607],[-44.498,-19.639],[-44.499,-19.705],[-44.526,-19.745],[-44.573,-19.786],[-44.599,-19.795],[-44.637,-19.729]]]}},{"type":"Feature","properties":{"codarea":"3163201"},"geometry":{"type":"Polygon","coordinates":[[[-45.575,-22.322],[-45.551,-22.263],[-45.525,-22.303],[-45.45,-22.326],[-45.446,-22.355],[-45.482,-22.355],[-45.512,-22.373],[-45.546,-22.369],[-45.575,-22.322]]]}},{"type":"Feature","properties":{"codarea":"3163300"},"geometry":{"type":"Polygon","coordinates":[[[-41.46,-18.514],[-41.427,-18.445],[-41.441,-18.418],[-41.415,-18.307],[-41.428,-18.297],[-41.419,-18.282],[-41.364,-18.272],[-41.328,-18.275],[-41.288,-18.328],[-41.323,-18.337],[-41.307,-18.376],[-41.334,-18.432],[-41.312,-18.477],[-41.321,-18.505],[-41.365,-18.499],[-41.396,-18.53],[-41.46,-18.514]]]}},{"type":"Feature","properties":{"codarea":"3163409"},"geometry":{"type":"Polygon","coordinates":[[[-42.551,-19.886],[-42.637,-19.927],[-42.631,-19.961],[-42.653,-19.986],[-42.729,-20.008],[-42.74,-19.974],[-42.777,-19.956],[-42.753,-19.904],[-42.782,-19.872],[-42.682,-19.87],[-42.641,-19.906],[-42.612,-19.886],[-42.551,-19.886]]]}},{"type":"Feature","properties":{"codarea":"3163508"},"geometry":{"type":"Polygon","coordinates":[[[-42.712,-18.366],[-42.728,-18.317],[-42.728,-18.284],[-42.772,-18.251],[-42.761,-18.214],[-42.699,-18.189],[-42.675,-18.136],[-42.684,-18.105],[-42.633,-18.141],[-42.62,-18.169],[-42.582,-18.184],[-42.553,-18.235],[-42.562,-18.29],[-42.636,-18.284],[-42.685,-18.38],[-42.712,-18.366]]]}},{"type":"Feature","properties":{"codarea":"3163607"},"geometry":{"type":"Polygon","coordinates":[[[-41.807,-19.989],[-41.766,-19.983],[-41.72,-19.998],[-41.751,-20.042],[-41.744,-20.061],[-41.811,-20.043],[-41.807,-19.989]]]}},{"type":"Feature","properties":{"codarea":"3163706"},"geometry":{"type":"Polygon","coordinates":[[[-45.06,-22.144],[-45.089,-22.112],[-45.051,-22.075],[-45.007,-22.083],[-44.999,-22.151],[-45.06,-22.144]]]}},{"type":"Feature","properties":{"codarea":"3163805"},"geometry":{"type":"Polygon","coordinates":[[[-42.754,-20.745],[-42.793,-20.704],[-42.782,-20.673],[-42.698,-20.657],[-42.674,-20.67],[-42.673,-20.721],[-42.651,-20.759],[-42.675,-20.813],[-42.709,-20.839],[-42.729,-20.75],[-42.754,-20.745]]]}},{"type":"Feature","properties":{"codarea":"3163904"},"geometry":{"type":"Polygon","coordinates":[[[-46.73,-21.187],[-46.782,-21.158],[-46.76,-21.118],[-46.679,-21.11],[-46.649,-21.089],[-46.637,-21.011],[-46.608,-21.044],[-46.562,-21.062],[-46.539,-21.138],[-46.571,-21.197],[-46.618,-21.193],[-46.644,-21.177],[-46.667,-21.193],[-46.73,-21.187]]]}},{"type":"Feature","properties":{"codarea":"3164001"},"geometry":{"type":"Polygon","coordinates":[[[-42.653,-19.986],[-42.631,-19.961],[-42.637,-19.927],[-42.552,-19.886],[-42.535,-19.922],[-42.537,-19.953],[-42.502,-19.967],[-42.503,-20.052],[-42.529,-20.08],[-42.524,-20.137],[-42.478,-20.156],[-42.496,-20.195],[-42.518,-20.213],[-42.531,-20.252],[-42.552,-20.262],[-42.534,-20.221],[-42.562,-20.178],[-42.621,-20.16],[-42.622,-20.093],[-42.651,-20.046],[-42.653,-19.986]]]}},{"type":"Feature","properties":{"codarea":"3164100"},"geometry":{"type":"Polygon","coordinates":[[[-42.553,-18.235],[-42.51,-18.263],[-42.481,-18.269],[-42.477,-18.299],[-42.451,-18.331],[-42.472,-18.347],[-42.511,-18.337],[-42.544,-18.344],[-42.571,-18.389],[-42.577,-18.427],[-42.615,-18.416],[-42.656,-18.431],[-42.682,-18.486],[-42.704,-18.508],[-42.693,-18.454],[-42.712,-18.366],[-42.685,-18.38],[-42.636,-18.284],[-42.562,-18.29],[-42.553,-18.235]]]}},{"type":"Feature","properties":{"codarea":"3164209"},"geometry":{"type":"Polygon","coordinates":[[[-45.304,-16.268],[-45.233,-16.265],[-45.17,-16.204],[-45.184,-16.171],[-45.101,-16.151],[-45.08,-16.122],[-45.08,-16.146],[-45.055,-16.2],[-45.047,-16.243],[-45.061,-16.293],[-45.057,-16.365],[-45.066,-16.408],[-45.038,-16.424],[-45.067,-16.472],[-45.115,-16.481],[-45.117,-16.513],[-45.257,-16.543],[-45.305,-16.563],[-45.419,-16.503],[-45.462,-16.504],[-45.506,-16.52],[-45.527,-16.563],[-45.585,-16.563],[-45.622,-16.606],[-45.643,-16.612],[-45.691,-16.567],[-45.759,-16.531],[-45.788,-16.546],[-45.831,-16.506],[-45.784,-16.462],[-45.752,-16.45],[-45.713,-16.413],[-45.719,-16.388],[-45.704,-16.348],[-45.707,-16.302],[-45.681,-16.25],[-45.677,-16.21],[-45.655,-16.183],[-45.615,-16.177],[-45.568,-16.223],[-45.505,-16.258],[-45.484,-16.301],[-45.423,-16.279],[-45.366,-16.325],[-45.304,-16.268]]]}},{"type":"Feature","properties":{"codarea":"3164308"},"geometry":{"type":"Polygon","coordinates":[[[-46.08,-20.339],[-46.177,-20.344],[-46.28,-20.338],[-46.333,-20.357],[-46.388,-20.319],[-46.474,-20.391],[-46.52,-20.358],[-46.565,-20.366],[-46.572,-20.342],[-46.611,-20.334],[-46.675,-20.302],[-46.696,-20.277],[-46.743,-20.268],[-46.776,-20.275],[-46.784,-20.226],[-46.821,-20.195],[-46.873,-20.177],[-46.907,-20.181],[-46.927,-20.159],[-46.847,-20.126],[-46.831,-20.05],[-46.803,-20.026],[-46.751,-20.027],[-46.697,-20.049],[-46.629,-20.04],[-46.626,-19.994],[-46.582,-20.012],[-46.499,-20.005],[-46.489,-19.976],[-46.451,-19.975],[-46.405,-20.0],[-46.359,-20.058],[-46.31,-20.14],[-46.276,-20.142],[-46.226,-20.185],[-46.223,-20.221],[-46.168,-20.255],[-46.154,-20.289],[-46.122,-20.285],[-46.08,-20.339]]]}},{"type":"Feature","properties":{"codarea":"3164407"},"geometry":{"type":"Polygon","coordinates":[[[-45.665,-22.168],[-45.765,-22.21],[-45.848,-22.211],[-45.854,-22.236],[-45.876,-22.213],[-45.808,-22.099],[-45.743,-22.103],[-45.718,-22.136],[-45.692,-22.136],[-45.665,-22.168]]]}},{"type":"Feature","properties":{"codarea":"3164431"},"geometry":{"type":"Polygon","coordinates":[[[-42.655,-21.078],[-42.632,-21.012],[-42.582,-20.953],[-42.578,-20.999],[-42.547,-21.044],[-42.626,-21.077],[-42.655,-21.078]]]}},{"type":"Feature","properties":{"codarea":"3164472"},"geometry":{"type":"Polygon","coordinates":[[[-41.902,-19.565],[-41.919,-19.552],[-41.992,-19.539],[-42.0,-19.459],[-41.957,-19.455],[-41.938,-19.498],[-41.894,-19.538],[-41.902,-19.565]]]}},{"type":"Feature","properties":{"codarea":"3164506"},"geometry":{"type":"Polygon","coordinates":[[[-42.582,-18.184],[-42.62,-18.169],[-42.633,-18.141],[-42.703,-18.092],[-42.694,-18.068],[-42.645,-18.046],[-42.607,-17.992],[-42.571,-17.987],[-42.562,-17.948],[-42.522,-17.949],[-42.487,-17.927],[-42.462,-17.923],[-42.42,-18.006],[-42.443,-18.058],[-42.458,-18.067],[-42.472,-18.15],[-42.464,-18.178],[-42.488,-18.185],[-42.538,-18.16],[-42.582,-18.184]]]}},{"type":"Feature","properties":{"codarea":"3164605"},"geometry":{"type":"Polygon","coordinates":[[[-44.904,-20.259],[-44.94,-20.305],[-44.979,-20.329],[-45.033,-20.336],[-45.045,-20.356],[-45.127,-20.363],[-45.128,-20.333],[-45.114,-20.331],[-45.118,-20.258],[-45.154,-20.181],[-45.147,-20.16],[-45.097,-20.123],[-45.072,-20.149],[-45.008,-20.171],[-44.966,-20.214],[-44.942,-20.209],[-44.904,-20.259]]]}},{"type":"Feature","properties":{"codarea":"3164704"},"geometry":{"type":"Polygon","coordinates":[[[-47.148,-21.035],[-47.144,-20.982],[-47.181,-20.954],[-47.24,-20.885],[-47.227,-20.855],[-47.196,-20.877],[-47.152,-20.878],[-47.141,-20.858],[-47.085,-20.836],[-47.038,-20.836],[-47.047,-20.799],[-47.029,-20.731],[-46.985,-20.76],[-46.963,-20.793],[-46.92,-20.823],[-46.845,-20.916],[-46.804,-20.929],[-46.798,-20.976],[-46.824,-20.998],[-46.868,-21.011],[-46.892,-21.065],[-46.935,-21.062],[-46.965,-21.033],[-47.019,-21.014],[-47.108,-21.015],[-47.148,-21.035]]]}},{"type":"Feature","properties":{"codarea":"3164803"},"geometry":{"type":"Polygon","coordinates":[[[-43.191,-19.242],[-43.159,-19.252],[-43.125,-19.237],[-43.129,-19.284],[-43.149,-19.313],[-43.14,-19.334],[-43.197,-19.318],[-43.244,-19.325],[-43.266,-19.31],[-43.286,-19.347],[-43.324,-19.352],[-43.351,-19.326],[-43.281,-19.28],[-43.226,-19.299],[-43.191,-19.242]]]}},{"type":"Feature","properties":{"codarea":"3164902"},"geometry":{"type":"Polygon","coordinates":[[[-44.979,-22.277],[-45.015,-22.276],[-45.074,-22.237],[-45.06,-22.144],[-45.044,-22.149],[-45.016,-22.2],[-44.971,-22.218],[-44.979,-22.277]]]}},{"type":"Feature","properties":{"codarea":"3165008"},"geometry":{"type":"Polygon","coordinates":[[[-44.448,-20.786],[-44.454,-20.849],[-44.446,-20.899],[-44.479,-20.96],[-44.482,-21.044],[-44.509,-21.07],[-44.581,-21.103],[-44.621,-21.096],[-44.649,-20.992],[-44.661,-20.99],[-44.659,-20.899],[-44.709,-20.849],[-44.641,-20.856],[-44.611,-20.812],[-44.569,-20.805],[-44.515,-20.834],[-44.475,-20.793],[-44.448,-20.786]]]}},{"type":"Feature","properties":{"codarea":"3165107"},"geometry":{"type":"Polygon","coordinates":[[[-47.029,-20.731],[-47.047,-20.799],[-47.038,-20.836],[-47.085,-20.836],[-47.141,-20.858],[-47.152,-20.878],[-47.196,-20.877],[-47.227,-20.855],[-47.215,-20.827],[-47.225,-20.801],[-47.189,-20.771],[-47.186,-20.731],[-47.169,-20.703],[-47.127,-20.709],[-47.101,-20.682],[-47.076,-20.713],[-47.029,-20.731]]]}},{"type":"Feature","properties":{"codarea":"3165206"},"geometry":{"type":"Polygon","coordinates":[[[-44.885,-21.837],[-44.94,-21.829],[-44.976,-21.852],[-44.982,-21.832],[-45.026,-21.82],[-45.067,-21.74],[-45.037,-21.632],[-44.965,-21.629],[-44.911,-21.642],[-44.878,-21.628],[-44.893,-21.686],[-44.882,-21.708],[-44.888,-21.757],[-44.866,-21.797],[-44.885,-21.837]]]}},{"type":"Feature","properties":{"codarea":"3165305"},"geometry":{"type":"Polygon","coordinates":[[[-44.497,-21.576],[-44.456,-21.518],[-44.424,-21.532],[-44.426,-21.555],[-44.386,-21.586],[-44.399,-21.621],[-44.356,-21.656],[-44.349,-21.688],[-44.385,-21.714],[-44.421,-21.712],[-44.459,-21.732],[-44.497,-21.773],[-44.492,-21.79],[-44.572,-21.773],[-44.581,-21.751],[-44.57,-21.654],[-44.515,-21.618],[-44.497,-21.576]]]}},{"type":"Feature","properties":{"codarea":"3165404"},"geometry":{"type":"Polygon","coordinates":[[[-45.712,-22.77],[-45.771,-22.806],[-45.768,-22.836],[-45.848,-22.838],[-45.871,-22.872],[-45.909,-22.83],[-45.956,-22.85],[-45.965,-22.747],[-45.921,-22.721],[-45.873,-22.725],[-45.843,-22.757],[-45.805,-22.737],[-45.733,-22.722],[-45.712,-22.77]]]}},{"type":"Feature","properties":{"codarea":"3165503"},"geometry":{"type":"Polygon","coordinates":[[[-42.456,-18.814],[-42.505,-18.787],[-42.474,-18.736],[-42.352,-18.744],[-42.301,-18.74],[-42.324,-18.748],[-42.34,-18.792],[-42.327,-18.818],[-42.374,-18.828],[-42.397,-18.809],[-42.456,-18.814]]]}},{"type":"Feature","properties":{"codarea":"3165537"},"geometry":{"type":"Polygon","coordinates":[[[-44.181,-20.046],[-44.18,-20.031],[-44.116,-20.024],[-44.094,-20.029],[-44.064,-20.08],[-44.124,-20.099],[-44.152,-20.057],[-44.181,-20.046]]]}},{"type":"Feature","properties":{"codarea":"3165552"},"geometry":{"type":"Polygon","coordinates":[[[-41.984,-17.655],[-42.002,-17.695],[-42.043,-17.716],[-42.045,-17.698],[-42.116,-17.712],[-42.144,-17.702],[-42.142,-17.766],[-42.214,-17.771],[-42.214,-17.74],[-42.234,-17.677],[-42.257,-17.651],[-42.251,-17.615],[-42.288,-17.596],[-42.253,-17.554],[-42.261,-17.532],[-42.22,-17.459],[-42.19,-17.442],[-42.167,-17.495],[-42.133,-17.529],[-42.123,-17.585],[-42.074,-17.607],[-42.017,-17.616],[-41.984,-17.655]]]}},{"type":"Feature","properties":{"codarea":"3165560"},"geometry":{"type":"Polygon","coordinates":[[[-42.874,-20.037],[-42.838,-20.014],[-42.755,-20.02],[-42.742,-20.045],[-42.777,-20.07],[-42.761,-20.123],[-42.811,-20.146],[-42.87,-20.145],[-42.896,-20.119],[-42.894,-20.057],[-42.874,-20.037]]]}},{"type":"Feature","properties":{"codarea":"3165578"},"geometry":{"type":"Polygon","coordinates":[[[-46.296,-22.579],[-46.283,-22.515],[-46.223,-22.514],[-46.189,-22.502],[-46.148,-22.518],[-46.158,-22.547],[-46.137,-22.584],[-46.158,-22.616],[-46.277,-22.594],[-46.296,-22.579]]]}},{"type":"Feature","properties":{"codarea":"3165602"},"geometry":{"type":"Polygon","coordinates":[[[-42.961,-21.733],[-42.906,-21.728],[-42.899,-21.693],[-42.868,-21.703],[-42.883,-21.729],[-42.863,-21.756],[-42.863,-21.796],[-42.935,-21.829],[-42.967,-21.823],[-42.948,-21.779],[-42.961,-21.733]]]}},{"type":"Feature","properties":{"codarea":"3165701"},"geometry":{"type":"Polygon","coordinates":[[[-43.037,-20.929],[-43.069,-20.965],[-43.102,-20.956],[-43.13,-20.982],[-43.164,-20.959],[-43.173,-20.925],[-43.147,-20.848],[-43.082,-20.816],[-43.058,-20.827],[-43.081,-20.86],[-43.043,-20.882],[-43.037,-20.929]]]}},{"type":"Feature","properties":{"codarea":"3165800"},"geometry":{"type":"Polygon","coordinates":[[[-46.199,-22.138],[-46.14,-22.101],[-46.1,-22.101],[-46.097,-22.172],[-46.117,-22.209],[-46.152,-22.215],[-46.186,-22.177],[-46.199,-22.138]]]}},{"type":"Feature","properties":{"codarea":"3165909"},"geometry":{"type":"Polygon","coordinates":[[[-43.281,-18.023],[-43.294,-17.996],[-43.325,-18.006],[-43.321,-17.954],[-43.353,-17.942],[-43.408,-17.947],[-43.376,-17.873],[-43.381,-17.798],[-43.327,-17.765],[-43.335,-17.734],[-43.291,-17.713],[-43.301,-17.661],[-43.248,-17.642],[-43.247,-17.573],[-43.227,-17.563],[-43.158,-17.772],[-43.137,-17.807],[-43.122,-17.889],[-43.127,-17.958],[-43.107,-18.002],[-43.142,-18.023],[-43.142,-18.045],[-43.11,-18.064],[-43.137,-18.109],[-43.16,-18.085],[-43.166,-18.037],[-43.198,-18.02],[-43.269,-18.041],[-43.281,-18.023]]]}},{"type":"Feature","properties":{"codarea":"3166006"},"geometry":{"type":"Polygon","coordinates":[[[-43.425,-20.824],[-43.411,-20.751],[-43.291,-20.738],[-43.277,-20.754],[-43.266,-20.803],[-43.304,-20.82],[-43.295,-20.853],[-43.373,-20.867],[-43.425,-20.824]]]}},{"type":"Feature","properties":{"codarea":"3166105"},"geometry":{"type":"Polygon","coordinates":[[[-43.156,-18.971],[-43.168,-18.925],[-43.2,-18.86],[-43.159,-18.855],[-43.129,-18.826],[-43.101,-18.829],[-43.063,-18.79],[-43.01,-18.825],[-42.991,-18.851],[-43.007,-18.902],[-42.985,-18.93],[-42.985,-18.964],[-43.044,-19.035],[-43.084,-19.024],[-43.156,-18.971]]]}},{"type":"Feature","properties":{"codarea":"3166204"},"geometry":{"type":"Polygon","coordinates":[[[-43.631,-21.095],[-43.66,-21.032],[-43.709,-21.02],[-43.648,-20.954],[-43.581,-20.949],[-43.536,-20.996],[-43.512,-21.065],[-43.562,-21.132],[-43.631,-21.095]]]}},{"type":"Feature","properties":{"codarea":"3166303"},"geometry":{"type":"Polygon","coordinates":[[[-42.407,-20.577],[-42.44,-20.559],[-42.486,-20.557],[-42.51,-20.511],[-42.505,-20.475],[-42.529,-20.459],[-42.527,-20.425],[-42.504,-20.419],[-42.434,-20.435],[-42.386,-20.505],[-42.407,-20.533],[-42.407,-20.577]]]}},{"type":"Feature","properties":{"codarea":"3166402"},"geometry":{"type":"Polygon","coordinates":[[[-44.441,-21.873],[-44.399,-21.866],[-44.379,-21.941],[-44.396,-21.958],[-44.441,-21.959],[-44.466,-21.924],[-44.513,-21.927],[-44.556,-21.969],[-44.566,-21.94],[-44.558,-21.904],[-44.502,-21.906],[-44.441,-21.873]]]}},{"type":"Feature","properties":{"codarea":"3166501"},"geometry":{"type":"Polygon","coordinates":[[[-43.336,-18.394],[-43.264,-18.306],[-43.226,-18.299],[-43.202,-18.34],[-43.168,-18.338],[-43.139,-18.369],[-43.134,-18.424],[-43.113,-18.43],[-43.102,-18.468],[-43.168,-18.482],[-43.202,-18.433],[-43.245,-18.398],[-43.336,-18.394]]]}},{"type":"Feature","properties":{"codarea":"3166600"},"geometry":{"type":"Polygon","coordinates":[[[-45.901,-19.438],[-45.852,-19.325],[-45.817,-19.342],[-45.782,-19.268],[-45.752,-19.271],[-45.735,-19.306],[-45.713,-19.314],[-45.682,-19.344],[-45.678,-19.4],[-45.732,-19.452],[-45.745,-19.492],[-45.78,-19.474],[-45.804,-19.479],[-45.864,-19.43],[-45.901,-19.438]]]}},{"type":"Feature","properties":{"codarea":"3166709"},"geometry":{"type":"Polygon","coordinates":[[[-40.212,-17.895],[-40.294,-17.854],[-40.316,-17.804],[-40.306,-17.78],[-40.332,-17.686],[-40.347,-17.664],[-40.344,-17.616],[-40.323,-17.661],[-40.299,-17.675],[-40.273,-17.727],[-40.224,-17.734],[-40.218,-17.796],[-40.174,-17.852],[-40.212,-17.895]]]}},{"type":"Feature","properties":{"codarea":"3166808"},"geometry":{"type":"Polygon","coordinates":[[[-46.837,-19.303],[-46.898,-19.271],[-46.927,-19.289],[-46.957,-19.269],[-46.856,-19.183],[-46.846,-19.152],[-46.812,-19.158],[-46.776,-19.107],[-46.787,-19.044],[-46.753,-19.002],[-46.723,-19.022],[-46.685,-19.006],[-46.647,-19.049],[-46.624,-19.038],[-46.568,-18.988],[-46.508,-18.917],[-46.496,-18.948],[-46.441,-19.005],[-46.427,-19.057],[-46.412,-19.067],[-46.497,-19.157],[-46.527,-19.158],[-46.541,-19.193],[-46.523,-19.216],[-46.517,-19.27],[-46.496,-19.314],[-46.546,-19.337],[-46.594,-19.318],[-46.69,-19.318],[-46.72,-19.296],[-46.837,-19.303]]]}},{"type":"Feature","properties":{"codarea":"3166907"},"geometry":{"type":"Polygon","coordinates":[[[-45.981,-21.532],[-46.002,-21.576],[-46.056,-21.579],[-46.112,-21.615],[-46.084,-21.652],[-46.126,-21.64],[-46.174,-21.582],[-46.181,-21.519],[-46.064,-21.489],[-46.016,-21.501],[-45.981,-21.532]]]}},{"type":"Feature","properties":{"codarea":"3166956"},"geometry":{"type":"Polygon","coordinates":[[[-43.018,-15.806],[-42.942,-15.816],[-42.878,-15.687],[-42.826,-15.736],[-42.777,-15.729],[-42.762,-15.784],[-42.77,-15.819],[-42.795,-15.826],[-42.813,-15.9],[-42.796,-15.921],[-42.759,-15.932],[-42.756,-15.967],[-42.726,-16.042],[-42.748,-16.054],[-42.764,-16.013],[-42.901,-15.962],[-42.905,-15.934],[-42.946,-15.915],[-43.003,-15.854],[-43.018,-15.806]]]}},{"type":"Feature","properties":{"codarea":"3167004"},"geometry":{"type":"Polygon","coordinates":[[[-44.646,-21.774],[-44.613,-21.751],[-44.581,-21.751],[-44.572,-21.773],[-44.456,-21.796],[-44.441,-21.873],[-44.502,-21.906],[-44.558,-21.904],[-44.6,-21.868],[-44.582,-21.836],[-44.626,-21.812],[-44.646,-21.774]]]}},{"type":"Feature","properties":{"codarea":"3167103"},"geometry":{"type":"Polygon","coordinates":[[[-43.215,-18.598],[-43.206,-18.623],[-43.215,-18.661],[-43.205,-18.717],[-43.229,-18.742],[-43.294,-18.689],[-43.336,-18.672],[-43.377,-18.695],[-43.426,-18.757],[-43.494,-18.747],[-43.491,-18.718],[-43.511,-18.662],[-43.507,-18.634],[-43.523,-18.599],[-43.552,-18.59],[-43.609,-18.519],[-43.57,-18.439],[-43.53,-18.434],[-43.456,-18.326],[-43.459,-18.306],[-43.402,-18.294],[-43.324,-18.323],[-43.306,-18.281],[-43.276,-18.28],[-43.264,-18.306],[-43.382,-18.447],[-43.364,-18.483],[-43.37,-18.526],[-43.276,-18.521],[-43.247,-18.529],[-43.199,-18.568],[-43.215,-18.598]]]}},{"type":"Feature","properties":{"codarea":"3167202"},"geometry":{"type":"Polygon","coordinates":[[[-44.181,-19.524],[-44.207,-19.53],[-44.223,-19.599],[-44.243,-19.578],[-44.315,-19.592],[-44.307,-19.567],[-44.313,-19.511],[-44.355,-19.47],[-44.46,-19.409],[-44.425,-19.401],[-44.401,-19.413],[-44.352,-19.386],[-44.299,-19.404],[-44.301,-19.35],[-44.273,-19.34],[-44.231,-19.307],[-44.16,-19.293],[-44.148,-19.303],[-44.154,-19.371],[-44.128,-19.433],[-44.147,-19.427],[-44.17,-19.473],[-44.181,-19.524]]]}},{"type":"Feature","properties":{"codarea":"3167301"},"geometry":{"type":"Polygon","coordinates":[[[-43.245,-21.211],[-43.276,-21.191],[-43.253,-21.161],[-43.254,-21.105],[-43.24,-21.088],[-43.151,-21.069],[-43.132,-21.12],[-43.16,-21.147],[-43.167,-21.186],[-43.203,-21.223],[-43.245,-21.211]]]}},{"type":"Feature","properties":{"codarea":"3167400"},"geometry":{"type":"Polygon","coordinates":[[[-45.904,-22.11],[-45.928,-22.087],[-45.904,-22.048],[-45.901,-21.998],[-45.849,-21.965],[-45.731,-21.955],[-45.717,-21.994],[-45.678,-22.033],[-45.731,-22.08],[-45.743,-22.103],[-45.808,-22.099],[-45.817,-22.116],[-45.904,-22.11]]]}},{"type":"Feature","properties":{"codarea":"3167509"},"geometry":{"type":"Polygon","coordinates":[[[-43.346,-21.916],[-43.308,-21.919],[-43.268,-21.901],[-43.221,-21.983],[-43.228,-22.029],[-43.234,-22.014],[-43.327,-22.008],[-43.372,-21.953],[-43.346,-21.916]]]}},{"type":"Feature","properties":{"codarea":"3167608"},"geometry":{"type":"Polygon","coordinates":[[[-41.802,-19.832],[-41.844,-19.925],[-41.892,-19.956],[-41.895,-19.997],[-41.949,-19.982],[-41.983,-19.993],[-41.983,-20.05],[-41.957,-20.088],[-41.98,-20.125],[-41.959,-20.156],[-42.027,-20.149],[-42.05,-20.168],[-42.082,-20.149],[-42.073,-20.117],[-42.082,-20.075],[-42.126,-20.019],[-42.101,-19.965],[-42.056,-19.95],[-42.02,-19.917],[-41.976,-19.919],[-41.973,-19.882],[-41.889,-19.885],[-41.827,-19.829],[-41.802,-19.832]]]}},{"type":"Feature","properties":{"codarea":"3167707"},"geometry":{"type":"Polygon","coordinates":[[[-42.087,-19.244],[-42.088,-19.275],[-42.12,-19.316],[-42.153,-19.326],[-42.211,-19.17],[-42.232,-19.156],[-42.178,-19.121],[-42.13,-19.133],[-42.115,-19.19],[-42.074,-19.206],[-42.087,-19.244]]]}},{"type":"Feature","properties":{"codarea":"3167806"},"geometry":{"type":"Polygon","coordinates":[[[-45.075,-22.096],[-45.084,-22.05],[-45.13,-22.008],[-45.127,-21.982],[-45.107,-21.976],[-45.075,-22.01],[-45.051,-21.978],[-44.997,-21.949],[-44.971,-21.959],[-44.96,-22.022],[-44.94,-22.077],[-44.993,-22.092],[-45.007,-22.112],[-45.007,-22.083],[-45.051,-22.075],[-45.075,-22.096]]]}},{"type":"Feature","properties":{"codarea":"3167905"},"geometry":{"type":"Polygon","coordinates":[[[-43.353,-21.358],[-43.324,-21.297],[-43.268,-21.278],[-43.272,-21.317],[-43.236,-21.334],[-43.209,-21.318],[-43.159,-21.391],[-43.16,-21.421],[-43.194,-21.429],[-43.247,-21.417],[-43.261,-21.439],[-43.301,-21.432],[-43.309,-21.392],[-43.353,-21.358]]]}},{"type":"Feature","properties":{"codarea":"3168002"},"geometry":{"type":"Polygon","coordinates":[[[-42.328,-15.849],[-42.274,-15.818],[-42.258,-15.785],[-42.157,-15.719],[-42.123,-15.728],[-42.108,-15.681],[-42.06,-15.676],[-41.989,-15.656],[-41.935,-15.625],[-41.905,-15.631],[-41.916,-15.662],[-41.894,-15.732],[-41.859,-15.803],[-41.865,-15.836],[-41.906,-15.875],[-41.917,-15.906],[-41.908,-16.016],[-41.936,-15.996],[-42.003,-15.994],[-42.069,-15.967],[-42.104,-15.906],[-42.141,-15.922],[-42.156,-15.966],[-42.225,-15.951],[-42.249,-15.911],[-42.268,-15.915],[-42.291,-15.858],[-42.328,-15.849]]]}},{"type":"Feature","properties":{"codarea":"3168051"},"geometry":{"type":"Polygon","coordinates":[[[-41.591,-19.807],[-41.655,-19.832],[-41.674,-19.799],[-41.665,-19.769],[-41.68,-19.69],[-41.641,-19.667],[-41.495,-19.697],[-41.516,-19.718],[-41.556,-19.73],[-41.555,-19.755],[-41.581,-19.773],[-41.591,-19.807]]]}},{"type":"Feature","properties":{"codarea":"3168101"},"geometry":{"type":"Polygon","coordinates":[[[-46.831,-20.05],[-46.858,-20.031],[-46.953,-20.027],[-46.964,-20.01],[-47.018,-20.013],[-47.055,-19.992],[-47.063,-19.961],[-47.101,-19.91],[-47.169,-19.87],[-47.122,-19.848],[-47.074,-19.837],[-47.043,-19.809],[-47.015,-19.807],[-46.977,-19.779],[-46.871,-19.787],[-46.826,-19.775],[-46.714,-19.846],[-46.68,-19.897],[-46.667,-19.872],[-46.612,-19.905],[-46.601,-19.927],[-46.629,-19.941],[-46.629,-20.04],[-46.697,-20.049],[-46.751,-20.027],[-46.803,-20.026],[-46.831,-20.05]]]}},{"type":"Feature","properties":{"codarea":"3168200"},"geometry":{"type":"Polygon","coordinates":[[[-46.311,-19.863],[-46.322,-19.816],[-46.243,-19.785],[-46.208,-19.804],[-46.133,-19.802],[-46.088,-19.833],[-46.064,-19.867],[-46.027,-19.871],[-45.989,-19.913],[-45.99,-19.951],[-46.142,-19.957],[-46.222,-19.9],[-46.236,-19.92],[-46.276,-19.913],[-46.311,-19.863]]]}},{"type":"Feature","properties":{"codarea":"3168309"},"geometry":{"type":"Polygon","coordinates":[[[-43.629,-19.695],[-43.633,-19.715],[-43.708,-19.747],[-43.77,-19.726],[-43.755,-19.625],[-43.782,-19.611],[-43.768,-19.569],[-43.719,-19.55],[-43.637,-19.559],[-43.582,-19.514],[-43.575,-19.545],[-43.594,-19.578],[-43.599,-19.627],[-43.629,-19.695]]]}},{"type":"Feature","properties":{"codarea":"3168408"},"geometry":{"type":"Polygon","coordinates":[[[-42.028,-19.377],[-42.042,-19.357],[-42.098,-19.363],[-42.117,-19.345],[-42.12,-19.316],[-42.088,-19.275],[-42.087,-19.244],[-42.038,-19.253],[-42.014,-19.231],[-42.006,-19.169],[-41.967,-19.14],[-41.931,-19.178],[-41.959,-19.231],[-41.907,-19.242],[-41.888,-19.218],[-41.783,-19.218],[-41.776,-19.246],[-41.704,-19.273],[-41.684,-19.305],[-41.704,-19.332],[-41.746,-19.358],[-41.768,-19.407],[-41.823,-19.427],[-41.847,-19.422],[-41.888,-19.387],[-41.96,-19.348],[-41.991,-19.38],[-42.028,-19.377]]]}},{"type":"Feature","properties":{"codarea":"3168507"},"geometry":{"type":"Polygon","coordinates":[[[-42.93,-20.661],[-42.947,-20.619],[-42.87,-20.561],[-42.766,-20.626],[-42.769,-20.668],[-42.782,-20.673],[-42.846,-20.674],[-42.883,-20.695],[-42.911,-20.69],[-42.93,-20.661]]]}},{"type":"Feature","properties":{"codarea":"3168606"},"geometry":{"type":"Polygon","coordinates":[[[-41.142,-17.949],[-41.215,-17.932],[-41.252,-17.954],[-41.278,-17.984],[-41.33,-17.993],[-41.344,-18.024],[-41.369,-18.032],[-41.394,-18.002],[-41.462,-18.007],[-41.504,-18.037],[-41.541,-18.008],[-41.571,-18.019],[-41.593,-18.008],[-41.593,-17.971],[-41.644,-17.952],[-41.666,-17.913],[-41.635,-17.882],[-41.636,-17.845],[-41.603,-17.804],[-41.647,-17.794],[-41.672,-17.736],[-41.646,-17.716],[-41.633,-17.678],[-41.639,-17.607],[-41.65,-17.602],[-41.622,-17.553],[-41.601,-17.557],[-41.566,-17.492],[-41.529,-17.499],[-41.501,-17.458],[-41.431,-17.399],[-41.361,-17.411],[-41.347,-17.389],[-41.351,-17.347],[-41.324,-17.337],[-41.264,-17.349],[-41.238,-17.393],[-41.229,-17.435],[-41.255,-17.485],[-41.163,-17.54],[-41.131,-17.531],[-41.098,-17.56],[-41.061,-17.569],[-41.047,-17.604],[-41.087,-17.604],[-41.141,-17.649],[-41.193,-17.641],[-41.133,-17.708],[-41.131,-17.752],[-41.15,-17.778],[-41.088,-17.835],[-41.102,-17.869],[-41.153,-17.903],[-41.142,-17.949]]]}},{"type":"Feature","properties":{"codarea":"3168705"},"geometry":{"type":"Polygon","coordinates":[[[-42.689,-19.541],[-42.667,-19.528],[-42.576,-19.537],[-42.574,-19.515],[-42.514,-19.492],[-42.504,-19.515],[-42.524,-19.557],[-42.566,-19.586],[-42.573,-19.613],[-42.673,-19.585],[-42.708,-19.598],[-42.689,-19.541]]]}},{"type":"Feature","properties":{"codarea":"3168804"},"geometry":{"type":"Polygon","coordinates":[[[-44.2,-21.123],[-44.224,-21.075],[-44.2,-21.065],[-44.143,-21.073],[-44.142,-21.097],[-44.101,-21.121],[-44.092,-21.163],[-44.121,-21.179],[-44.2,-21.123]]]}},{"type":"Feature","properties":{"codarea":"3168903"},"geometry":{"type":"Polygon","coordinates":[[[-45.784,-19.157],[-45.804,-19.196],[-45.876,-19.154],[-45.933,-19.157],[-45.984,-19.189],[-46.002,-19.179],[-46.056,-19.079],[-46.028,-18.946],[-45.977,-18.898],[-45.95,-18.762],[-45.899,-18.738],[-45.862,-18.672],[-45.862,-18.64],[-45.833,-18.613],[-45.829,-18.587],[-45.801,-18.536],[-45.794,-18.486],[-45.773,-18.467],[-45.723,-18.507],[-45.705,-18.489],[-45.645,-18.482],[-45.623,-18.522],[-45.615,-18.572],[-45.637,-18.609],[-45.639,-18.665],[-45.668,-18.701],[-45.692,-18.709],[-45.702,-18.761],[-45.637,-18.792],[-45.645,-18.837],[-45.669,-18.845],[-45.716,-19.032],[-45.742,-19.051],[-45.784,-19.157]]]}},{"type":"Feature","properties":{"codarea":"3169000"},"geometry":{"type":"Polygon","coordinates":[[[-43.104,-21.201],[-43.093,-21.174],[-43.12,-21.119],[-43.102,-21.111],[-42.999,-21.137],[-42.986,-21.17],[-42.957,-21.164],[-42.923,-21.213],[-42.97,-21.257],[-43.024,-21.206],[-43.075,-21.218],[-43.104,-21.201]]]}},{"type":"Feature","properties":{"codarea":"3169059"},"geometry":{"type":"Polygon","coordinates":[[[-46.055,-22.373],[-46.067,-22.409],[-46.097,-22.395],[-46.161,-22.394],[-46.163,-22.377],[-46.244,-22.364],[-46.221,-22.306],[-46.173,-22.308],[-46.143,-22.328],[-46.098,-22.338],[-46.055,-22.373]]]}},{"type":"Feature","properties":{"codarea":"3169109"},"geometry":{"type":"Polygon","coordinates":[[[-46.473,-22.705],[-46.469,-22.673],[-46.393,-22.663],[-46.351,-22.669],[-46.308,-22.692],[-46.3,-22.722],[-46.333,-22.766],[-46.373,-22.747],[-46.453,-22.728],[-46.473,-22.705]]]}},{"type":"Feature","properties":{"codarea":"3169208"},"geometry":{"type":"Polygon","coordinates":[[[-42.102,-20.805],[-42.039,-20.807],[-41.93,-20.844],[-41.96,-20.883],[-41.979,-20.935],[-42.038,-20.927],[-42.138,-20.96],[-42.151,-20.974],[-42.165,-20.974],[-42.17,-20.896],[-42.187,-20.87],[-42.171,-20.854],[-42.097,-20.838],[-42.102,-20.805]]]}},{"type":"Feature","properties":{"codarea":"3169307"},"geometry":{"type":"Polygon","coordinates":[[[-45.328,-21.797],[-45.346,-21.767],[-45.34,-21.715],[-45.376,-21.676],[-45.404,-21.683],[-45.417,-21.668],[-45.391,-21.63],[-45.347,-21.632],[-45.331,-21.584],[-45.285,-21.601],[-45.255,-21.554],[-45.179,-21.538],[-45.112,-21.542],[-45.093,-21.612],[-45.037,-21.632],[-45.067,-21.74],[-45.043,-21.778],[-45.083,-21.773],[-45.117,-21.784],[-45.117,-21.852],[-45.142,-21.868],[-45.19,-21.816],[-45.209,-21.775],[-45.241,-21.799],[-45.297,-21.819],[-45.328,-21.797]]]}},{"type":"Feature","properties":{"codarea":"3169356"},"geometry":{"type":"Polygon","coordinates":[[[-44.734,-18.14],[-44.749,-18.17],[-44.805,-18.171],[-44.813,-18.213],[-44.834,-18.23],[-44.811,-18.297],[-44.83,-18.315],[-44.838,-18.387],[-44.866,-18.436],[-44.848,-18.474],[-44.85,-18.546],[-44.903,-18.526],[-44.923,-18.504],[-44.999,-18.521],[-45.044,-18.502],[-45.096,-18.535],[-45.156,-18.599],[-45.145,-18.645],[-45.162,-18.667],[-45.214,-18.645],[-45.237,-18.593],[-45.22,-18.542],[-45.295,-18.491],[-45.352,-18.474],[-45.358,-18.447],[-45.303,-18.413],[-45.284,-18.354],[-45.316,-18.309],[-45.287,-18.27],[-45.263,-18.26],[-45.267,-18.221],[-45.239,-18.178],[-45.232,-18.108],[-45.188,-18.124],[-45.183,-18.09],[-45.209,-18.058],[-45.18,-18.029],[-45.198,-17.988],[-45.18,-17.958],[-45.116,-17.931],[-45.099,-17.963],[-45.073,-17.968],[-45.02,-18.008],[-45.01,-18.06],[-44.952,-18.086],[-44.932,-18.081],[-44.874,-18.097],[-44.848,-18.13],[-44.801,-18.132],[-44.749,-18.152],[-44.734,-18.14]]]}},{"type":"Feature","properties":{"codarea":"3169406"},"geometry":{"type":"Polygon","coordinates":[[[-45.545,-21.498],[-45.561,-21.503],[-45.59,-21.463],[-45.628,-21.447],[-45.664,-21.459],[-45.695,-21.437],[-45.676,-21.413],[-45.701,-21.377],[-45.687,-21.335],[-45.483,-21.296],[-45.378,-21.311],[-45.327,-21.329],[-45.275,-21.36],[-45.273,-21.377],[-45.334,-21.42],[-45.335,-21.453],[-45.365,-21.481],[-45.443,-21.46],[-45.49,-21.479],[-45.485,-21.512],[-45.545,-21.498]]]}},{"type":"Feature","properties":{"codarea":"3169505"},"geometry":{"type":"Polygon","coordinates":[[[-41.705,-19.095],[-41.699,-19.046],[-41.736,-19.049],[-41.74,-19.0],[-41.767,-18.973],[-41.804,-18.976],[-41.889,-19.021],[-41.937,-18.983],[-41.892,-18.933],[-41.759,-18.898],[-41.713,-18.91],[-41.706,-18.941],[-41.673,-18.963],[-41.613,-18.974],[-41.537,-19.014],[-41.532,-19.038],[-41.559,-19.101],[-41.617,-19.116],[-41.611,-19.142],[-41.634,-19.177],[-41.674,-19.148],[-41.705,-19.095]]]}},{"type":"Feature","properties":{"codarea":"3169604"},"geometry":{"type":"Polygon","coordinates":[[[-49.005,-18.537],[-49.043,-18.507],[-49.045,-18.476],[-49.026,-18.431],[-49.054,-18.403],[-49.03,-18.369],[-49.006,-18.374],[-48.959,-18.323],[-48.918,-18.306],[-48.832,-18.346],[-48.828,-18.375],[-48.758,-18.345],[-48.742,-18.352],[-48.654,-18.343],[-48.593,-18.412],[-48.604,-18.478],[-48.57,-18.5],[-48.56,-18.554],[-48.533,-18.559],[-48.517,-18.595],[-48.534,-18.629],[-48.513,-18.657],[-48.508,-18.734],[-48.498,-18.757],[-48.553,-18.788],[-48.562,-18.824],[-48.601,-18.84],[-48.581,-18.798],[-48.627,-18.762],[-48.667,-18.762],[-48.804,-18.688],[-48.832,-18.694],[-48.84,-18.649],[-48.829,-18.606],[-48.916,-18.589],[-48.932,-18.556],[-49.005,-18.537]]]}},{"type":"Feature","properties":{"codarea":"3169703"},"geometry":{"type":"Polygon","coordinates":[[[-42.869,-17.401],[-42.879,-17.363],[-42.945,-17.322],[-42.996,-17.359],[-43.007,-17.331],[-43.042,-17.308],[-43.084,-17.253],[-43.07,-17.224],[-43.026,-17.186],[-42.985,-17.166],[-42.97,-17.106],[-42.899,-17.04],[-42.835,-17.042],[-42.796,-17.02],[-42.794,-17.051],[-42.821,-17.107],[-42.809,-17.126],[-42.826,-17.181],[-42.764,-17.171],[-42.742,-17.136],[-42.692,-17.126],[-42.659,-17.163],[-42.691,-17.201],[-42.699,-17.322],[-42.655,-17.363],[-42.61,-17.383],[-42.602,-17.342],[-42.574,-17.346],[-42.583,-17.417],[-42.559,-17.485],[-42.599,-17.501],[-42.633,-17.422],[-42.679,-17.405],[-42.726,-17.329],[-42.744,-17.353],[-42.869,-17.401]]]}},{"type":"Feature","properties":{"codarea":"3169802"},"geometry":{"type":"Polygon","coordinates":[[[-45.849,-21.965],[-45.859,-21.894],[-45.875,-21.848],[-45.849,-21.809],[-45.788,-21.823],[-45.732,-21.805],[-45.739,-21.862],[-45.729,-21.884],[-45.746,-21.924],[-45.731,-21.955],[-45.849,-21.965]]]}},{"type":"Feature","properties":{"codarea":"3169901"},"geometry":{"type":"Polygon","coordinates":[[[-43.102,-21.111],[-43.087,-21.083],[-43.084,-21.03],[-43.107,-20.996],[-43.102,-20.956],[-43.069,-20.965],[-43.069,-20.98],[-43.008,-21.036],[-42.967,-21.046],[-42.923,-21.014],[-42.869,-21.055],[-42.846,-21.107],[-42.884,-21.2],[-42.861,-21.242],[-42.884,-21.261],[-42.909,-21.247],[-42.955,-21.265],[-42.97,-21.257],[-42.923,-21.213],[-42.957,-21.164],[-42.986,-21.17],[-42.999,-21.137],[-43.102,-21.111]]]}},{"type":"Feature","properties":{"codarea":"3170008"},"geometry":{"type":"Polygon","coordinates":[[[-44.72,-16.179],[-44.67,-16.209],[-44.678,-16.246],[-44.676,-16.314],[-44.667,-16.336],[-44.704,-16.381],[-44.929,-16.533],[-44.972,-16.549],[-44.951,-16.508],[-44.962,-16.493],[-45.019,-16.48],[-45.034,-16.453],[-45.067,-16.472],[-45.038,-16.424],[-45.066,-16.408],[-45.057,-16.365],[-45.044,-16.382],[-44.961,-16.354],[-44.946,-16.333],[-44.872,-16.288],[-44.752,-16.195],[-44.72,-16.179]]]}},{"type":"Feature","properties":{"codarea":"3170057"},"geometry":{"type":"Polygon","coordinates":[[[-42.162,-19.615],[-42.127,-19.62],[-42.069,-19.596],[-42.046,-19.6],[-42.038,-19.634],[-42.004,-19.622],[-41.967,-19.663],[-42.018,-19.709],[-42.067,-19.689],[-42.096,-19.739],[-42.114,-19.741],[-42.121,-19.677],[-42.154,-19.671],[-42.162,-19.615]]]}},{"type":"Feature","properties":{"codarea":"3170107"},"geometry":{"type":"Polygon","coordinates":[[[-48.154,-19.883],[-48.231,-19.846],[-48.273,-19.774],[-48.327,-19.741],[-48.214,-19.695],[-48.184,-19.695],[-48.169,-19.646],[-48.168,-19.601],[-48.147,-19.579],[-48.221,-19.49],[-48.249,-19.474],[-48.272,-19.439],[-48.306,-19.448],[-48.355,-19.412],[-48.347,-19.368],[-48.309,-19.284],[-48.268,-19.238],[-48.225,-19.217],[-48.229,-19.19],[-48.15,-19.158],[-48.089,-19.215],[-48.089,-19.239],[-48.003,-19.253],[-47.989,-19.311],[-47.959,-19.337],[-47.949,-19.294],[-47.903,-19.264],[-47.903,-19.211],[-47.921,-19.135],[-47.913,-19.097],[-47.891,-19.107],[-47.853,-19.094],[-47.834,-19.156],[-47.809,-19.178],[-47.807,-19.224],[-47.788,-19.254],[-47.799,-19.307],[-47.796,-19.38],[-47.776,-19.421],[-47.786,-19.439],[-47.765,-19.521],[-47.686,-19.567],[-47.615,-19.565],[-47.612,-19.599],[-47.585,-19.623],[-47.604,-19.67],[-47.637,-19.681],[-47.652,-19.757],[-47.694,-19.817],[-47.686,-19.857],[-47.758,-19.903],[-47.797,-19.905],[-47.842,-19.867],[-47.86,-19.911],[-47.84,-19.929],[-47.851,-19.99],[-47.875,-20.019],[-47.861,-20.045],[-47.87,-20.076],[-47.899,-20.126],[-47.931,-20.11],[-47.946,-20.061],[-47.981,-20.036],[-47.994,-19.994],[-48.035,-19.954],[-48.009,-19.911],[-48.015,-19.895],[-48.068,-19.853],[-48.106,-19.844],[-48.154,-19.883]]]}},{"type":"Feature","properties":{"codarea":"3170206"},"geometry":{"type":"Polygon","coordinates":[[[-48.061,-18.886],[-48.02,-18.916],[-48.007,-18.972],[-47.979,-19.001],[-47.956,-19.07],[-47.932,-19.068],[-47.913,-19.097],[-47.921,-19.135],[-47.903,-19.211],[-47.903,-19.264],[-47.949,-19.294],[-47.959,-19.337],[-47.989,-19.311],[-48.003,-19.253],[-48.089,-19.239],[-48.089,-19.215],[-48.15,-19.158],[-48.229,-19.19],[-48.225,-19.217],[-48.268,-19.238],[-48.309,-19.284],[-48.347,-19.368],[-48.355,-19.412],[-48.399,-19.41],[-48.44,-19.391],[-48.476,-19.346],[-48.465,-19.328],[-48.573,-19.229],[-48.645,-19.209],[-48.672,-19.189],[-48.725,-19.181],[-48.824,-19.103],[-48.76,-19.076],[-48.706,-19.074],[-48.676,-19.019],[-48.643,-18.987],[-48.631,-18.954],[-48.572,-18.994],[-48.538,-18.967],[-48.521,-18.904],[-48.553,-18.893],[-48.601,-18.84],[-48.562,-18.824],[-48.553,-18.788],[-48.498,-18.757],[-48.508,-18.734],[-48.513,-18.657],[-48.534,-18.629],[-48.517,-18.595],[-48.49,-18.599],[-48.438,-18.66],[-48.395,-18.634],[-48.329,-18.642],[-48.31,-18.725],[-48.261,-18.739],[-48.258,-18.775],[-48.222,-18.758],[-48.168,-18.776],[-48.15,-18.814],[-48.111,-18.817],[-48.114,-18.843],[-48.061,-18.886]]]}},{"type":"Feature","properties":{"codarea":"3170305"},"geometry":{"type":"Polygon","coordinates":[[[-40.548,-17.284],[-40.595,-17.324],[-40.605,-17.356],[-40.637,-17.394],[-40.687,-17.389],[-40.707,-17.36],[-40.748,-17.347],[-40.748,-17.321],[-40.784,-17.262],[-40.75,-17.177],[-40.759,-17.16],[-40.699,-17.209],[-40.633,-17.205],[-40.579,-17.15],[-40.554,-17.189],[-40.571,-17.253],[-40.548,-17.284]]]}},{"type":"Feature","properties":{"codarea":"3170404"},"geometry":{"type":"Polygon","coordinates":[[[-47.226,-16.721],[-47.246,-16.701],[-47.252,-16.665],[-47.347,-16.591],[-47.374,-16.593],[-47.431,-16.549],[-47.459,-16.504],[-47.455,-16.466],[-47.429,-16.437],[-47.427,-16.399],[-47.365,-16.33],[-47.352,-16.275],[-47.322,-16.231],[-47.323,-16.209],[-47.234,-16.215],[-47.209,-16.188],[-47.114,-16.196],[-47.042,-16.177],[-47.01,-16.188],[-46.993,-16.165],[-46.992,-16.102],[-46.929,-16.134],[-46.89,-16.116],[-46.953,-16.0],[-46.939,-15.931],[-46.953,-15.917],[-46.825,-15.886],[-46.737,-15.827],[-46.734,-15.813],[-46.637,-15.789],[-46.612,-15.814],[-46.568,-15.827],[-46.517,-15.818],[-46.458,-15.851],[-46.447,-15.875],[-46.462,-15.904],[-46.392,-15.982],[-46.433,-16.04],[-46.382,-16.087],[-46.397,-16.105],[-46.379,-16.174],[-46.344,-16.248],[-46.315,-16.253],[-46.311,-16.299],[-46.34,-16.274],[-46.384,-16.264],[-46.459,-16.287],[-46.501,-16.331],[-46.513,-16.382],[-46.558,-16.374],[-46.534,-16.448],[-46.539,-16.499],[-46.557,-16.515],[-46.566,-16.564],[-46.556,-16.633],[-46.505,-16.652],[-46.488,-16.703],[-46.467,-16.701],[-46.436,-16.716],[-46.39,-16.819],[-46.307,-16.871],[-46.26,-16.925],[-46.205,-16.939],[-46.205,-16.962],[-46.237,-16.984],[-46.279,-16.958],[-46.344,-16.95],[-46.365,-16.925],[-46.421,-16.892],[-46.44,-16.902],[-46.522,-16.883],[-46.562,-16.882],[-46.624,-16.834],[-46.654,-16.794],[-46.679,-16.796],[-46.741,-16.864],[-46.763,-16.859],[-46.853,-16.903],[-46.869,-16.875],[-46.919,-16.844],[-46.915,-16.804],[-46.941,-16.772],[-46.935,-16.698],[-46.953,-16.666],[-46.979,-16.664],[-47.0,-16.603],[-47.024,-16.597],[-47.061,-16.615],[-47.082,-16.642],[-47.129,-16.663],[-47.21,-16.736],[-47.226,-16.721]]]}},{"type":"Feature","properties":{"codarea":"3170438"},"geometry":{"type":"Polygon","coordinates":[[[-50.455,-19.581],[-50.468,-19.539],[-50.493,-19.507],[-50.488,-19.469],[-50.517,-19.43],[-50.477,-19.366],[-50.468,-19.322],[-50.515,-19.274],[-50.517,-19.26],[-50.465,-19.233],[-50.428,-19.236],[-50.401,-19.222],[-50.321,-19.234],[-50.236,-19.281],[-50.173,-19.305],[-50.191,-19.375],[-50.171,-19.419],[-50.19,-19.512],[-50.235,-19.584],[-50.266,-19.593],[-50.343,-19.55],[-50.364,-19.58],[-50.417,-19.592],[-50.455,-19.581]]]}},{"type":"Feature","properties":{"codarea":"3170479"},"geometry":{"type":"Polygon","coordinates":[[[-46.231,-16.238],[-46.22,-16.258],[-46.265,-16.293],[-46.276,-16.32],[-46.311,-16.299],[-46.315,-16.253],[-46.344,-16.248],[-46.379,-16.174],[-46.397,-16.105],[-46.382,-16.087],[-46.433,-16.04],[-46.392,-15.982],[-46.462,-15.904],[-46.447,-15.875],[-46.374,-15.938],[-46.316,-15.975],[-46.288,-15.969],[-46.248,-15.983],[-46.188,-16.031],[-46.232,-16.089],[-46.235,-16.13],[-46.294,-16.172],[-46.263,-16.225],[-46.231,-16.238]]]}},{"type":"Feature","properties":{"codarea":"3170503"},"geometry":{"type":"Polygon","coordinates":[[[-42.665,-20.268],[-42.651,-20.277],[-42.664,-20.327],[-42.689,-20.344],[-42.716,-20.385],[-42.746,-20.398],[-42.787,-20.366],[-42.807,-20.318],[-42.763,-20.269],[-42.678,-20.291],[-42.665,-20.268]]]}},{"type":"Feature","properties":{"codarea":"3170529"},"geometry":{"type":"Polygon","coordinates":[[[-45.655,-16.183],[-45.694,-16.15],[-45.752,-16.129],[-45.8,-16.174],[-45.832,-16.152],[-45.863,-16.169],[-45.896,-16.147],[-45.906,-16.107],[-45.842,-16.088],[-45.806,-16.062],[-45.777,-15.951],[-45.737,-15.91],[-45.722,-15.866],[-45.586,-15.718],[-45.508,-15.766],[-45.465,-15.78],[-45.387,-15.889],[-45.366,-15.889],[-45.415,-15.927],[-45.438,-15.982],[-45.421,-16.017],[-45.386,-16.046],[-45.367,-16.087],[-45.394,-16.124],[-45.362,-16.152],[-45.362,-16.223],[-45.317,-16.269],[-45.304,-16.268],[-45.366,-16.325],[-45.423,-16.279],[-45.484,-16.301],[-45.505,-16.258],[-45.568,-16.223],[-45.615,-16.177],[-45.655,-16.183]]]}},{"type":"Feature","properties":{"codarea":"3170578"},"geometry":{"type":"Polygon","coordinates":[[[-42.264,-19.583],[-42.281,-19.651],[-42.365,-19.646],[-42.399,-19.604],[-42.347,-19.59],[-42.352,-19.568],[-42.301,-19.538],[-42.268,-19.554],[-42.264,-19.583]]]}},{"type":"Feature","properties":{"codarea":"3170602"},"geometry":{"type":"Polygon","coordinates":[[[-46.474,-20.391],[-46.388,-20.319],[-46.333,-20.357],[-46.28,-20.338],[-46.215,-20.338],[-46.224,-20.367],[-46.266,-20.382],[-46.267,-20.417],[-46.288,-20.433],[-46.256,-20.461],[-46.21,-20.445],[-46.222,-20.506],[-46.248,-20.508],[-46.287,-20.536],[-46.289,-20.56],[-46.337,-20.553],[-46.346,-20.532],[-46.417,-20.484],[-46.433,-20.434],[-46.422,-20.415],[-46.474,-20.391]]]}},{"type":"Feature","properties":{"codarea":"3170651"},"geometry":{"type":"Polygon","coordinates":[[[-42.23,-15.418],[-42.245,-15.46],[-42.318,-15.47],[-42.384,-15.472],[-42.421,-15.446],[-42.403,-15.42],[-42.407,-15.389],[-42.379,-15.343],[-42.349,-15.315],[-42.351,-15.283],[-42.337,-15.202],[-42.273,-15.192],[-42.208,-15.223],[-42.198,-15.257],[-42.22,-15.324],[-42.219,-15.378],[-42.23,-15.418]]]}},{"type":"Feature","properties":{"codarea":"3170701"},"geometry":{"type":"Polygon","coordinates":[[[-45.417,-21.668],[-45.462,-21.658],[-45.457,-21.621],[-45.52,-21.602],[-45.547,-21.545],[-45.545,-21.498],[-45.485,-21.512],[-45.49,-21.479],[-45.443,-21.46],[-45.365,-21.481],[-45.29,-21.52],[-45.255,-21.554],[-45.285,-21.601],[-45.331,-21.584],[-45.347,-21.632],[-45.391,-21.63],[-45.417,-21.668]]]}},{"type":"Feature","properties":{"codarea":"3170750"},"geometry":{"type":"Polygon","coordinates":[[[-46.01,-18.326],[-45.916,-18.386],[-45.882,-18.381],[-45.803,-18.403],[-45.774,-18.394],[-45.748,-18.407],[-45.781,-18.457],[-45.773,-18.467],[-45.794,-18.486],[-45.801,-18.536],[-45.829,-18.587],[-45.937,-18.569],[-45.966,-18.531],[-46.007,-18.555],[-46.037,-18.534],[-46.094,-18.528],[-46.108,-18.515],[-46.093,-18.425],[-46.038,-18.387],[-46.01,-18.326]]]}},{"type":"Feature","properties":{"codarea":"3170800"},"geometry":{"type":"Polygon","coordinates":[[[-45.007,-17.721],[-45.014,-17.686],[-45.035,-17.659],[-45.045,-17.611],[-44.982,-17.551],[-44.987,-17.519],[-44.957,-17.549],[-44.9,-17.555],[-44.88,-17.52],[-44.823,-17.497],[-44.774,-17.464],[-44.748,-17.468],[-44.756,-17.41],[-44.781,-17.402],[-44.794,-17.317],[-44.77,-17.286],[-44.816,-17.254],[-44.83,-17.204],[-44.855,-17.174],[-44.831,-17.123],[-44.789,-17.102],[-44.806,-17.051],[-44.77,-17.053],[-44.757,-17.078],[-44.712,-17.087],[-44.709,-17.12],[-44.65,-17.168],[-44.679,-17.182],[-44.688,-17.221],[-44.652,-17.284],[-44.614,-17.328],[-44.625,-17.365],[-44.587,-17.395],[-44.578,-17.368],[-44.534,-17.413],[-44.518,-17.403],[-44.484,-17.446],[-44.434,-17.456],[-44.458,-17.505],[-44.451,-17.529],[-44.468,-17.605],[-44.528,-17.6],[-44.558,-17.619],[-44.558,-17.66],[-44.596,-17.732],[-44.61,-17.783],[-44.648,-17.76],[-44.649,-17.691],[-44.704,-17.69],[-44.737,-17.705],[-44.752,-17.757],[-44.823,-17.745],[-44.849,-17.732],[-44.879,-17.744],[-44.985,-17.717],[-45.007,-17.721]]]}},{"type":"Feature","properties":{"codarea":"3170909"},"geometry":{"type":"Polygon","coordinates":[[[-44.063,-15.771],[-44.08,-15.653],[-44.055,-15.608],[-44.066,-15.582],[-44.058,-15.519],[-44.03,-15.487],[-43.971,-15.532],[-43.917,-15.512],[-43.909,-15.495],[-43.88,-15.491],[-43.837,-15.524],[-43.776,-15.539],[-43.773,-15.558],[-43.834,-15.612],[-43.841,-15.645],[-43.806,-15.692],[-43.795,-15.731],[-43.761,-15.78],[-43.794,-15.789],[-43.879,-15.748],[-43.927,-15.769],[-44.063,-15.771]]]}},{"type":"Feature","properties":{"codarea":"3171006"},"geometry":{"type":"Polygon","coordinates":[[[-46.951,-18.205],[-46.99,-18.225],[-47.001,-18.194],[-47.035,-18.212],[-47.088,-18.202],[-47.103,-18.151],[-47.088,-18.12],[-47.157,-18.013],[-47.174,-18.0],[-47.163,-17.965],[-47.09,-17.921],[-47.031,-17.934],[-46.996,-17.899],[-46.97,-17.896],[-46.94,-17.843],[-46.945,-17.791],[-46.923,-17.767],[-46.92,-17.716],[-46.9,-17.703],[-46.881,-17.649],[-46.858,-17.614],[-46.797,-17.593],[-46.779,-17.611],[-46.736,-17.618],[-46.674,-17.571],[-46.665,-17.538],[-46.61,-17.512],[-46.585,-17.515],[-46.588,-17.599],[-46.612,-17.654],[-46.608,-17.714],[-46.574,-17.747],[-46.613,-17.739],[-46.672,-17.771],[-46.664,-17.794],[-46.687,-17.836],[-46.718,-17.852],[-46.775,-17.952],[-46.81,-17.97],[-46.84,-18.002],[-46.87,-18.054],[-46.892,-18.071],[-46.925,-18.067],[-46.952,-18.174],[-46.951,-18.205]]]}},{"type":"Feature","properties":{"codarea":"3171030"},"geometry":{"type":"Polygon","coordinates":[[[-43.443,-15.359],[-43.401,-15.39],[-43.384,-15.44],[-43.363,-15.467],[-43.388,-15.5],[-43.393,-15.531],[-43.508,-15.662],[-43.603,-15.721],[-43.644,-15.711],[-43.666,-15.731],[-43.698,-15.73],[-43.761,-15.78],[-43.795,-15.731],[-43.806,-15.692],[-43.841,-15.645],[-43.834,-15.612],[-43.773,-15.558],[-43.776,-15.539],[-43.837,-15.524],[-43.88,-15.491],[-43.909,-15.495],[-43.863,-15.444],[-43.804,-15.415],[-43.763,-15.414],[-43.734,-15.378],[-43.66,-15.377],[-43.646,-15.401],[-43.443,-15.359]]]}},{"type":"Feature","properties":{"codarea":"3171071"},"geometry":{"type":"Polygon","coordinates":[[[-42.599,-17.501],[-42.581,-17.566],[-42.551,-17.588],[-42.54,-17.621],[-42.589,-17.631],[-42.613,-17.601],[-42.663,-17.586],[-42.653,-17.554],[-42.724,-17.547],[-42.721,-17.588],[-42.76,-17.625],[-42.772,-17.584],[-42.805,-17.547],[-42.838,-17.555],[-42.88,-17.496],[-42.86,-17.479],[-42.884,-17.449],[-42.869,-17.401],[-42.744,-17.353],[-42.726,-17.329],[-42.679,-17.405],[-42.633,-17.422],[-42.599,-17.501]]]}},{"type":"Feature","properties":{"codarea":"3171105"},"geometry":{"type":"Polygon","coordinates":[[[-48.327,-19.741],[-48.346,-19.784],[-48.345,-19.824],[-48.388,-19.796],[-48.455,-19.777],[-48.448,-19.707],[-48.473,-19.679],[-48.462,-19.65],[-48.489,-19.63],[-48.484,-19.604],[-48.546,-19.543],[-48.515,-19.52],[-48.495,-19.529],[-48.444,-19.516],[-48.409,-19.483],[-48.417,-19.46],[-48.399,-19.41],[-48.355,-19.412],[-48.306,-19.448],[-48.272,-19.439],[-48.249,-19.474],[-48.221,-19.49],[-48.147,-19.579],[-48.168,-19.601],[-48.169,-19.646],[-48.184,-19.695],[-48.214,-19.695],[-48.327,-19.741]]]}},{"type":"Feature","properties":{"codarea":"3171154"},"geometry":{"type":"Polygon","coordinates":[[[-42.197,-20.003],[-42.21,-20.089],[-42.284,-20.078],[-42.324,-20.053],[-42.311,-20.008],[-42.264,-20.0],[-42.25,-19.983],[-42.197,-20.003]]]}},{"type":"Feature","properties":{"codarea":"3171204"},"geometry":{"type":"Polygon","coordinates":[[[-43.946,-19.777],[-43.975,-19.782],[-44.006,-19.737],[-44.007,-19.722],[-43.977,-19.731],[-43.938,-19.7],[-43.957,-19.67],[-43.898,-19.699],[-43.887,-19.723],[-43.946,-19.777]]]}},{"type":"Feature","properties":{"codarea":"3171303"},"geometry":{"type":"Polygon","coordinates":[[[-42.997,-20.756],[-43.002,-20.708],[-42.967,-20.678],[-42.93,-20.661],[-42.911,-20.69],[-42.883,-20.695],[-42.846,-20.674],[-42.782,-20.673],[-42.793,-20.704],[-42.754,-20.745],[-42.792,-20.761],[-42.826,-20.756],[-42.83,-20.809],[-42.845,-20.836],[-42.886,-20.825],[-42.997,-20.756]]]}},{"type":"Feature","properties":{"codarea":"3171402"},"geometry":{"type":"Polygon","coordinates":[[[-42.299,-21.0],[-42.348,-20.959],[-42.323,-20.904],[-42.267,-20.861],[-42.26,-20.842],[-42.21,-20.822],[-42.21,-20.854],[-42.233,-20.89],[-42.26,-20.905],[-42.274,-20.964],[-42.299,-21.0]]]}},{"type":"Feature","properties":{"codarea":"3171501"},"geometry":{"type":"Polygon","coordinates":[[[-41.829,-18.661],[-42.018,-18.642],[-41.998,-18.611],[-42.008,-18.552],[-41.972,-18.534],[-41.935,-18.58],[-41.886,-18.573],[-41.841,-18.606],[-41.82,-18.639],[-41.829,-18.661]]]}},{"type":"Feature","properties":{"codarea":"3171600"},"geometry":{"type":"Polygon","coordinates":[[[-42.174,-16.767],[-42.14,-16.785],[-42.142,-16.816],[-42.192,-16.852],[-42.187,-16.865],[-42.215,-16.883],[-42.274,-16.863],[-42.337,-16.861],[-42.351,-16.892],[-42.391,-16.914],[-42.423,-16.858],[-42.418,-16.808],[-42.4,-16.77],[-42.466,-16.776],[-42.484,-16.73],[-42.469,-16.673],[-42.425,-16.625],[-42.425,-16.59],[-42.464,-16.525],[-42.468,-16.488],[-42.447,-16.496],[-42.378,-16.474],[-42.371,-16.505],[-42.322,-16.515],[-42.289,-16.553],[-42.31,-16.601],[-42.31,-16.659],[-42.292,-16.667],[-42.255,-16.734],[-42.215,-16.714],[-42.209,-16.764],[-42.174,-16.767]]]}},{"type":"Feature","properties":{"codarea":"3171709"},"geometry":{"type":"Polygon","coordinates":[[[-45.015,-22.276],[-45.015,-22.34],[-45.057,-22.374],[-45.048,-22.415],[-45.098,-22.459],[-45.161,-22.432],[-45.17,-22.401],[-45.223,-22.37],[-45.199,-22.312],[-45.163,-22.272],[-45.083,-22.232],[-45.015,-22.276]]]}},{"type":"Feature","properties":{"codarea":"3171808"},"geometry":{"type":"Polygon","coordinates":[[[-42.718,-18.655],[-42.686,-18.667],[-42.633,-18.664],[-42.621,-18.703],[-42.574,-18.704],[-42.535,-18.725],[-42.557,-18.726],[-42.64,-18.771],[-42.623,-18.871],[-42.606,-18.876],[-42.575,-18.837],[-42.544,-18.87],[-42.568,-18.914],[-42.556,-18.937],[-42.6,-18.926],[-42.63,-18.906],[-42.7,-18.888],[-42.735,-18.893],[-42.763,-18.844],[-42.76,-18.803],[-42.777,-18.708],[-42.72,-18.688],[-42.718,-18.655]]]}},{"type":"Feature","properties":{"codarea":"3171907"},"geometry":{"type":"Polygon","coordinates":[[[-42.371,-18.519],[-42.409,-18.482],[-42.385,-18.373],[-42.339,-18.356],[-42.285,-18.385],[-42.213,-18.383],[-42.203,-18.411],[-42.268,-18.43],[-42.277,-18.488],[-42.235,-18.51],[-42.231,-18.536],[-42.279,-18.564],[-42.286,-18.538],[-42.344,-18.513],[-42.371,-18.519]]]}},{"type":"Feature","properties":{"codarea":"3172004"},"geometry":{"type":"Polygon","coordinates":[[[-42.923,-21.014],[-42.943,-20.985],[-42.933,-20.947],[-42.915,-20.936],[-42.848,-20.951],[-42.813,-20.936],[-42.758,-20.966],[-42.764,-21.063],[-42.79,-21.096],[-42.846,-21.107],[-42.869,-21.055],[-42.923,-21.014]]]}},{"type":"Feature","properties":{"codarea":"3172103"},"geometry":{"type":"Polygon","coordinates":[[[-42.623,-21.702],[-42.559,-21.681],[-42.527,-21.703],[-42.482,-21.716],[-42.463,-21.786],[-42.606,-21.846],[-42.603,-21.818],[-42.64,-21.761],[-42.623,-21.702]]]}},{"type":"Feature","properties":{"codarea":"3172202"},"geometry":{"type":"Polygon","coordinates":[[[-45.359,-22.467],[-45.337,-22.519],[-45.373,-22.556],[-45.395,-22.615],[-45.42,-22.621],[-45.48,-22.59],[-45.43,-22.54],[-45.393,-22.524],[-45.392,-22.5],[-45.359,-22.467]]]}}]}